{
"type": "FeatureCollection",
"name": "humedales_boundary_area",
"crs": { "type": "name", "properties": { "name": "urn:ogc:def:crs:EPSG::3116" } },
"features": [
{ "type": "Feature", "properties": { "nombre": "Humedal de Capellania o Cofradia", "id": 0, "cobertura": "Arbustales", "periodo": 2014, "fechaini": "2000-01-01T00:00:00", "fechafin": "2020-01-01T00:00:00", "Shape_Leng": 0.00015286422621600001, "Shape_Area": 9.1208844447399999e-10, "geometry_valid": true, "area_m2": 896945.56088809017, "area_ha": 89.694556088809023 }, "geometry": { "type": "Polygon", "coordinates": [ [ [ 993574.787939785048366, 1008097.331431441474706 ], [ 993565.399038042873144, 1008100.180567723000422 ], [ 993557.909526582574472, 1008102.948160310043022 ], [ 993527.922715218970552, 1008114.946320688119158 ], [ 993526.229526090319268, 1008115.635827314574271 ], [ 993517.292748479289003, 1008119.686070312163793 ], [ 993508.639947097515687, 1008124.312089619459584 ], [ 993500.308289557229728, 1008129.494419666472822 ], [ 993492.333278866834007, 1008135.210277580656111 ], [ 993484.749308358179405, 1008141.435442981193773 ], [ 993481.6990195219405, 1008144.292796790366992 ], [ 993477.588663053466007, 1008148.143484045169316 ], [ 993475.798271903768182, 1008150.055369953741319 ], [ 993470.882074388791807, 1008155.305425676284358 ], [ 993468.650049468618818, 1008158.025700877420604 ], [ 993464.658276483416557, 1008162.8907448167447 ], [ 993464.241809654049575, 1008163.471997066750191 ], [ 993458.944006103440188, 1008170.866817505098879 ], [ 993455.675787984626368, 1008176.123481689835899 ], [ 993453.763447947800159, 1008179.199471862986684 ], [ 993451.044985515880398, 1008184.286457844893448 ], [ 993449.139011320308782, 1008187.853098604013212 ], [ 993445.090553477872163, 1008196.790872245561332 ], [ 993441.635268641053699, 1008205.974087672424503 ], [ 993438.787910009035841, 1008215.363597631920129 ], [ 993436.560789734125137, 1008224.919370461255312 ], [ 993434.963446046458557, 1008234.600268901092932 ], [ 993434.002754280110821, 1008244.364824200631119 ], [ 993433.682594031910412, 1008254.1714572890196 ], [ 993433.805511211161502, 1008257.914969184435904 ], [ 993434.004625801346265, 1008263.978036381187849 ], [ 993434.967292463872582, 1008273.74242999823764 ], [ 993436.566596019431017, 1008283.423059770721011 ], [ 993438.795542733510956, 1008292.97834760916885 ], [ 993441.64469801064115, 1008302.367379114031792 ], [ 993445.101853529224172, 1008311.550014233449474 ], [ 993446.480483527644537, 1008314.770590478670783 ], [ 993452.296815697220154, 1008327.930430482840165 ], [ 993451.101319161942229, 1008330.736651999177411 ], [ 993447.645928810350597, 1008339.919978126185015 ], [ 993444.798685501911677, 1008349.309488239465281 ], [ 993442.571568525396287, 1008358.865261259605177 ], [ 993442.289004202699289, 1008360.552982926601544 ], [ 993441.066370497690514, 1008367.858444590703584 ], [ 993440.418143937014975, 1008372.614728631451726 ], [ 993437.827380008879118, 1008391.62790254119318 ], [ 993436.953914790530689, 1008398.037863730918616 ], [ 993435.694941643159837, 1008407.277292024460621 ], [ 993435.590296072070487, 1008408.045359978685156 ], [ 993435.515310131944716, 1008408.595662192790769 ], [ 993435.073106195661239, 1008411.841382942860946 ], [ 993434.980962872039527, 1008412.529208884225227 ], [ 993434.901921601500362, 1008413.332481026183814 ], [ 993434.704280941048637, 1008415.341095492127351 ], [ 993434.024602627963759, 1008422.248641045996919 ], [ 993434.024596913135611, 1008422.248646959080361 ], [ 993434.020162622677162, 1008422.293764667818323 ], [ 993433.700114339124411, 1008432.100398204638623 ], [ 993433.800116751110181, 1008435.149016772164032 ], [ 993434.022145660943352, 1008441.906977743143216 ], [ 993434.984810418449342, 1008451.671371779404581 ], [ 993436.58399965276476, 1008461.352001958526671 ], [ 993438.812941572396085, 1008470.907400744967163 ], [ 993441.662201567203738, 1008480.296322014415637 ], [ 993445.119238521088846, 1008489.478957458282821 ], [ 993449.169514200999402, 1008498.415720133925788 ], [ 993453.795605800230987, 1008507.068571484531276 ], [ 993458.977760597015731, 1008515.400247222161852 ], [ 993464.693674159352668, 1008523.375142018892802 ], [ 993468.462439989903942, 1008528.086381164379418 ], [ 993490.177128913695924, 1008554.138722069561481 ], [ 993496.1592995475512, 1008564.518527900567278 ], [ 993496.224326747702435, 1008564.631315821432509 ], [ 993501.406473240349442, 1008572.962994395522401 ], [ 993507.122378292377107, 1008580.938002891489305 ], [ 993513.347629568073899, 1008588.522063128999434 ], [ 993513.419200280332007, 1008588.60355589503888 ], [ 993551.498347978689708, 1008631.952408967888914 ], [ 993558.134736438980326, 1008639.03152271034196 ], [ 993565.296671448391862, 1008645.738265050458722 ], [ 993572.881957292906009, 1008651.961952269542962 ], [ 993580.857972032972611, 1008657.676268722978421 ], [ 993589.190651550306939, 1008662.85677877208218 ], [ 993597.844378608511761, 1008667.481258533080108 ], [ 993601.010621346533298, 1008668.996410440886393 ], [ 993618.124576135072857, 1008676.941520432941616 ], [ 993623.895936500281096, 1008679.474807110847905 ], [ 993625.853517689392902, 1008680.211563615244813 ], [ 993633.079247613204643, 1008682.930177656933665 ], [ 993641.683545050094835, 1008685.564969624276273 ], [ 993648.240048960899003, 1008687.359176543075591 ], [ 993649.488394308369607, 1008687.700772373354994 ], [ 993649.576277493499219, 1008687.816765427705832 ], [ 993650.105906457873061, 1008688.511064852471463 ], [ 993656.331135235144757, 1008696.095025844871998 ], [ 993663.039190086303279, 1008703.255641332129017 ], [ 993670.201110110734589, 1008709.962172070052475 ], [ 993677.786381295067258, 1008716.186090574599802 ], [ 993685.762492665089667, 1008721.900417665252462 ], [ 993694.095158261014149, 1008727.080828256672248 ], [ 993702.748871877905913, 1008731.705319569096901 ], [ 993711.686463224934414, 1008735.753768828348257 ], [ 993716.455870365491137, 1008737.633936948608607 ], [ 993724.752860940643586, 1008740.741831310209818 ], [ 993729.166753954486921, 1008742.317044454277493 ], [ 993733.146907340735197, 1008743.524055622518063 ], [ 993735.653809184674174, 1008744.284214044222608 ], [ 993735.89779705402907, 1008744.358198376372457 ], [ 993737.51528973702807, 1008744.848694748943672 ], [ 993738.55626311339438, 1008745.164321942138486 ], [ 993742.867486005532555, 1008746.249114236445166 ], [ 993742.976997450692579, 1008746.276640293886885 ], [ 993753.740532368887216, 1008751.920310157351196 ], [ 993752.447086219443008, 1008757.80557220778428 ], [ 993750.849715164629743, 1008767.486465159337968 ], [ 993750.431878869305365, 1008771.732062134891748 ], [ 993749.888991308049299, 1008777.251017500995658 ], [ 993749.87392056081444, 1008777.483903786400333 ], [ 993748.694666269933805, 1008779.490724552306347 ], [ 993744.070233579259366, 1008788.144556342158467 ], [ 993740.021774132968858, 1008797.082094868877903 ], [ 993737.945093560032547, 1008802.601284089148976 ], [ 993736.566482227062806, 1008806.265409134794027 ], [ 993733.719111050479114, 1008815.654909620527178 ], [ 993731.492083783028647, 1008825.210785838309675 ], [ 993729.894716792856343, 1008834.89156885468401 ], [ 993728.933996496489272, 1008844.656121665844694 ], [ 993728.613913554931059, 1008854.462754621519707 ], [ 993728.93590670300182, 1008864.269335962715559 ], [ 993729.898529950645752, 1008874.033734178403392 ], [ 993731.497785449028015, 1008883.714260306674987 ], [ 993733.726790674263611, 1008893.269667953485623 ], [ 993735.856068023480475, 1008900.286680511781015 ], [ 993736.575889304513112, 1008902.658710976014845 ], [ 993740.033095172606409, 1008911.841249230084941 ], [ 993744.083315546042286, 1008920.77802750247065 ], [ 993748.709460686892271, 1008929.430785976583138 ], [ 993753.891556249582209, 1008937.762592060025781 ], [ 993759.60751993174199, 1008945.737508574617095 ], [ 993765.832717727986164, 1008953.321589019033127 ], [ 993769.32666018139571, 1008957.168115732260048 ], [ 993776.294883067137562, 1008964.577860847464763 ], [ 993776.829148188699037, 1008969.181224311352707 ], [ 993778.428396042203531, 1008978.861751545453444 ], [ 993780.657392911147326, 1008988.417050085845403 ], [ 993783.506593472906388, 1008997.80598434782587 ], [ 993786.963678772677667, 1009006.988745967159048 ], [ 993791.013888926594518, 1009015.92552677297499 ], [ 993795.640023307292722, 1009024.578288113349117 ], [ 993799.42793839413207, 1009030.668385189143009 ], [ 993800.822218548040837, 1009032.909876214922406 ], [ 993801.448274829657748, 1009033.785080697620288 ], [ 993804.451604992384091, 1009037.982028083293699 ], [ 993806.397025992278941, 1009040.700799464480951 ], [ 993809.09630489978008, 1009044.229136951733381 ], [ 993809.237338482751511, 1009044.413244306109846 ], [ 993815.462634589639492, 1009051.997328739264049 ], [ 993822.170644433354028, 1009059.157847446273081 ], [ 993829.332518290961161, 1009065.864503436721861 ], [ 993836.917853241320699, 1009072.088216252624989 ], [ 993844.893916670349427, 1009077.802670147852041 ], [ 993852.912082815077156, 1009082.787613964173943 ], [ 993853.226533732726239, 1009082.983097636490129 ], [ 993861.880309394211508, 1009087.607495852280408 ], [ 993870.817962642177008, 1009091.655963133671321 ], [ 993880.001214128104039, 1009095.111251824651845 ], [ 993889.390675239032134, 1009097.958657743758522 ], [ 993898.946513743489049, 1009100.185688344645314 ], [ 993899.7312829507282, 1009100.339556663064286 ], [ 993903.556593893794343, 1009103.811965501401573 ], [ 993911.141919184476137, 1009110.035796075011604 ], [ 993919.117973221116699, 1009115.750146931270137 ], [ 993927.450692187645473, 1009120.93069286562968 ], [ 993936.1043482106179, 1009125.555099281365983 ], [ 993945.041993166902103, 1009129.603575011366047 ], [ 993954.225236814585514, 1009133.058872397174127 ], [ 993963.614801494404674, 1009135.906176605494693 ], [ 993973.170633130823262, 1009138.1332162496401 ], [ 993978.341468010796234, 1009139.067342606489547 ], [ 993984.668974753585644, 1009140.096369717502967 ], [ 993989.179074989049695, 1009140.759512012358755 ], [ 993998.943728566751815, 1009141.720267488854006 ], [ 993999.395744257606566, 1009141.735050633666106 ], [ 994002.883143310784362, 1009141.848892389098182 ], [ 994005.235334261087701, 1009141.925686423201114 ], [ 994008.750272139208391, 1009142.040421103592962 ], [ 994018.556877273716964, 1009141.718317357823253 ], [ 994028.32127198879607, 1009140.755618208437227 ], [ 994038.001850201399066, 1009139.156418362515979 ], [ 994045.078186692204326, 1009137.569250916363671 ], [ 994054.204291283618659, 1009135.289354434236884 ], [ 994056.683332648826763, 1009134.647570245084353 ], [ 994066.072237613843754, 1009131.798380464198999 ], [ 994075.254839012748562, 1009128.341229259618558 ], [ 994084.191750529105775, 1009124.290937495417893 ], [ 994092.844473623787053, 1009119.664869336178526 ], [ 994097.071177568868734, 1009117.036021805251949 ], [ 994100.993668249575421, 1009114.596292259637266 ], [ 994101.176174180000089, 1009114.482711028773338 ], [ 994108.033803515601903, 1009109.615933511871845 ], [ 994140.022409281111322, 1009085.537782397354022 ], [ 994156.790726471925154, 1009072.915832978673279 ], [ 994157.908051743870601, 1009072.066592275397852 ], [ 994165.492094757733867, 1009065.841379795921966 ], [ 994172.652713261428289, 1009059.133399988757446 ], [ 994179.359286931226961, 1009051.971516861463897 ], [ 994185.583081669406965, 1009044.386252985219471 ], [ 994191.297360631637275, 1009036.410121269291267 ], [ 994195.58312041440513, 1009029.606704781996086 ], [ 994214.808557637152262, 1008997.190570460632443 ], [ 994216.93091390747577, 1008996.78468870150391 ], [ 994224.898427557665855, 1008995.201673825271428 ], [ 994228.805851158802398, 1008994.425322036026046 ], [ 994277.585633156006224, 1008984.733109922613949 ], [ 994285.603802405181341, 1008985.47452499368228 ], [ 994295.410474983160384, 1008985.794604281429201 ], [ 994305.216989606851712, 1008985.472536851651967 ], [ 994314.981407052720897, 1008984.509873918374069 ], [ 994318.959628567798063, 1008983.865556063246913 ], [ 994323.738132167141885, 1008983.091467792866752 ], [ 994329.916381288785487, 1009003.456850656541064 ], [ 994335.923610446043313, 1009023.258169224136509 ], [ 994337.428226979915053, 1009027.939536398625933 ], [ 994340.885356381419115, 1009037.122100716922432 ], [ 994343.76257071562577, 1009043.625976044568233 ], [ 994346.581830427283421, 1009049.611006330233067 ], [ 994365.109524887870066, 1009088.942250532563776 ], [ 994378.68591750995256, 1009117.762954453006387 ], [ 994379.858956731972285, 1009120.195888570742682 ], [ 994384.485019286279567, 1009128.848684277385473 ], [ 994387.984719240921549, 1009134.606200523790903 ], [ 994393.439477148815058, 1009143.141979153151624 ], [ 994394.278903995174915, 1009144.455702542327344 ], [ 994399.035354983992875, 1009151.898725873674266 ], [ 994423.116087895818055, 1009189.580922721885145 ], [ 994424.798510646214709, 1009192.154923344380222 ], [ 994430.514497712487355, 1009200.129888579365797 ], [ 994436.739720522426069, 1009207.713911536615342 ], [ 994443.447770392056555, 1009214.874483200139366 ], [ 994443.478727909969166, 1009214.905443870346062 ], [ 994454.698440246167593, 1009226.116524065262638 ], [ 994460.583583953673951, 1009231.997061905334704 ], [ 994467.714539923821576, 1009238.672594215837307 ], [ 994475.299806524883024, 1009244.896368680754676 ], [ 994483.275804843520746, 1009250.610666281310841 ], [ 994491.608582254382782, 1009255.791161553002894 ], [ 994500.262189206667244, 1009260.415630238945596 ], [ 994509.199899688130245, 1009264.464170309831388 ], [ 994516.249131703516468, 1009267.177459576982073 ], [ 994538.261887605884112, 1009275.019142242963426 ], [ 994539.56059966806788, 1009275.481725087040104 ], [ 994541.694680216256529, 1009276.223910563974641 ], [ 994541.787215186981484, 1009276.251991833792999 ], [ 994551.084205439896323, 1009279.071174656623043 ], [ 994560.640001972788014, 1009281.298286045785062 ], [ 994570.320906591950916, 1009282.895516467979178 ], [ 994580.085423454409465, 1009283.856344543397427 ], [ 994589.892056889482774, 1009284.176460495451465 ], [ 994599.698645722819492, 1009283.854429699596949 ], [ 994609.463028975529596, 1009282.891692647128366 ], [ 994619.143600621027872, 1009281.292454290552996 ], [ 994628.698976697167382, 1009279.063573529943824 ], [ 994638.087995304376818, 1009276.214342021383345 ], [ 994647.270493296906352, 1009272.757258193916641 ], [ 994649.14694657351356, 1009271.906866549630649 ], [ 994653.088574774796143, 1009270.120590792736039 ], [ 994656.207417183439247, 1009268.707032018806785 ], [ 994664.860157410614192, 1009264.080916817765683 ], [ 994673.191768830176443, 1009258.898709148867056 ], [ 994681.166748822084628, 1009253.182859411579557 ], [ 994688.750815286650322, 1009246.95758724398911 ], [ 994695.502302365610376, 1009240.65728753071744 ], [ 994716.341915344935842, 1009219.973443518625572 ], [ 994716.751074695494026, 1009219.565701029030606 ], [ 994723.457683888613246, 1009212.403864815598354 ], [ 994729.681407177937217, 1009204.818533933488652 ], [ 994735.395729462034069, 1009196.842552831280045 ], [ 994740.576243752148002, 1009188.5098716217326 ], [ 994745.200651202118024, 1009179.856099018943496 ], [ 994746.363355355686508, 1009177.289308710140176 ], [ 994754.108721747761592, 1009175.482545383274555 ], [ 994763.49764636287, 1009172.633439824800007 ], [ 994772.680272964295, 1009169.176260461797938 ], [ 994781.61710420739837, 1009165.126048973412253 ], [ 994790.269863302819431, 1009160.499948014621623 ], [ 994798.601494071655907, 1009155.317754090414383 ], [ 994806.576493804925121, 1009149.601917541353032 ], [ 994814.160580328432843, 1009143.376547362538986 ], [ 994821.321135878097266, 1009136.668516968260519 ], [ 994828.027761803939939, 1009129.506690069916658 ], [ 994834.251501895836554, 1009121.921478450763971 ], [ 994838.510526445461437, 1009116.083809474483132 ], [ 994860.985898075858131, 1009083.664873402100056 ], [ 994861.123821138986386, 1009083.46593533072155 ], [ 994862.035130469826981, 1009082.15147701324895 ], [ 994882.886528954491951, 1009052.074979648343287 ], [ 994884.341845899354666, 1009049.936565830139443 ], [ 994887.196429050411098, 1009045.34513703675475 ], [ 994888.199847494717687, 1009043.731087186723016 ], [ 994889.091607959591784, 1009042.296717674820684 ], [ 994889.522274982999079, 1009041.603895107284188 ], [ 994894.146707764244638, 1009032.950131922378205 ], [ 994896.747582393581979, 1009027.208449320169166 ], [ 994898.195175342727453, 1009024.012543523567729 ], [ 994899.044248156598769, 1009021.756179018062539 ], [ 994901.65059356787242, 1009014.829281617188826 ], [ 994904.4978754715994, 1009005.439714198932052 ], [ 994906.724929797230288, 1008995.883872570237145 ], [ 994908.322217207518406, 1008986.203004263225012 ], [ 994909.282972157001495, 1008976.438467236235738 ], [ 994909.603091927594505, 1008966.631840449757874 ], [ 994909.281136657227762, 1008956.825255614472553 ], [ 994908.318440278526396, 1008947.060844274586998 ], [ 994906.719221423496492, 1008937.380295473849401 ], [ 994904.490250585251488, 1008927.824966361862607 ], [ 994901.641072061727755, 1008918.435992754180916 ], [ 994898.183892897097394, 1008909.25340448145289 ], [ 994894.133693936164491, 1008900.316567734116688 ], [ 994889.507564028957859, 1008891.663853324716911 ], [ 994884.325476696365513, 1008883.332083746790886 ], [ 994884.216956289252266, 1008883.180593946715817 ], [ 994878.609513518982567, 1008875.357086123665795 ], [ 994872.384307863656431, 1008867.7731392767746 ], [ 994865.676268250215799, 1008860.612531438469887 ], [ 994858.514354988816194, 1008853.90589195326902 ], [ 994850.929081649752334, 1008847.682080746744759 ], [ 994842.952958801062778, 1008841.967745985835791 ], [ 994837.72149321786128, 1008838.715331659768708 ], [ 994834.620272136293352, 1008836.787324058241211 ], [ 994829.961470974725671, 1008834.207319593639113 ], [ 994767.733121850411408, 1008801.176627057837322 ], [ 994763.738175228005275, 1008799.132239707396366 ], [ 994754.800536120077595, 1008795.083670507301576 ], [ 994748.940366568625905, 1008792.799778860528022 ], [ 994682.704978905036114, 1008768.573053428786807 ], [ 994682.510959624894895, 1008767.459177268552594 ], [ 994681.950212873285636, 1008764.241067091119476 ], [ 994681.291918514762074, 1008760.713113666046411 ], [ 994679.062915150425397, 1008751.157680523931049 ], [ 994676.213703169021755, 1008741.768825822975487 ], [ 994672.756600687862374, 1008732.586137028294615 ], [ 994672.259456458152272, 1008731.400514087057672 ], [ 994655.112332989578135, 1008690.998344144434668 ], [ 994653.019905753899366, 1008686.294453013688326 ], [ 994630.204200588166714, 1008637.286325816297904 ], [ 994628.743532859254628, 1008634.239016175502911 ], [ 994624.117468801443465, 1008625.586096475482918 ], [ 994618.935224607936107, 1008617.254455224378034 ], [ 994613.219325830927119, 1008609.279587698401883 ], [ 994611.133145629544742, 1008606.738011655746959 ], [ 994606.994073174195364, 1008601.695551496115513 ], [ 994600.286097272415645, 1008594.534855905687436 ], [ 994593.124247701140121, 1008587.828240761067718 ], [ 994585.538927265210077, 1008581.604565891670063 ], [ 994577.562868644716218, 1008575.890258171712048 ], [ 994569.230135810212232, 1008570.709753906470723 ], [ 994561.657498364569619, 1008566.623735084664077 ], [ 994551.955971301533282, 1008561.743004452669993 ], [ 994546.469652684172615, 1008558.982937055639923 ], [ 994538.863301692181267, 1008555.156458015553653 ], [ 994500.708818243001588, 1008535.961935627972707 ], [ 994499.627775956061669, 1008535.423589586513117 ], [ 994490.690203703939915, 1008531.375050465459935 ], [ 994481.506913981284015, 1008527.919689919566736 ], [ 994472.117406905861571, 1008525.072323177359067 ], [ 994462.561515277600847, 1008522.845222063362598 ], [ 994452.983367732376792, 1008521.264805414248258 ], [ 994452.880625062156469, 1008521.248004303430207 ], [ 994443.116122006205842, 1008520.287191311945207 ], [ 994433.309502676595002, 1008519.967092852108181 ], [ 994423.502929145586677, 1008520.289143494563177 ], [ 994413.738452327204868, 1008521.251792079419829 ], [ 994404.057901039952412, 1008522.85105466353707 ], [ 994394.502549139666371, 1008525.079961599549279 ], [ 994385.11355931754224, 1008527.929110437515192 ], [ 994384.598534497315995, 1008528.12299720372539 ], [ 994375.930984546546824, 1008531.38633425149601 ], [ 994366.994211854529567, 1008535.436591020203196 ], [ 994358.341407620464452, 1008540.06262715975754 ], [ 994351.856667555985041, 1008544.02999332617037 ], [ 994333.852906949119642, 1008555.681964569259435 ], [ 994319.195854745339602, 1008560.569303615367971 ], [ 994278.638473373721354, 1008561.587296568439342 ], [ 994275.957694071927108, 1008554.566219200962223 ], [ 994271.907405480043963, 1008545.629414643975906 ], [ 994267.281296478933655, 1008536.976626400370151 ], [ 994262.099230037769303, 1008528.644897973048501 ], [ 994256.38328810618259, 1008520.670056310365908 ], [ 994250.157993475906551, 1008513.085937723866664 ], [ 994243.449976970558055, 1008505.925383122288622 ], [ 994242.026914680027403, 1008504.521432382287458 ], [ 994204.038437385694124, 1008467.539976912550628 ], [ 994203.295784678077325, 1008466.853762097423896 ], [ 994198.299605722422712, 1008462.237347782705911 ], [ 994190.714352216338739, 1008456.013489855104126 ], [ 994189.48430431552697, 1008455.132237220183015 ], [ 994187.559374221251346, 1008453.753103274852037 ], [ 994182.738251488190144, 1008450.299111646134406 ], [ 994175.335408034035936, 1008445.659766660886817 ], [ 994170.091585144749843, 1008442.58255918242503 ], [ 994157.463690107921138, 1008435.172208051313646 ], [ 994136.200449889758602, 1008404.878400453133509 ], [ 994132.420923725585453, 1008399.730553907924332 ], [ 994126.195607421919703, 1008392.146445202990435 ], [ 994119.487680103280582, 1008384.985901227337308 ], [ 994112.325769682531245, 1008378.27921933226753 ], [ 994104.740501144202426, 1008372.055480306386016 ], [ 994100.646145560778677, 1008369.122057429281995 ], [ 994096.764385524904355, 1008366.34122141986154 ], [ 994089.077702773502097, 1008361.56224136124365 ], [ 994088.431708928314038, 1008361.16065758606419 ], [ 994079.777977852150798, 1008356.53623430931475 ], [ 994071.64445873699151, 1008352.823407920775935 ], [ 994070.213937688502483, 1008351.168329847510904 ], [ 994068.598010185989551, 1008349.443267684662715 ], [ 994063.506001691799611, 1008344.007680079201236 ], [ 994059.653903070022352, 1008340.291543717263266 ], [ 994058.244266644818708, 1008338.979267514194362 ], [ 994056.358128363499418, 1008337.223611802211963 ], [ 994054.386407534708269, 1008335.388199738576077 ], [ 994050.286655119271018, 1008331.571895688190125 ], [ 994048.303209719015285, 1008329.725677957292646 ], [ 994046.253589315922, 1008327.817733671399765 ], [ 994035.196859802119434, 1008317.525523536140099 ], [ 994034.155388209735975, 1008316.55613345396705 ], [ 994031.124068825040013, 1008313.734431050252169 ], [ 994001.671803040197119, 1008286.318732827319764 ], [ 993998.361867189756595, 1008283.328305440954864 ], [ 993991.243051323806867, 1008277.46393201709725 ], [ 993956.848450034623966, 1008250.861959520610981 ], [ 993936.474967452464625, 1008221.181202297098935 ], [ 993936.46276397339534, 1008221.163429517648183 ], [ 993935.582143774488941, 1008219.880499237100594 ], [ 993935.15592754795216, 1008219.259726748336107 ], [ 993930.48322354501579, 1008212.825009667081758 ], [ 993924.257983686751686, 1008205.240917025017552 ], [ 993917.549910830450244, 1008198.080390356015414 ], [ 993910.387965893489309, 1008191.37383749242872 ], [ 993902.802773979841731, 1008185.149896821589209 ], [ 993894.826624396024272, 1008179.435658449889161 ], [ 993886.494025299092755, 1008174.255116024520248 ], [ 993877.840261410106905, 1008169.630714975763112 ], [ 993868.902614431222901, 1008165.582246596575715 ], [ 993859.719364458578639, 1008162.126958729582839 ], [ 993850.329900944023393, 1008159.279555713641457 ], [ 993840.774056997732259, 1008157.052530218847096 ], [ 993831.093107873923145, 1008155.455167904496193 ], [ 993821.328550560283475, 1008154.494321603095159 ], [ 993811.521992805763148, 1008154.174300741171464 ], [ 993806.073236744268797, 1008154.273813967010938 ], [ 993785.955396561999805, 1008155.007352626882493 ], [ 993728.445342808729038, 1008129.275389305665158 ], [ 993723.096543277031742, 1008126.882193923695013 ], [ 993719.918004353181459, 1008125.460011126240715 ], [ 993714.394017263548449, 1008122.98829679354094 ], [ 993713.578949058777653, 1008122.623547951341607 ], [ 993702.531381158856675, 1008117.68053763883654 ], [ 993675.843524535070173, 1008105.739554505445994 ], [ 993674.847578599350527, 1008105.29399095789995 ], [ 993670.975644177291542, 1008103.626401048037224 ], [ 993661.792377911158837, 1008100.171136320335791 ], [ 993652.402788516366854, 1008097.323756981524639 ], [ 993642.847042018547654, 1008095.096644994104281 ], [ 993633.16608089057263, 1008093.499417682294734 ], [ 993623.401513102813624, 1008092.538596022990532 ], [ 993613.594835488125682, 1008092.218489341088571 ], [ 993605.441176912630908, 1008092.486211368232034 ], [ 993603.788321332540363, 1008092.540531758102588 ], [ 993600.953950567985885, 1008092.81998273381032 ], [ 993594.023910811403766, 1008093.50328226480633 ], [ 993587.991281030117534, 1008094.499786658212543 ], [ 993584.343321963795461, 1008095.102424743468873 ], [ 993574.787939785048366, 1008097.331431441474706 ] ], [ [ 993737.515303728054278, 1008744.84867422375828 ], [ 993737.515303728054278, 1008744.848674223874696 ], [ 993737.51528973702807, 1008744.848694748943672 ], [ 993737.515303728054278, 1008744.84867422375828 ] ], [ [ 993750.431987285846844, 1008771.73214451293461 ], [ 993750.431987285846844, 1008771.732144513400272 ], [ 993750.431878869305365, 1008771.732062134891748 ], [ 993750.431987285846844, 1008771.73214451293461 ] ], [ [ 994887.196390827186406, 1009045.345116709941067 ], [ 994887.196390827186406, 1009045.345116709591821 ], [ 994887.196429050411098, 1009045.34513703675475 ], [ 994887.196390827186406, 1009045.345116709941067 ] ], [ [ 994682.510907520423643, 1008767.459178956691176 ], [ 994682.510907520423643, 1008767.459178956691176 ], [ 994682.510959624894895, 1008767.459177268552594 ], [ 994682.510907520423643, 1008767.459178956691176 ] ], [ [ 994551.955899038934149, 1008561.743091492331587 ], [ 994551.955899038934149, 1008561.743091492098756 ], [ 994551.955971301533282, 1008561.743004452669993 ], [ 994551.955899038934149, 1008561.743091492331587 ] ], [ [ 994452.983260246226564, 1008521.26493773330003 ], [ 994452.983260246226564, 1008521.264937733183615 ], [ 994452.983367732376792, 1008521.264805414248258 ], [ 994452.983260246226564, 1008521.26493773330003 ] ], [ [ 994384.5985506902216, 1008528.123010274488479 ], [ 994384.5985506902216, 1008528.123010274604894 ], [ 994384.598534497315995, 1008528.12299720372539 ], [ 994384.5985506902216, 1008528.123010274488479 ] ], [ [ 994203.295781532302499, 1008466.853769481531344 ], [ 994203.295781532302499, 1008466.853769481414929 ], [ 994203.295784678077325, 1008466.853762097423896 ], [ 994203.295781532302499, 1008466.853769481531344 ] ], [ [ 994100.646099650766701, 1008369.122163779335096 ], [ 994100.646099650766701, 1008369.122163778985851 ], [ 994100.646145560778677, 1008369.122057429281995 ], [ 994100.646099650766701, 1008369.122163779335096 ] ], [ [ 994050.286599241313525, 1008331.571969585143961 ], [ 994050.286599241313525, 1008331.571969584794715 ], [ 994050.286655119271018, 1008331.571895688190125 ], [ 994050.286599241313525, 1008331.571969585143961 ] ] ] } },
{ "type": "Feature", "properties": { "nombre": "Humedal de Cordoba y Niza", "id": 0, "cobertura": "Espejo de Agua", "periodo": 2014, "fechaini": "2000-01-01T00:00:00", "fechafin": "2020-01-01T00:00:00", "Shape_Leng": 0.0084077369414399996, "Shape_Area": 2.9094909943100001e-06, "geometry_valid": true, "area_m2": 1349439.1951762214, "area_ha": 134.94391951762213 }, "geometry": { "type": "Polygon", "coordinates": [ [ [ 999557.82797468197532, 1011737.551392965717241 ], [ 999550.16409603622742, 1011742.249391635647044 ], [ 999548.647673990228213, 1011743.179061125498265 ], [ 999539.894858303014189, 1011749.450977055705152 ], [ 999531.614904961083084, 1011756.335071630077437 ], [ 999523.850195675389841, 1011763.795626551611349 ], [ 999516.641115015489049, 1011771.794158963602968 ], [ 999510.024497188744135, 1011780.289421488530934 ], [ 999504.034735476830974, 1011789.237512819468975 ], [ 999498.702561844489537, 1011798.592651762068272 ], [ 999494.05560168181546, 1011808.306182042579167 ], [ 999490.11770809837617, 1011818.328341598622501 ], [ 999486.609957337146625, 1011828.29963093472179 ], [ 999475.411610260605812, 1011860.132982500130311 ], [ 999472.900925595895387, 1011867.270166349131614 ], [ 999463.922890471643768, 1011892.792026838171296 ], [ 999449.300290528102778, 1011934.359500103048049 ], [ 999448.542870626202784, 1011936.512642637942918 ], [ 999447.237828029319644, 1011940.301071922527626 ], [ 999444.834992879303172, 1011947.97468810621649 ], [ 999444.04684353270568, 1011950.49175543372985 ], [ 999443.165596361272037, 1011954.219322773860767 ], [ 999441.912288554478437, 1011959.520327924750745 ], [ 999441.589997428585775, 1011960.883913745405152 ], [ 999440.923013886320405, 1011964.993467953288928 ], [ 999439.879382274346426, 1011971.424688639119267 ], [ 999439.33800472994335, 1011977.451287112082355 ], [ 999438.924095041002147, 1011982.060447849100456 ], [ 999438.728461960447021, 1011992.737227422883734 ], [ 999439.294035579543561, 1012003.400842289091088 ], [ 999440.617486789822578, 1012013.9973285876913 ], [ 999442.692379981628619, 1012024.472390780108981 ], [ 999445.508063567453064, 1012034.773060332634486 ], [ 999449.0502247675322, 1012044.84703225933481 ], [ 999453.301000521867536, 1012054.643218028941192 ], [ 999458.238533733878285, 1012064.11174552643206 ], [ 999463.837971805711277, 1012073.204511998104863 ], [ 999470.070800929097459, 1012081.87540518771857 ], [ 999476.905400876188651, 1012090.080413922900334 ], [ 999477.408880913746543, 1012090.60401510715019 ], [ 999484.04798243928235, 1012097.508363276836462 ], [ 999484.307044947519898, 1012097.777738691889681 ], [ 999492.238232870702632, 1012104.928233959595673 ], [ 999500.658357908716425, 1012111.495961081818677 ], [ 999509.525038272375241, 1012117.447193047963083 ], [ 999518.792896653525531, 1012122.751741465297528 ], [ 999528.415113519178703, 1012127.382624821620993 ], [ 999538.342761418665759, 1012131.316510791075416 ], [ 999544.15771200240124, 1012133.153570976806805 ], [ 999548.525359685765579, 1012134.533384478185326 ], [ 999558.911207321332768, 1012137.016769599518739 ], [ 999569.4476048379438, 1012138.754060210892931 ], [ 999571.206111163483001, 1012138.916605634964071 ], [ 999580.08096520754043, 1012139.736631283303723 ], [ 999590.757257674704306, 1012139.959175223833881 ], [ 999601.422229603631422, 1012139.42102883302141 ], [ 999612.021850262302905, 1012138.124404007918201 ], [ 999622.502199898590334, 1012136.076267650234513 ], [ 999626.565397156518884, 1012135.159856996964663 ], [ 999674.350324756815098, 1012124.075590320513584 ], [ 999688.962767208111472, 1012120.685983720468357 ], [ 999695.848689118516631, 1012119.088721036794595 ], [ 999698.901372952386737, 1012118.380641509545967 ], [ 999732.243865401251242, 1012110.64642448653467 ], [ 999757.95251272781752, 1012104.683005015831441 ], [ 999763.873528161202557, 1012103.309540972695686 ], [ 999765.139639015891589, 1012103.015852450043894 ], [ 999823.997754880576394, 1012089.363052550936118 ], [ 999829.003893170505762, 1012088.201822398928925 ], [ 999854.935807287693024, 1012082.186564729781821 ], [ 999880.800190279609524, 1012076.187000640318729 ], [ 999892.649717528256588, 1012073.438381208921783 ], [ 999907.927976381033659, 1012069.89443769317586 ], [ 999929.803798740613274, 1012064.82003954553511 ], [ 999961.748052750597708, 1012068.178827195428312 ], [ 999971.3693608622998, 1012068.878363180789165 ], [ 999981.015853579738177, 1012068.957868495373987 ], [ 999990.647368383361027, 1012068.416790244169533 ], [ 1000000.224297492182814, 1012067.257561219390482 ], [ 1000009.706700272974558, 1012065.484936405089684 ], [ 1000019.055523655260913, 1012063.10610358370468 ], [ 1000033.66877533250954, 1012058.882991612190381 ], [ 1000039.328505535144359, 1012059.647335317684337 ], [ 1000050.016234681243077, 1012060.702291352208704 ], [ 1000060.752004110603593, 1012060.989811570500024 ], [ 1000071.481006421148777, 1012060.507905466831289 ], [ 1000082.147879449650645, 1012059.259226944763213 ], [ 1000092.698148610652424, 1012057.250300237559713 ], [ 1000103.077339304611087, 1012054.49129874643404 ], [ 1000113.232530141249299, 1012050.99637679150328 ], [ 1000139.2211797691416, 1012040.99772811785806 ], [ 1000149.077706418582238, 1012036.795529481139965 ], [ 1000158.608939346624538, 1012031.899983886512928 ], [ 1000167.766283949720673, 1012026.336414326913655 ], [ 1000176.502809801371768, 1012020.132908327970654 ], [ 1000184.774027230567299, 1012013.321423770627007 ], [ 1000192.537665454787202, 1012005.936572494916618 ], [ 1000199.754116347641684, 1011998.016062616137788 ], [ 1000206.386545411543921, 1011989.600366811035201 ], [ 1000212.401002691243775, 1011980.732722304179333 ], [ 1000217.766866603051312, 1011971.458025053725578 ], [ 1000223.370605738717131, 1011960.920264191692695 ], [ 1000270.846046985127032, 1011989.047545959008858 ], [ 1000279.655437633162364, 1011993.875576267018914 ], [ 1000288.7682692296803, 1011998.102928666747175 ], [ 1000298.14382449502591, 1012001.710472464561462 ], [ 1000307.73983292421326, 1012004.682283820700832 ], [ 1000317.513136420864612, 1012007.004761076415889 ], [ 1000327.420244083274156, 1012008.667730599991046 ], [ 1000337.416333643370308, 1012009.66356209886726 ], [ 1000347.456804709858261, 1012009.987721565412357 ], [ 1000357.496280279476196, 1012009.638881815364584 ], [ 1000367.490049004787579, 1012008.618590783094987 ], [ 1000377.392955725779757, 1012006.931492665898986 ], [ 1000387.160621891962364, 1012004.584996194578707 ], [ 1000428.6217662000563, 1011993.142989384592511 ], [ 1000603.427465825574473, 1011985.842108816257678 ], [ 1000612.577264719875529, 1011985.179132441990077 ], [ 1000621.669486787170172, 1011983.957718871883117 ], [ 1000630.669849590165541, 1011982.182622822467238 ], [ 1000639.544958218350075, 1011979.860478883842006 ], [ 1000648.261306803440675, 1011976.999912112718448 ], [ 1000717.231263858615421, 1011952.003073748084716 ], [ 1000724.796322656911798, 1011949.026836450211704 ], [ 1000729.561293845414184, 1011946.90282699035015 ], [ 1000737.48213912488427, 1011943.205448026652448 ], [ 1000742.822070256574079, 1011940.712918599019758 ], [ 1000747.885298302746378, 1011938.349349148222245 ], [ 1000750.252002453547902, 1011937.24459373136051 ], [ 1000750.267535110586323, 1011937.237295481842011 ], [ 1000751.003773311967961, 1011937.868282050825655 ], [ 1000753.621698857285082, 1011940.111756205791607 ], [ 1000757.249371609534137, 1011943.220609856536612 ], [ 1000761.497052513877861, 1011946.860670775175095 ], [ 1000769.01831098087132, 1011952.89773424831219 ], [ 1000776.9121331787901, 1011958.438732495182194 ], [ 1000785.146011953009292, 1011963.46077486150898 ], [ 1000793.685443118331023, 1011967.943182318587787 ], [ 1000802.49558963929303, 1011971.86715570546221 ], [ 1000811.539728403789923, 1011975.21677096770145 ], [ 1000820.780470606754534, 1011977.977983892895281 ], [ 1000830.179650806821883, 1011980.13929364818614 ], [ 1000850.990367779857479, 1011984.22507255570963 ], [ 1000854.735682215541601, 1011987.150553867802955 ], [ 1000863.59838454797864, 1011993.566494473139755 ], [ 1000872.905435280525126, 1011999.319171795854345 ], [ 1000876.87453776365146, 1012001.388753990642726 ], [ 1000882.607130688149482, 1012004.377733106259257 ], [ 1000892.651880948571488, 1012008.715527765685692 ], [ 1000902.986099206842482, 1012012.309111946611665 ], [ 1000913.555089127621613, 1012015.139575631008483 ], [ 1000927.180994426016696, 1012018.260907272691838 ], [ 1000981.465263371239416, 1012030.695387462736107 ], [ 1001005.418510630493984, 1012036.181986799812876 ], [ 1001005.915545889176428, 1012036.697414777823724 ], [ 1001012.702305896789767, 1012042.930222255876288 ], [ 1001013.395705988747068, 1012044.286516467574984 ], [ 1001017.680585243972018, 1012052.666015205089934 ], [ 1001023.356724017765373, 1012062.011906472616829 ], [ 1001029.700545181985945, 1012070.918355174246244 ], [ 1001036.677988587412983, 1012079.337479121168144 ], [ 1001044.251887577469461, 1012087.224492374341935 ], [ 1001052.381636194651946, 1012094.537041745265014 ], [ 1001061.023965746047907, 1012101.236202027415857 ], [ 1001061.364992595277727, 1012111.053654506918974 ], [ 1001062.349178206874058, 1012120.827546620625071 ], [ 1001063.972306952346116, 1012130.515746687189676 ], [ 1001066.227500473265536, 1012140.076675907010213 ], [ 1001069.10488485568203, 1012149.469087213277817 ], [ 1001072.592145370319486, 1012158.652728745248169 ], [ 1001076.674193641985767, 1012167.587569775874726 ], [ 1001138.190863717813045, 1012291.389146244269796 ], [ 1001140.500812297454104, 1012296.037926666089334 ], [ 1001153.658671756274998, 1012322.517918375786394 ], [ 1001158.445212604128756, 1012331.405998544883914 ], [ 1001163.822436304762959, 1012339.949846896226518 ], [ 1001169.765713231172413, 1012348.109985493938439 ], [ 1001176.247640089946799, 1012355.849037408595905 ], [ 1001183.238705637166277, 1012363.131726743304171 ], [ 1001190.706735907588154, 1012369.924325707834214 ], [ 1001198.617338027921505, 1012376.195760425762273 ], [ 1001206.934343984583393, 1012381.917279211804271 ], [ 1001215.619699666160159, 1012387.062784301349893 ], [ 1001224.633242999552749, 1012391.608500095666386 ], [ 1001224.276128589292057, 1012397.24119752459228 ], [ 1001223.975868554669432, 1012406.742156386841089 ], [ 1001224.320196576067246, 1012416.88427851407323 ], [ 1001225.834815429174341, 1012439.191629222827032 ], [ 1001226.549142878269777, 1012449.712168085970916 ], [ 1001227.00424922129605, 1012456.414756988524459 ], [ 1001213.714803695678711, 1012525.244506584131159 ], [ 1001212.59137029282283, 1012531.852965723490342 ], [ 1001212.020928613375872, 1012536.165203230688348 ], [ 1001205.011171608464792, 1012595.799040434183553 ], [ 1001204.625166995683685, 1012599.082241262774915 ], [ 1001204.015548692666925, 1012604.268627142067999 ], [ 1001203.417581351124682, 1012609.355710795498453 ], [ 1001201.078862897935323, 1012629.252209238358773 ], [ 1001200.03583280951716, 1012638.125605716952123 ], [ 1001199.292365757748485, 1012646.441343017038889 ], [ 1001199.012985450564884, 1012654.785617631394416 ], [ 1001199.198357809800655, 1012663.132442842586897 ], [ 1001209.2140984776197, 1012863.051389813306741 ], [ 1001210.149534218362533, 1012873.867407638696022 ], [ 1001211.865140999550931, 1012884.587452745996416 ], [ 1001214.351821831776761, 1012895.155128333019093 ], [ 1001217.596707597258501, 1012905.515253971097991 ], [ 1001221.582713263807818, 1012915.613423248869367 ], [ 1001226.288981637102552, 1012925.396777860238217 ], [ 1001231.690772459376603, 1012934.813786444603465 ], [ 1001235.677951060584746, 1012940.72765276406426 ], [ 1001237.759795231278986, 1012943.815460949903354 ], [ 1001244.464320142287761, 1012952.354250869480893 ], [ 1001251.768956200918183, 1012960.385591324535199 ], [ 1001259.635760683682747, 1012967.867350226151757 ], [ 1001268.023240612470545, 1012974.760270513244905 ], [ 1001276.887462220154703, 1012981.028080816729926 ], [ 1001286.18205092207063, 1012986.638269475777633 ], [ 1001295.858080403064378, 1012991.561089330934919 ], [ 1001305.865071078529581, 1012995.770995280123316 ], [ 1001316.150324444868602, 1012999.245759610785171 ], [ 1001326.660032517975196, 1013001.967135513550602 ], [ 1001337.339166869176552, 1013003.9208570769988 ], [ 1001348.131811459432356, 1013005.096749878139235 ], [ 1001358.981051690643653, 1013005.488730966812 ], [ 1001376.576227462734096, 1013005.487051617121324 ], [ 1001447.719458910287358, 1013005.480056779459119 ], [ 1001454.93945763038937, 1013005.479307594359852 ], [ 1001461.313563614152372, 1013005.47863979684189 ], [ 1001464.957057467545383, 1013005.478280267561786 ], [ 1001471.935860731522553, 1013005.477528095012531 ], [ 1001482.703126580454409, 1013005.089370533707552 ], [ 1001493.414823763538152, 1013003.92891025764402 ], [ 1001493.909420441254042, 1013003.839127405080944 ], [ 1001497.147264658124186, 1013003.25067378487438 ], [ 1001503.347585588227957, 1013002.123855142272078 ], [ 1001504.015590693801641, 1013002.002338756923564 ], [ 1001514.450509463436902, 1012999.319386092363857 ], [ 1001524.665882468572818, 1012995.894205620395951 ], [ 1001534.609010519227013, 1012991.744046966661699 ], [ 1001544.228303764481097, 1012986.890693598077632 ], [ 1001553.47428019461222, 1012981.35913588933181 ], [ 1001562.299232830759138, 1012975.177681683329865 ], [ 1001570.657340642996132, 1012968.378619784954935 ], [ 1001578.505667060846463, 1012960.996893012430519 ], [ 1001585.803827151656151, 1012953.070651091751643 ], [ 1001592.513765729032457, 1012944.640808358089998 ], [ 1001598.601088712457567, 1012935.750822575530037 ], [ 1001617.590383952250704, 1012905.760997340199538 ], [ 1001622.685854482231662, 1012897.082314568455331 ], [ 1001627.187662789016031, 1012888.081494943471625 ], [ 1001631.075504808686674, 1012878.799010877497494 ], [ 1001634.331961008138023, 1012869.27666181512177 ], [ 1001636.942274504923262, 1012859.557353100506589 ], [ 1001638.894683905295096, 1012849.684653638396412 ], [ 1001639.489672598429024, 1012845.066439624177292 ], [ 1001640.180534253595397, 1012839.703348819399253 ], [ 1001640.248012646567076, 1012838.599522985634394 ], [ 1001640.79383327474352, 1012829.658224095008336 ], [ 1001642.292094350792468, 1012775.027985073858872 ], [ 1001643.018464192515239, 1012748.539353535976261 ], [ 1001651.113487623631954, 1012729.106106573948637 ], [ 1001655.733182385913096, 1012718.015638308716007 ], [ 1001658.360511976410635, 1012711.70832100789994 ], [ 1001662.290973059018143, 1012702.272573474328965 ], [ 1001665.900360529776663, 1012692.70002960099373 ], [ 1001668.84862686751876, 1012682.903654161840677 ], [ 1001671.121902623097412, 1012672.929006462800317 ], [ 1001672.709757619653828, 1012662.822530575678684 ], [ 1001673.604868147638626, 1012652.631334127509035 ], [ 1001673.802795072551817, 1012642.402745998464525 ], [ 1001673.302871400839649, 1012632.18453749793116 ], [ 1001672.107203816180117, 1012622.024258839897811 ], [ 1001649.101433431147598, 1012471.087064631399699 ], [ 1001647.209682137821801, 1012460.981178209069185 ], [ 1001644.627952223760076, 1012451.029096430633217 ], [ 1001641.368446523556486, 1012441.277927464689128 ], [ 1001639.706001758459024, 1012437.248735155444592 ], [ 1001637.446807257132605, 1012431.773894892190583 ], [ 1001633.108991570305079, 1012423.021035675308667 ], [ 1001632.881228480022401, 1012422.561674239579588 ], [ 1001628.446087355725467, 1012414.97257571388036 ], [ 1001627.693565512425266, 1012413.684945858665742 ], [ 1001621.908225538441911, 1012405.185620886972174 ], [ 1001617.997360115405172, 1012400.212787866825238 ], [ 1001615.552500394289382, 1012397.104062362690456 ], [ 1001615.48848582606297, 1012397.033178120153025 ], [ 1001613.628248577238992, 1012394.97606186370831 ], [ 1001611.347175828297623, 1012392.453458799049258 ], [ 1001608.65656663000118, 1012389.478200589073822 ], [ 1001602.203944068052806, 1012383.260496761766262 ], [ 1001601.252930746064521, 1012382.344196623307653 ], [ 1001593.37654016725719, 1012375.735668178414926 ], [ 1001585.064783220179379, 1012369.684021382243372 ], [ 1001576.356712534208782, 1012364.217897841241211 ], [ 1001575.685341502772644, 1012360.455229225452058 ], [ 1001563.526281623984687, 1012301.064030964625999 ], [ 1001560.22293169121258, 1012284.928570359945297 ], [ 1001558.490561256068759, 1012276.467151165707037 ], [ 1001514.705675080767833, 1012018.667041142005473 ], [ 1001513.863343935809098, 1012014.131735391565599 ], [ 1001510.018074132385664, 1011995.06360703939572 ], [ 1001508.703923720517196, 1011988.547441315604374 ], [ 1001501.515031145187095, 1011952.901054020854644 ], [ 1001495.861824772669934, 1011924.869245860492811 ], [ 1001493.772642045514658, 1011915.963062272872776 ], [ 1001493.710849616094492, 1011915.699765943456441 ], [ 1001490.988493702956475, 1011906.683430837700143 ], [ 1001483.789216231554747, 1011885.292802084470168 ], [ 1001481.722825807402842, 1011879.543285862542689 ], [ 1001477.348488771705888, 1011869.272701617097482 ], [ 1001451.763325907406397, 1011815.105851874453947 ], [ 1001449.990014007431455, 1011811.478737505734898 ], [ 1001431.893635564483702, 1011775.694812690140679 ], [ 1001428.838143306551501, 1011769.964299860410392 ], [ 1001424.300539738032967, 1011762.410045828553848 ], [ 1001410.004059739527293, 1011740.1203758046031 ], [ 1001404.250817188178189, 1011731.784177438355982 ], [ 1001397.947933077230118, 1011723.855352733866312 ], [ 1001391.124142031883821, 1011716.370283741387539 ], [ 1001383.855561212985776, 1011708.919156028539874 ], [ 1001367.431215000455268, 1011692.082352438475937 ], [ 1001360.599524957709946, 1011685.508479602634907 ], [ 1001353.366085559362546, 1011679.379470711341128 ], [ 1001345.759853656985797, 1011673.719875514623709 ], [ 1001327.322060616919771, 1011660.886104638571851 ], [ 1001321.291757071972825, 1011656.688689410802908 ], [ 1001303.868276398163289, 1011644.560967075289227 ], [ 1001303.807587132556364, 1011644.518724340712652 ], [ 1001290.478186843683943, 1011635.240803665830754 ], [ 1001288.634594255010597, 1011633.977818984305486 ], [ 1001284.69311954069417, 1011631.320585024426691 ], [ 1001272.272690633544698, 1011622.947241698391736 ], [ 1001249.830927007016726, 1011607.818078790674917 ], [ 1001239.769432493136264, 1011600.920602643047459 ], [ 1001237.31459673657082, 1011599.23775501921773 ], [ 1001230.650757761322893, 1011594.669493029359728 ], [ 1001188.932053238269873, 1011566.070414960035123 ], [ 1001181.241688962327316, 1011561.136029856395908 ], [ 1001173.264849914587103, 1011556.679133119992912 ], [ 1001165.031491779023781, 1011552.716533709666692 ], [ 1001156.572014081059024, 1011549.262828956125304 ], [ 1001144.71278374036774, 1011544.837503761402331 ], [ 1001143.499476093915291, 1011543.823893687920645 ], [ 1001125.265477051725611, 1011527.711315430235118 ], [ 1001116.939624535269104, 1011520.870719616650604 ], [ 1001108.143898632377386, 1011514.645726518239826 ], [ 1001098.923676553298719, 1011509.06862678588368 ], [ 1001089.326887405128218, 1011504.168061914620921 ], [ 1001079.402791768312454, 1011499.969245365587994 ], [ 1001069.202869263477623, 1011496.494183735689148 ], [ 1001058.779598132125102, 1011493.760570920188911 ], [ 1001048.18712090048939, 1011491.782672788132913 ], [ 1001037.479802075540647, 1011490.570553065743297 ], [ 1001026.713004765682854, 1011490.130626273690723 ], [ 1001015.942535917740315, 1011490.465104803442955 ], [ 1001005.22398064925801, 1011491.572330648894422 ], [ 1000882.942380493390374, 1011461.51970397727564 ], [ 1000872.591096828109585, 1011459.351742601022124 ], [ 1000862.112769314670004, 1011457.918596799485385 ], [ 1000851.559432632988319, 1011457.227897334378213 ], [ 1000849.421692403731868, 1011457.238821495207958 ], [ 1000842.030857025994919, 1011457.277210933156312 ], [ 1000840.983676249743439, 1011457.282630519010127 ], [ 1000830.438089672825299, 1011458.082686331239529 ], [ 1000819.975262456922792, 1011459.624194963602349 ], [ 1000809.647007546387613, 1011461.899416196509264 ], [ 1000799.504805060569197, 1011464.896960590034723 ], [ 1000789.599136605160311, 1011468.602010634029284 ], [ 1000779.979485258227214, 1011472.996099594281986 ], [ 1000767.686755634145811, 1011479.143878941307776 ], [ 1000749.992959266412072, 1011487.993119546212256 ], [ 1000742.544783645425923, 1011491.984274354414083 ], [ 1000735.333367132116109, 1011496.388786637107842 ], [ 1000716.792463685851544, 1011508.442906595533714 ], [ 1000607.024937108624727, 1011501.819451234885491 ], [ 1000578.426603135885671, 1011490.955351635580882 ], [ 1000569.164939167909324, 1011487.778933470952325 ], [ 1000559.71576850512065, 1011485.213810878107324 ], [ 1000550.119365269667469, 1011483.270821211393923 ], [ 1000540.416558361728676, 1011481.958479606662877 ], [ 1000530.648731450666673, 1011481.281983728287742 ], [ 1000520.857601066818461, 1011481.24443016841542 ], [ 1000511.084883782779798, 1011481.846040370757692 ], [ 1000501.372296161134727, 1011483.084160639671609 ], [ 1000445.395603100419976, 1011492.086056677042507 ], [ 1000443.744700636249036, 1011492.360953404335305 ], [ 1000292.807771962718107, 1011518.365521597559564 ], [ 1000283.550740875652991, 1011520.259752282639965 ], [ 1000274.435277263284661, 1011522.748250804608688 ], [ 1000265.499658288783394, 1011525.820511978934519 ], [ 1000256.781273513915949, 1011529.46370838501025 ], [ 1000247.699110200162977, 1011527.542763576493599 ], [ 1000238.515427648322657, 1011526.188440321595408 ], [ 1000229.265396426664665, 1011525.406378418556415 ], [ 1000219.984630907420069, 1011525.199342543492094 ], [ 1000210.708856408949941, 1011525.5684386161156 ], [ 1000201.473798277322203, 1011526.511786839226261 ], [ 1000171.486319835647009, 1011530.513114739907905 ], [ 1000161.165860891807824, 1011532.25884642242454 ], [ 1000150.992406567442231, 1011534.72026473749429 ], [ 1000141.015439764014445, 1011537.885426898021251 ], [ 1000131.283444844884798, 1011541.738962038070895 ], [ 1000121.84424045518972, 1011546.262071258155629 ], [ 1000101.016262249439023, 1011557.151909247157164 ], [ 1000046.931325636687689, 1011564.594229484559037 ], [ 1000038.374163347180001, 1011566.025041826767847 ], [ 1000029.913969322573394, 1011567.948386194300838 ], [ 1000021.579035348840989, 1011570.357959402841516 ], [ 1000013.397653180058114, 1011573.24557836772874 ], [ 999947.055267319898121, 1011598.842281004879624 ], [ 999900.279160653473809, 1011614.15601739869453 ], [ 999846.701880344073288, 1011628.017967612948269 ], [ 999839.50128444598522, 1011630.084423063555732 ], [ 999648.573655324638821, 1011690.079183764290065 ], [ 999638.699356792843901, 1011693.565318406908773 ], [ 999629.092445506365038, 1011697.73208362434525 ], [ 999623.560624780366197, 1011700.605576726258732 ], [ 999619.799630411202088, 1011702.559242632938549 ], [ 999581.910826416453347, 1011723.953057434759103 ], [ 999580.637891046702862, 1011724.671811170643196 ], [ 999577.816494819824584, 1011726.264912963146344 ], [ 999557.82797468197532, 1011737.551392965717241 ] ], [ [ 999484.048001855495386, 1012097.508343424531631 ], [ 999484.048001855495386, 1012097.508343424997292 ], [ 999484.04798243928235, 1012097.508363276836462 ], [ 999484.048001855495386, 1012097.508343424531631 ] ], [ [ 999829.003890467458405, 1012088.201789455371909 ], [ 999829.003890467458405, 1012088.201789455255494 ], [ 999829.003893170505762, 1012088.201822398928925 ], [ 999829.003890467458405, 1012088.201789455371909 ] ], [ [ 1001640.247927215415984, 1012838.599530342966318 ], [ 1001640.247927215415984, 1012838.599530342966318 ], [ 1001640.248012646567076, 1012838.599522985634394 ], [ 1001640.247927215415984, 1012838.599530342966318 ] ], [ [ 1001642.292033241479658, 1012775.027890658471733 ], [ 1001642.292033241479658, 1012775.027890657540411 ], [ 1001642.292094350792468, 1012775.027985073858872 ], [ 1001642.292033241479658, 1012775.027890658471733 ] ], [ [ 1001651.113426796393469, 1012729.106089852750301 ], [ 1001651.113426796393469, 1012729.106089852633886 ], [ 1001651.113487623631954, 1012729.106106573948637 ], [ 1001651.113426796393469, 1012729.106089852750301 ] ], [ [ 1001633.108906579902396, 1012423.021072868723422 ], [ 1001633.108906579902396, 1012423.021072868607007 ], [ 1001633.108991570305079, 1012423.021035675308667 ], [ 1001633.108906579902396, 1012423.021072868723422 ] ], [ [ 1001615.488425208022818, 1012397.03320259670727 ], [ 1001615.488425208022818, 1012397.033202596590854 ], [ 1001615.48848582606297, 1012397.033178120153025 ], [ 1001615.488425208022818, 1012397.03320259670727 ] ], [ [ 1001611.34710439236369, 1012392.453492018859833 ], [ 1001611.34710439236369, 1012392.453492018627003 ], [ 1001611.347175828297623, 1012392.453458799049258 ], [ 1001611.34710439236369, 1012392.453492018859833 ] ], [ [ 1001560.222882115165703, 1012284.928590196301229 ], [ 1001560.222882115165703, 1012284.928590196184814 ], [ 1001560.22293169121258, 1012284.928570359945297 ], [ 1001560.222882115165703, 1012284.928590196301229 ] ] ] } },
{ "type": "Feature", "properties": { "nombre": "Humedal de Guaymaral", "id": 0, "cobertura": "Espejo de Agua", "periodo": 2014, "fechaini": "2000-01-01T00:00:00", "fechafin": "2020-01-01T00:00:00", "Shape_Leng": 6.4715235628499996e-06, "Shape_Area": 1.24135501237e-12, "geometry_valid": true, "area_m2": 1953905.4086568465, "area_ha": 195.39054086568464 }, "geometry": { "type": "Polygon", "coordinates": [ [ [ 1003813.149456259678118, 1022413.31857492600102 ], [ 1003812.943938674055971, 1022423.589537616120651 ], [ 1003812.943940237513743, 1022423.589569785399362 ], [ 1003812.943938668468036, 1022423.589648197055794 ], [ 1003812.94776483788155, 1022423.668333445559256 ], [ 1003813.293567300541326, 1022430.789774750592187 ], [ 1003813.419794087996706, 1022433.389549475396052 ], [ 1003813.442173277959228, 1022433.850472687394358 ], [ 1003813.442173272487707, 1022433.850583268329501 ], [ 1003813.503105046111159, 1022434.368713607545942 ], [ 1003813.560930590028875, 1022434.860535254701972 ], [ 1003813.845593679463491, 1022437.281157821416855 ], [ 1003814.641832639928907, 1022444.053276839200407 ], [ 1003815.731224583112635, 1022449.856014996184967 ], [ 1003816.537372304825112, 1022454.149736046209 ], [ 1003819.119808887713589, 1022464.092963112168945 ], [ 1003822.376941992901266, 1022473.836070702178404 ], [ 1003829.3167839696398, 1022492.448377744643949 ], [ 1003827.623300468781963, 1022510.044996030628681 ], [ 1003827.487994188209996, 1022511.642457796260715 ], [ 1003820.515096948365681, 1022517.270734148216434 ], [ 1003818.412733071716502, 1022519.195198789355345 ], [ 1003813.905369997373782, 1022523.321121137472801 ], [ 1003807.684328795061447, 1022529.770618877140805 ], [ 1003801.876046773628332, 1022536.594126357114874 ], [ 1003796.502933428622782, 1022543.765436641522683 ], [ 1003790.881406413740478, 1022551.711141164763831 ], [ 1003779.522202270338312, 1022567.767423563636839 ], [ 1003773.837190672988072, 1022576.422178451670334 ], [ 1003768.763062392827123, 1022585.448630434111692 ], [ 1003764.32411344058346, 1022594.803764160373248 ], [ 1003760.541422833804972, 1022604.443016003468074 ], [ 1003757.433074503554963, 1022614.320384611957707 ], [ 1003755.01382445031777, 1022624.388541512656957 ], [ 1003753.295211644843221, 1022634.599826334393583 ], [ 1003752.285558107774705, 1022644.905362181947567 ], [ 1003752.240775329293683, 1022646.471202126587741 ], [ 1003752.231484310468659, 1022646.796032970887609 ], [ 1003752.231479411944747, 1022646.796204234240577 ], [ 1003752.088758390746079, 1022651.785990235977806 ], [ 1003751.989525091135874, 1022655.256050804047845 ], [ 1003752.408667795360088, 1022665.602462092181668 ], [ 1003755.051467168494128, 1022699.91698453668505 ], [ 1003758.073516772012226, 1022739.153644956764765 ], [ 1003758.288918048143387, 1022741.950386914075352 ], [ 1003758.666285948129371, 1022746.850518563180231 ], [ 1003759.372770081274211, 1022756.023283498361707 ], [ 1003759.435876899631694, 1022756.842753107775934 ], [ 1003760.566984995501116, 1022766.995460187550634 ], [ 1003762.386648621875793, 1022777.047571737319231 ], [ 1003764.886660915450193, 1022786.952532354858704 ], [ 1003768.055265180417337, 1022796.664339375682175 ], [ 1003771.877931434777565, 1022806.13776409230195 ], [ 1003776.336690780008212, 1022815.328904623864219 ], [ 1003781.410911944461986, 1022824.19529653142672 ], [ 1003787.077079421258532, 1022832.695359915262088 ], [ 1003793.308904333389364, 1022840.790058103622869 ], [ 1003802.939704162417911, 1022852.454848318477161 ], [ 1003802.996103132609278, 1022852.71945628686808 ], [ 1003803.056043677730486, 1022853.000797872547992 ], [ 1003804.493374512647279, 1022859.744386309524998 ], [ 1003808.29151036136318, 1022877.564013481372967 ], [ 1003810.971883208141662, 1022890.139573411317542 ], [ 1003808.686376597848721, 1022899.069464415661059 ], [ 1003806.466469415230677, 1022909.185401884722523 ], [ 1003804.950192555319518, 1022919.43053457478527 ], [ 1003804.144758713315241, 1022929.755874960566871 ], [ 1003804.054052652907558, 1022940.112324763904326 ], [ 1003804.67863122432027, 1022950.450122073409148 ], [ 1003806.01505774713587, 1022960.720168294734322 ], [ 1003806.466212874627672, 1022962.963127317954786 ], [ 1003807.191505078691989, 1022966.568784573115408 ], [ 1003807.485193452564999, 1022968.028943664976396 ], [ 1003808.057455024332739, 1022970.873696474125609 ], [ 1003810.795841450570151, 1022980.861718307482079 ], [ 1003814.217129289289005, 1022990.637014659470879 ], [ 1003814.507841991493478, 1022991.383900664164685 ], [ 1003803.9172452557832, 1023019.818572058458813 ], [ 1003802.320428517763503, 1023024.105744294822216 ], [ 1003801.719323580851778, 1023025.719770295196213 ], [ 1003801.28807412495371, 1023026.931949506048113 ], [ 1003798.168121112277731, 1023036.180436563794501 ], [ 1003795.661053141695447, 1023045.613405337673612 ], [ 1003793.777299530454911, 1023055.190493835019879 ], [ 1003792.525181944598444, 1023064.870344725437462 ], [ 1003791.910026893485337, 1023074.611600543605164 ], [ 1003791.934498587856069, 1023084.372019052389078 ], [ 1003792.598487934563309, 1023094.109910803148523 ], [ 1003793.899112569517456, 1023103.783475636504591 ], [ 1003795.312187477946281, 1023111.904473642003722 ], [ 1003800.905509392614476, 1023145.793519180151634 ], [ 1003804.169274113955908, 1023165.568154000793584 ], [ 1003804.203811424435116, 1023165.777416103868745 ], [ 1003804.206172688631341, 1023165.791716698789969 ], [ 1003804.275340045336634, 1023166.210790897370316 ], [ 1003817.978988453163765, 1023249.238945692661218 ], [ 1003819.527995262178592, 1023258.624568142811768 ], [ 1003821.17303831607569, 1023268.591414973139763 ], [ 1003795.936959553044289, 1023273.554399142041802 ], [ 1003780.595215298351832, 1023276.571528797503561 ], [ 1003775.876955673913471, 1023277.499470081995241 ], [ 1003739.343823802890256, 1023284.684219004237093 ], [ 1003735.59533146279864, 1023285.421506271115504 ], [ 1003727.277440496487543, 1023287.304531261674128 ], [ 1003719.080108473892324, 1023289.657426379038952 ], [ 1003711.029626444913447, 1023292.47256271133665 ], [ 1003621.838140185573138, 1023326.538925437722355 ], [ 1003611.879038875340484, 1023330.760474775568582 ], [ 1003602.250256224069744, 1023335.68899241858162 ], [ 1003593.00182330806274, 1023341.298825574922375 ], [ 1003584.181885504862294, 1023347.560782704618759 ], [ 1003575.836369700962678, 1023354.442354689235799 ], [ 1003568.008651477750391, 1023361.907714825705625 ], [ 1003560.739555088686757, 1023369.918050548294559 ], [ 1003554.066798840649426, 1023378.431563445483334 ], [ 1003550.830415991717018, 1023382.882451659883372 ], [ 1003544.753556239069439, 1023391.911637592129409 ], [ 1003539.347585708717816, 1023401.357970990124159 ], [ 1003534.641126620583236, 1023411.171469943597913 ], [ 1003530.659029567963444, 1023421.300604225602001 ], [ 1003527.422151720151305, 1023431.691852956777439 ], [ 1003524.94746768870391, 1023442.290589292300865 ], [ 1003523.248291408992372, 1023453.04085922811646 ], [ 1003522.333166836877353, 1023463.885934507008642 ], [ 1003522.207310005673207, 1023474.768976146006025 ], [ 1003522.871277887723409, 1023485.632592059555463 ], [ 1003523.042717834934592, 1023486.907721232273616 ], [ 1003524.321412130142562, 1023496.419168834574521 ], [ 1003526.550282692769542, 1023507.072309288894758 ], [ 1003529.546022343332879, 1023517.535726669710129 ], [ 1003533.292770341970026, 1023527.754129268461838 ], [ 1003537.771005192538723, 1023537.673994556651451 ], [ 1003542.956990065751597, 1023547.242573891417123 ], [ 1003548.82343827735167, 1023556.409993612673134 ], [ 1003555.339513350045308, 1023565.127706887084059 ], [ 1003562.470718054450117, 1023573.349710108013824 ], [ 1003567.442597371060401, 1023578.305017183767632 ], [ 1003570.179559983196668, 1023581.032764084637165 ], [ 1003578.425440582213923, 1023588.136504594236612 ], [ 1003587.164877058705315, 1023594.62322126980871 ], [ 1003596.351946041220799, 1023600.45907397090923 ], [ 1003605.937950800755061, 1023605.612986964872107 ], [ 1003615.872641469817609, 1023610.057865391368978 ], [ 1003624.56774855335243, 1023613.213187980349176 ], [ 1003626.103549432242289, 1023613.770484632928856 ], [ 1003657.567834308836609, 1023623.912043208256364 ], [ 1003685.071746762725525, 1023632.776973086292855 ], [ 1003692.112711271736771, 1023634.857475633965805 ], [ 1003699.247206398751587, 1023636.590976767009124 ], [ 1003706.457816427806392, 1023637.972941790823825 ], [ 1003741.728302391711622, 1023643.84205044945702 ], [ 1003763.377284553716891, 1023671.0749603707809 ], [ 1003767.921249424107373, 1023676.790953900315799 ], [ 1003772.271431003231555, 1023682.263104532728903 ], [ 1003774.673802925390191, 1023685.284990715328604 ], [ 1003781.406751428614371, 1023693.155122948694043 ], [ 1003781.751501784776337, 1023693.557990757748485 ], [ 1003789.411386511172168, 1023701.294807971687987 ], [ 1003797.61330248916056, 1023708.454635719535872 ], [ 1003806.313767092535272, 1023714.9996529140044 ], [ 1003815.466857160557993, 1023720.895024038851261 ], [ 1003825.024097992689349, 1023726.110004992806353 ], [ 1003834.934907109360211, 1023730.616616086568683 ], [ 1003845.146926998859271, 1023734.391190232825466 ], [ 1003855.606136042508297, 1023737.413930593058467 ], [ 1003866.2575140921399, 1023739.668689485173672 ], [ 1003877.044598726788536, 1023741.143521217745729 ], [ 1003887.910261765588075, 1023741.830682174302638 ], [ 1003898.797043369151652, 1023741.726521274424158 ], [ 1003919.257472255150788, 1023757.5518751766067 ], [ 1003927.395984867005609, 1023763.422105391975492 ], [ 1003935.908802652847953, 1023768.73480094387196 ], [ 1003944.757877988740802, 1023773.46640599577222 ], [ 1003953.903721122536808, 1023777.595244499156252 ], [ 1003963.305067242938094, 1023781.103178943158127 ], [ 1003972.91998589085415, 1023783.974504558835179 ], [ 1003982.7056590259308, 1023786.196281065116636 ], [ 1003992.617826396366581, 1023787.758553808555007 ], [ 1004007.392257492407225, 1023789.582832682179287 ], [ 1004057.762293334235437, 1023795.802439421298914 ], [ 1004065.579468736657873, 1023796.767576759448275 ], [ 1004075.75268636608962, 1023797.673237837152556 ], [ 1004085.963990161311813, 1023797.884114933665842 ], [ 1004089.621245973045006, 1023797.710477145388722 ], [ 1004096.165680614532903, 1023797.399541985825635 ], [ 1004106.310945493867621, 1023796.221396358334459 ], [ 1004107.088349773548543, 1023796.077018252806738 ], [ 1004110.567499748663977, 1023795.430509404977784 ], [ 1004111.016637553693727, 1023795.347057592240162 ], [ 1004113.1851163408719, 1023794.944103473681025 ], [ 1004116.352528635761701, 1023794.355536306509748 ], [ 1004120.579891173285432, 1023793.267742713796906 ], [ 1004123.927369412966073, 1023792.406385548994876 ], [ 1004124.147994097904302, 1023792.349603380542248 ], [ 1004126.243617444299161, 1023791.810363478492945 ], [ 1004132.294396320590749, 1023789.805286621325649 ], [ 1004135.938619359512813, 1023788.597597031621262 ], [ 1004145.392274387530051, 1023784.732273580157198 ], [ 1004154.561097236699425, 1023780.23252611909993 ], [ 1004163.402157087693922, 1023775.118920456152409 ], [ 1004171.874519632547162, 1023769.415229378151707 ], [ 1004172.320365966297686, 1023769.068910757312551 ], [ 1004179.939136192551814, 1023763.148211486171931 ], [ 1004187.558289087144658, 1023756.346505327383056 ], [ 1004190.291081132832915, 1023753.734375183703378 ], [ 1004214.750099754193798, 1023730.355024170596153 ], [ 1004218.330221797921695, 1023726.932928210240789 ], [ 1004229.07872987294104, 1023716.658607615972869 ], [ 1004232.875697140116245, 1023713.029264787212014 ], [ 1004254.195802889415063, 1023692.650497919530608 ], [ 1004254.514965659240261, 1023692.345419796416536 ], [ 1004261.96956003899686, 1023684.693335474934429 ], [ 1004268.405040098936297, 1023677.069392931996845 ], [ 1004268.860438288073055, 1023676.529777885531075 ], [ 1004275.152655053534545, 1023667.896323773660697 ], [ 1004280.814148983336054, 1023658.836761707323603 ], [ 1004285.816186459735036, 1023649.397092072875239 ], [ 1004290.133361601852812, 1023639.625084780505858 ], [ 1004293.743818151764572, 1023629.570611011236906 ], [ 1004296.629249520367011, 1023619.284537396626547 ], [ 1004298.774787820526399, 1023608.819168357527815 ], [ 1004299.04069090471603, 1023606.800617644563317 ], [ 1004300.169780463678762, 1023598.227582640945911 ], [ 1004300.329227480455302, 1023595.560130090918392 ], [ 1004300.769261403707787, 1023588.19737719418481 ], [ 1004300.807013625977561, 1023587.563412113348022 ], [ 1004300.774338571471162, 1023584.738369170227088 ], [ 1004300.683377879206091, 1023576.880952407605946 ], [ 1004299.799424453754909, 1023566.234609948238358 ], [ 1004298.159698130679317, 1023555.678127935156226 ], [ 1004295.772404395858757, 1023545.265249784919433 ], [ 1004292.64963135542348, 1023535.048613325925544 ], [ 1004257.84560706699267, 1023434.183939945651218 ], [ 1004254.418304335675202, 1023424.251373767387122 ], [ 1004252.710840990534052, 1023419.303155121742748 ], [ 1004244.784895823104307, 1023396.333276618854143 ], [ 1004233.827325319871306, 1023352.472786212456413 ], [ 1004239.122818068484776, 1023344.126044664299116 ], [ 1004243.854601403465495, 1023335.447383827180602 ], [ 1004248.002131089917384, 1023326.474652767414227 ], [ 1004251.547101212432608, 1023317.247438753955066 ], [ 1004264.45119261671789, 1023280.064711523940787 ], [ 1004272.240012553986162, 1023273.293765654903837 ], [ 1004280.195711336215027, 1023265.853365993360057 ], [ 1004287.590245061204769, 1023257.855159344268031 ], [ 1004294.384674674482085, 1023249.341053960379213 ], [ 1004300.543056014343165, 1023240.356275723432191 ], [ 1004306.032883592299186, 1023230.947930615977384 ], [ 1004310.825201489846222, 1023221.166110539226793 ], [ 1004313.599922706722282, 1023214.27655751304701 ], [ 1004314.634434180450626, 1023211.708240394829772 ], [ 1004314.894603472319432, 1023211.061902842950076 ], [ 1004318.219787532114424, 1023200.689159686211497 ], [ 1004320.783112311852165, 1023190.102175783715211 ], [ 1004330.243604214163497, 1023143.722594027989544 ], [ 1004336.358350670314394, 1023137.585084123187698 ], [ 1004342.097284638672136, 1023131.094906901591457 ], [ 1004347.440215364447795, 1023124.274951625964604 ], [ 1004364.431041161064059, 1023101.272529319976456 ], [ 1004370.371555818710476, 1023092.611086453311145 ], [ 1004375.691103383898735, 1023083.555051332223229 ], [ 1004380.363612380460836, 1023074.148765759659 ], [ 1004382.576250611222349, 1023068.78098378807772 ], [ 1004383.311459997901693, 1023066.997481454978697 ], [ 1004384.366228191414848, 1023064.438562183873728 ], [ 1004384.851413498399779, 1023062.979127755272202 ], [ 1004387.679313081549481, 1023054.471879086340778 ], [ 1004390.286557106068358, 1023044.297924475977197 ], [ 1004392.175200083875097, 1023033.96623832010664 ], [ 1004393.335809639655054, 1023023.52768778137397 ], [ 1004393.76294690661598, 1023013.033472022274509 ], [ 1004393.454389956896193, 1023002.535232747788541 ], [ 1004392.411688559688628, 1022992.084280141745694 ], [ 1004367.39306928915903, 1022807.1610553690698 ], [ 1004365.883593286387622, 1022798.101862990064546 ], [ 1004363.822338153026067, 1022789.152225791593082 ], [ 1004361.217066983925179, 1022780.345540059963241 ], [ 1004358.077539672725834, 1022771.714759869850241 ], [ 1004354.415401973878033, 1022763.292618251987733 ], [ 1004350.244518384803087, 1022755.110300220549107 ], [ 1004342.765748507110402, 1022741.486716751358472 ], [ 1004333.125591905205511, 1022723.9256163216196 ], [ 1004327.118311683181673, 1022712.982762959203683 ], [ 1004322.260541250696406, 1022704.133458394906484 ], [ 1004317.493721569189802, 1022696.047536 ], [ 1004312.197849542601034, 1022688.297642832039855 ], [ 1004306.396551527315751, 1022680.918503110762686 ], [ 1004307.177789730136283, 1022677.929071456077509 ], [ 1004309.173506777966395, 1022667.107622287934646 ], [ 1004310.28686237486545, 1022660.417580209672451 ], [ 1004318.81705433561001, 1022656.48830947605893 ], [ 1004330.393754914635792, 1022650.701102675055154 ], [ 1004340.593973502982408, 1022645.60203588870354 ], [ 1004341.791852382826619, 1022645.003237740253098 ], [ 1004342.655182728893124, 1022644.571642189868726 ], [ 1004362.797232835786417, 1022634.502682597958483 ], [ 1004372.053430652827956, 1022629.461335564614274 ], [ 1004377.483731129206717, 1022625.988154666265473 ], [ 1004380.932388211018406, 1022623.782241032109596 ], [ 1004389.390729763545096, 1022617.493484222213738 ], [ 1004390.844338520430028, 1022616.244875404168852 ], [ 1004397.386188675882295, 1022610.626025531208143 ], [ 1004401.91944640444126, 1022606.14185306977015 ], [ 1004404.879493256099522, 1022603.213811222580262 ], [ 1004405.025821709306911, 1022603.04717251798138 ], [ 1004411.833590213325806, 1022595.293552268878557 ], [ 1004418.214088442153297, 1022586.90428198245354 ], [ 1004423.989480863208883, 1022578.08746667415835 ], [ 1004429.131144448532723, 1022568.886784458998591 ], [ 1004433.613783977692947, 1022559.347572392434813 ], [ 1004437.415321096545085, 1022549.516937029664405 ], [ 1004440.51656155497767, 1022539.443754439824261 ], [ 1004442.902859215508215, 1022529.177343279006891 ], [ 1004444.561786467442289, 1022518.768791682901792 ], [ 1004445.485463864170015, 1022508.26940923393704 ], [ 1004445.577067981124856, 1022503.018756405217573 ], [ 1004445.669228934217244, 1022497.731058622710407 ], [ 1004445.667899249121547, 1022497.705514084897004 ], [ 1004445.112301800283603, 1022487.205823961063288 ], [ 1004443.817230544867925, 1022476.745678996201605 ], [ 1004437.589135885587893, 1022437.738925304613076 ], [ 1004437.309021775843576, 1022435.984852375346236 ], [ 1004436.093784811091609, 1022428.373960550525226 ], [ 1004433.062773808953352, 1022409.390393305220641 ], [ 1004449.543345338199288, 1022407.101446236949414 ], [ 1004457.756081118364818, 1022405.960808120085858 ], [ 1004461.487284927861765, 1022405.442583421012387 ], [ 1004515.204634540830739, 1022397.981944035505876 ], [ 1004516.971021052217111, 1022397.683698591543362 ], [ 1004523.844542131875642, 1022396.523438091739081 ], [ 1004533.39990617800504, 1022394.29445184301585 ], [ 1004542.788688137079589, 1022391.445312551455572 ], [ 1004551.971284797647968, 1022387.988071238738485 ], [ 1004560.908092744415626, 1022383.937875188072212 ], [ 1004569.560839598299935, 1022379.311751652741805 ], [ 1004577.892583965789527, 1022374.129603087669238 ], [ 1004585.867493600700982, 1022368.413764795055613 ], [ 1004593.451400089659728, 1022362.188341505941935 ], [ 1004600.612020637956448, 1022355.480313168372959 ], [ 1004607.318625373532996, 1022348.318429138511419 ], [ 1004613.542370113427751, 1022340.733208204153925 ], [ 1004617.76823912828695, 1022334.834685300127603 ], [ 1004619.256629165261984, 1022332.75704917544499 ], [ 1004624.437106237281114, 1022324.424452068982646 ], [ 1004628.221539602149278, 1022317.342674712184817 ], [ 1004629.06150174618233, 1022315.770691112033091 ], [ 1004633.109956441447139, 1022306.833141724811867 ], [ 1004636.56527337001171, 1022297.649843002669513 ], [ 1004639.372974336263724, 1022288.390645614126697 ], [ 1004639.412585036247037, 1022288.260382351232693 ], [ 1004640.34343805455137, 1022284.266435869853012 ], [ 1004641.639686278067529, 1022278.704568500397727 ], [ 1004643.236923263641074, 1022269.023647925816476 ], [ 1004644.197637291974388, 1022259.259088456165045 ], [ 1004644.514778318232857, 1022250.410440985462628 ], [ 1004644.760887818643823, 1022211.277009026496671 ], [ 1004644.779308207682334, 1022208.333922012592666 ], [ 1004644.795950920088217, 1022205.691731926519424 ], [ 1004644.834871443570592, 1022199.492204062989913 ], [ 1004644.837770689395256, 1022199.030392076238059 ], [ 1004644.849751321831718, 1022197.125794680323452 ], [ 1004644.872909809462726, 1022193.444219388766214 ], [ 1004645.069954369566403, 1022162.111686528311111 ], [ 1004645.203808603691868, 1022140.818596218945459 ], [ 1004646.089199580950662, 1022000.011307859793305 ], [ 1004646.119703684700653, 1021995.16058529750444 ], [ 1004646.119938539341092, 1021995.12277060886845 ], [ 1004646.286055060103536, 1021968.704610631451942 ], [ 1004646.331759738153778, 1021961.435059127979912 ], [ 1004646.551209444878623, 1021926.530286592198536 ], [ 1004646.348288372159004, 1021919.682811710285023 ], [ 1004646.311813849373721, 1021918.453250771621242 ], [ 1004646.232159388600849, 1021915.76576679723803 ], [ 1004645.731776570202783, 1021909.905434459331445 ], [ 1004649.104575219680555, 1021907.89139368198812 ], [ 1004655.543908661231399, 1021903.820598415797576 ], [ 1004663.518762311432511, 1021898.10465791891329 ], [ 1004671.102832734468393, 1021891.879353267839178 ], [ 1004678.263393202912994, 1021885.17133262520656 ], [ 1004684.970046415226534, 1021878.009455909603275 ], [ 1004691.19372612296138, 1021870.424131282721646 ], [ 1004696.908028281060979, 1021862.448089281795546 ], [ 1004702.088434577337466, 1021854.115387564757839 ], [ 1004706.712867093970999, 1021845.461632071412168 ], [ 1004710.761355506139807, 1021836.524087629048154 ], [ 1004714.216591784497723, 1021827.340793299605139 ], [ 1004715.070490972255357, 1021824.747033419087529 ], [ 1004716.809255904168822, 1021819.299094846355729 ], [ 1004718.802695394260809, 1021812.503397963475436 ], [ 1004721.029709105845541, 1021802.947587421280332 ], [ 1004722.627076600678265, 1021793.266669560573064 ], [ 1004722.91812604747247, 1021790.308617529575713 ], [ 1004723.207614894141443, 1021787.366258906084113 ], [ 1004723.58780629967805, 1021783.502112178015523 ], [ 1004723.907901803962886, 1021773.695493858656846 ], [ 1004723.585807180032134, 1021763.8889462655643 ], [ 1004722.623072645044886, 1021754.124490695889108 ], [ 1004721.282398185343482, 1021746.008790194056928 ], [ 1004721.023799866321497, 1021744.443927433923818 ], [ 1004720.267106218147092, 1021741.199955798569135 ], [ 1004719.682645446853712, 1021738.694461835664697 ], [ 1004719.648988258442841, 1021738.550198424723931 ], [ 1004719.435441815061495, 1021737.63473863422405 ], [ 1004719.319612233433872, 1021737.13828925951384 ], [ 1004718.794863872113638, 1021734.888725233497098 ], [ 1004715.945691202417947, 1021725.499689504387788 ], [ 1004714.818133034743369, 1021722.504836322274059 ], [ 1004712.488481774460524, 1021716.317183524137363 ], [ 1004710.513036631746218, 1021711.958248225855641 ], [ 1004708.43820891645737, 1021707.380354357883334 ], [ 1004703.812175614875741, 1021698.727575140655972 ], [ 1004698.629903658060357, 1021690.395781587809324 ], [ 1004692.914131959201768, 1021682.421024967567064 ], [ 1004686.688819870701991, 1021674.837034396827221 ], [ 1004679.98081110464409, 1021667.676543944166042 ], [ 1004674.15406297869049, 1021662.154713140800595 ], [ 1004670.125310025527142, 1021658.536552636534907 ], [ 1004669.978724743006751, 1021658.406475373078138 ], [ 1004668.790193277993239, 1021657.351694558747113 ], [ 1004661.204865720821545, 1021651.128003161516972 ], [ 1004653.228799727279693, 1021645.413519000750966 ], [ 1004644.896161213633604, 1021640.233235839172266 ], [ 1004636.242447531782091, 1021635.608830026700161 ], [ 1004627.304820156190544, 1021631.560319277457893 ], [ 1004618.121550090727396, 1021628.105067404685542 ], [ 1004608.732017869362608, 1021625.25767370685935 ], [ 1004607.400729266693816, 1021624.947631582384929 ], [ 1004605.715437795268372, 1021621.228986841975711 ], [ 1004604.920930493273772, 1021619.476102626998909 ], [ 1004600.659364845487289, 1021611.505201029125601 ], [ 1004600.294769115746021, 1021610.823330047540367 ], [ 1004595.112701668753289, 1021602.491654484998435 ], [ 1004589.396801571943797, 1021594.516795391100459 ], [ 1004583.29437740216963, 1021587.072817902546376 ], [ 1004533.498571769683622, 1021530.160773013834842 ], [ 1004533.375777091132477, 1021530.020658240187913 ], [ 1004526.667741136159748, 1021522.860071231611073 ], [ 1004521.163325421977788, 1021517.628549598273821 ], [ 1004520.5861819263082, 1021479.570597435929812 ], [ 1004520.492256531026214, 1021473.377001929096878 ], [ 1004520.360993709182367, 1021470.125992503715679 ], [ 1004520.187416474800557, 1021465.829095564433374 ], [ 1004519.224762684316374, 1021456.064643596764654 ], [ 1004517.625457465881482, 1021446.384085656842217 ], [ 1004515.396486924029887, 1021436.828779876581393 ], [ 1004515.340477947494946, 1021436.620771723682992 ], [ 1004501.340880651725456, 1021384.693046581698582 ], [ 1004498.547676813555881, 1021375.512028344790451 ], [ 1004495.090535899274983, 1021366.329533467069268 ], [ 1004491.810114061343484, 1021358.976739698438905 ], [ 1004472.443847596296109, 1021318.524909146944992 ], [ 1004471.674062263220549, 1021316.940997328259982 ], [ 1004467.047867120127194, 1021308.288123244186863 ], [ 1004466.875826709670946, 1021307.990868620458059 ], [ 1004467.363487930735573, 1021292.907617247896269 ], [ 1004467.119851044379175, 1021278.23977976385504 ], [ 1004466.15718788059894, 1021268.475218446808867 ], [ 1004464.557871772092767, 1021258.794662191183306 ], [ 1004464.170853144722059, 1021257.119722711271606 ], [ 1004462.491038042935543, 1021249.849338578642346 ], [ 1004457.641100745648146, 1021231.447097154683433 ], [ 1004457.479062435799278, 1021230.837338298792019 ], [ 1004454.629838199703954, 1021221.448424622765742 ], [ 1004451.172684859018773, 1021212.26582162885461 ], [ 1004447.122354092658497, 1021203.329008052824065 ], [ 1004442.496260092593729, 1021194.676246388233267 ], [ 1004440.267719107563607, 1021190.943103944417089 ], [ 1004440.960557461134158, 1021184.084940898232162 ], [ 1004441.400051935925148, 1021178.803236626787111 ], [ 1004441.400051942444406, 1021178.803126039681956 ], [ 1004441.679528684704565, 1021172.500740232411772 ], [ 1004446.970932498690672, 1021163.387098622042686 ], [ 1004447.161202998249792, 1021163.058459915337153 ], [ 1004451.785647698096, 1021154.404800978139974 ], [ 1004455.83403117954731, 1021145.467133958358318 ], [ 1004459.289378172019497, 1021136.283829736988991 ], [ 1004462.136710123275407, 1021126.894365137442946 ], [ 1004464.363710844423622, 1021117.33865950605832 ], [ 1004464.730015019187704, 1021115.431804329389706 ], [ 1004467.027847750345245, 1021103.036577412625775 ], [ 1004468.258892427082174, 1021095.262511302949861 ], [ 1004469.219597496674396, 1021085.497842132928781 ], [ 1004469.219597503193654, 1021085.497731551993638 ], [ 1004469.539662365219556, 1021075.691224807756953 ], [ 1004469.2176421682816, 1021065.884790999465622 ], [ 1004469.007214975077659, 1021063.749992456985638 ], [ 1004468.254865424940363, 1021056.120230216532946 ], [ 1004467.028594087343663, 1021048.696896862937137 ], [ 1004466.655655831331387, 1021046.439674494438805 ], [ 1004465.287870967178605, 1021040.253082369221374 ], [ 1004464.167930288473144, 1021035.650813610409386 ], [ 1004462.767837874242105, 1021029.897590649896301 ], [ 1004462.592889182269573, 1021029.213344639050774 ], [ 1004461.906633440987207, 1021026.528879693709314 ], [ 1004459.057512824423611, 1021017.139966423739679 ], [ 1004458.754932135227136, 1021016.336238491348922 ], [ 1004457.305472901440226, 1021012.486350740422495 ], [ 1004455.600350530701689, 1021007.957363796769641 ], [ 1004451.550009219907224, 1020999.020550553337671 ], [ 1004447.366484560887329, 1020991.139456446864642 ], [ 1004471.8342081210576, 1020941.684401716338471 ], [ 1004471.92607242858503, 1020941.498186968732625 ], [ 1004475.974580317735672, 1020932.560521412407979 ], [ 1004479.429939178167842, 1020923.37732909899205 ], [ 1004482.277170425630175, 1020913.987755103735253 ], [ 1004484.504179674200714, 1020904.432050517178141 ], [ 1004486.101423962740228, 1020894.751130078453571 ], [ 1004486.712212127051316, 1020889.353878290276043 ], [ 1004491.887953309575096, 1020834.789692285703495 ], [ 1004496.507883170736022, 1020799.666569108492695 ], [ 1004497.468484230339527, 1020789.903670299099758 ], [ 1004497.468484236858785, 1020789.903559718281031 ], [ 1004497.788553644553758, 1020780.097053815377876 ], [ 1004497.779332262231037, 1020778.451924453955144 ], [ 1004497.557426195126027, 1020758.410024760756642 ], [ 1004497.244518382009119, 1020750.248720976756886 ], [ 1004496.281851825769991, 1020740.484160661697388 ], [ 1004494.682638818281703, 1020730.80360518861562 ], [ 1004493.847390944254585, 1020727.223115922999568 ], [ 1004492.453643695334904, 1020721.248302084393799 ], [ 1004491.124261804274283, 1020716.867705956799909 ], [ 1004489.910745428293012, 1020712.868578095454723 ], [ 1004489.604404157144018, 1020711.859388485783711 ], [ 1004486.147342306678183, 1020702.676785310031846 ], [ 1004482.097098959609866, 1020693.739971274859272 ], [ 1004481.16946329397615, 1020691.89175935019739 ], [ 1004465.482699334272183, 1020661.165733939385973 ], [ 1004461.784210602520034, 1020654.361184305278584 ], [ 1004456.602062110439874, 1020646.029410371556878 ], [ 1004450.886074951966293, 1020638.05456441314891 ], [ 1004449.623180673108436, 1020636.432252415688708 ], [ 1004442.284852111362852, 1020627.137405442073941 ], [ 1004430.068425133824348, 1020611.664168606861494 ], [ 1004428.555827714968473, 1020609.846775775775313 ], [ 1004427.064134174375795, 1020608.05475119734183 ], [ 1004425.10622676438652, 1020605.702514206292108 ], [ 1004418.398209505015984, 1020598.541939256479964 ], [ 1004411.236331504536793, 1020591.835388430743478 ], [ 1004403.650987184839323, 1020585.611614945810288 ], [ 1004395.674900746671483, 1020579.897271073539741 ], [ 1004392.038490659790114, 1020577.543212615302764 ], [ 1004374.993121344596148, 1020566.855364996241406 ], [ 1004368.02436019689776, 1020558.447746225167066 ], [ 1004365.305203235009685, 1020555.25873679772485 ], [ 1004358.597175918519497, 1020548.098277868935838 ], [ 1004354.23955688776914, 1020544.017769133788534 ], [ 1004351.435177001287229, 1020541.391622245428152 ], [ 1004343.849933729856275, 1020535.167854881030507 ], [ 1004335.980219533084892, 1020529.529714480042458 ], [ 1004335.964989490807056, 1020529.518821656238288 ], [ 1004335.873837552848272, 1020529.453517420915887 ], [ 1004327.541165963746607, 1020524.27305055630859 ], [ 1004318.88741687766742, 1020519.648683400708251 ], [ 1004309.949863371206447, 1020515.600101759540848 ], [ 1004300.766666127252392, 1020512.144890431081876 ], [ 1004291.377095376723446, 1020509.297648527892306 ], [ 1004281.82130898325704, 1020507.070542409783229 ], [ 1004272.140352454967797, 1020505.473195069818757 ], [ 1004270.077090019942261, 1020505.270161499152891 ], [ 1004262.375715207308531, 1020504.512464954634197 ], [ 1004252.56921962252818, 1020504.192445955006406 ], [ 1004242.762688247137703, 1020504.514356826548465 ], [ 1004240.146612638258375, 1020504.772309730877168 ], [ 1004240.146617208025418, 1020504.772313020541333 ], [ 1004239.421092707198113, 1020504.843852966791019 ], [ 1004234.178184092394076, 1020505.360827308730222 ], [ 1004232.998276551719755, 1020505.47720465506427 ], [ 1004231.682690323214047, 1020505.694535877439193 ], [ 1004223.31769647623878, 1020507.076457886723801 ], [ 1004213.76243817480281, 1020509.305373268434778 ], [ 1004206.975456872256473, 1020511.297354687703773 ], [ 1004193.230966520379297, 1020515.686261295923032 ], [ 1004168.26791033311747, 1020519.508929253323004 ], [ 1004140.398788815480657, 1020523.776650695479475 ], [ 1004118.637515779118985, 1020527.109044552897103 ], [ 1004099.024266674881801, 1020530.112423406681046 ], [ 1004090.370286781224422, 1020531.437729086959735 ], [ 1004083.779616316780448, 1020532.446986957336776 ], [ 1004079.958705048426054, 1020533.03211412683595 ], [ 1004056.690492132096551, 1020536.595241566654295 ], [ 1004050.120217153104022, 1020537.751580152194947 ], [ 1004043.358557858038694, 1020539.328784302691929 ], [ 1004040.564967929269187, 1020539.980517187505029 ], [ 1004031.175977449398488, 1020542.829718726454303 ], [ 1004027.454324088292196, 1020544.230874893954024 ], [ 1004025.494015837088227, 1020544.968848772696219 ], [ 1004021.993515845155343, 1020546.286801651585847 ], [ 1004013.056743977824226, 1020550.337171120918356 ], [ 1004005.991564882104285, 1020554.114391794893891 ], [ 1004004.403935388312675, 1020554.963246522005647 ], [ 1004001.056374922511168, 1020557.045219538500533 ], [ 1003996.072143388097174, 1020560.145235516363755 ], [ 1003988.097312048776075, 1020565.861244639847428 ], [ 1003980.692001032875851, 1020571.939882765407674 ], [ 1003980.513277788413689, 1020572.086615769192576 ], [ 1003973.352767736068927, 1020578.794700215919875 ], [ 1003970.725691398140043, 1020581.600029079942033 ], [ 1003970.228157223551534, 1020582.131358664366417 ], [ 1003968.456953758723103, 1020584.022762911161408 ], [ 1003966.646290420088917, 1020585.956526973517612 ], [ 1003965.49349651101511, 1020587.36141151341144 ], [ 1003960.422468521166593, 1020593.541797932935879 ], [ 1003954.708038907963783, 1020601.517782089300454 ], [ 1003951.754689386230893, 1020606.268382343114354 ], [ 1003951.451395484618843, 1020606.75621506862808 ], [ 1003949.527741663274355, 1020609.850531940930523 ], [ 1003944.903321702615358, 1020618.504219923401251 ], [ 1003940.854749000398442, 1020627.441912590758875 ], [ 1003937.399442101828754, 1020636.625128198415041 ], [ 1003934.552268062019721, 1020646.014721407205798 ], [ 1003932.325209679780528, 1020655.570330339716747 ], [ 1003930.727809200063348, 1020665.251150663825683 ], [ 1003929.767057386925444, 1020675.015825031674467 ], [ 1003929.44706073787529, 1020684.822443051962182 ], [ 1003929.769041450461373, 1020694.628983612754382 ], [ 1003930.731670228298753, 1020704.393425486399792 ], [ 1003931.161495881970041, 1020707.417534115025774 ], [ 1003936.637137078098021, 1020743.314288354013115 ], [ 1003937.041884455713443, 1020745.967259353841655 ], [ 1003937.710395862231962, 1020750.349903655936942 ], [ 1003938.098312665009871, 1020752.892757251509465 ], [ 1003942.952556402422488, 1020784.715968986623921 ], [ 1003945.5135288258316, 1020801.505328920087777 ], [ 1003946.422991705709137, 1020807.467073968611658 ], [ 1003949.468654298689216, 1020827.434142841724679 ], [ 1003950.543130502104759, 1020834.478162794141099 ], [ 1003961.239308792981319, 1020904.599111109506339 ], [ 1003965.349677981226705, 1020931.545952835585922 ], [ 1003968.384573531104252, 1020951.441697224974632 ], [ 1003977.730338221066631, 1021012.710377978743054 ], [ 1003988.493002705159597, 1021083.267472792766057 ], [ 1003989.172017326811329, 1021087.719098572735675 ], [ 1003995.41088805347681, 1021128.618975629797205 ], [ 1003996.842337549314834, 1021138.003251380752772 ], [ 1003997.078312722151168, 1021139.550182843348011 ], [ 1004000.817610213765875, 1021164.064438277855515 ], [ 1004001.011011983035132, 1021165.3321608643746 ], [ 1004023.441246892209165, 1021312.378366433549672 ], [ 1004031.671650886302814, 1021366.335427519166842 ], [ 1004033.610869770636782, 1021379.048262645956129 ], [ 1004040.575950338854454, 1021424.70873050368391 ], [ 1004041.739346824353561, 1021432.335967383347452 ], [ 1004042.81069220288191, 1021439.359382921364158 ], [ 1004043.58086403994821, 1021444.408527804538608 ], [ 1004043.792482666787691, 1021445.795704780612141 ], [ 1004047.444376403116621, 1021469.736427538562566 ], [ 1004053.34180465422105, 1021508.398783455369994 ], [ 1004057.588871292187832, 1021536.24099583318457 ], [ 1004060.167910332558677, 1021553.148604304646142 ], [ 1004060.2745907146018, 1021553.847599102067761 ], [ 1004053.804980972898193, 1021557.81250515091233 ], [ 1004044.974367211107165, 1021564.14750176621601 ], [ 1004036.626059034839272, 1021571.105433648452163 ], [ 1004028.803544227965176, 1021578.649921452975832 ], [ 1004021.548202946898527, 1021586.74115766515024 ], [ 1004014.897865594830364, 1021595.336570044979453 ], [ 1004008.887589308898896, 1021604.391153384465724 ], [ 1004006.023051582276821, 1021609.065858505433425 ], [ 1003996.707411640440114, 1021613.990361201576889 ], [ 1003987.764363031485118, 1021619.562784762587398 ], [ 1003981.1987635565456, 1021624.331402266863734 ], [ 1003980.086950473720208, 1021625.139035366242751 ], [ 1003979.238724310300313, 1021625.755154157872312 ], [ 1003971.173428282374516, 1021632.53617676300928 ], [ 1003963.609189212322235, 1021639.871684705722146 ], [ 1003956.583726234501228, 1021647.725077147712 ], [ 1003951.570771612692624, 1021654.199395451461896 ], [ 1003950.13276180846151, 1021656.056656828848645 ], [ 1003942.699939393089153, 1021666.368157731019892 ], [ 1003932.132483604247682, 1021681.028468048549257 ], [ 1003931.104943653801456, 1021682.557211749837734 ], [ 1003929.573261386016384, 1021684.836126841953956 ], [ 1003926.542475936468691, 1021689.345386857632548 ], [ 1003921.524199372623116, 1021698.019294401281513 ], [ 1003917.100507984869182, 1021707.010935125872493 ], [ 1003913.291260693804361, 1021716.279615755309351 ], [ 1003910.113654070766643, 1021725.783537072944455 ], [ 1003907.582222322700545, 1021735.479462166782469 ], [ 1003905.708504490205087, 1021745.323601074283943 ], [ 1003904.500600717146881, 1021755.271389599773102 ], [ 1003900.388798875850625, 1021761.083924073143862 ], [ 1003894.632932636886835, 1021769.856213707476854 ], [ 1003889.504484187113121, 1021779.009380447678268 ], [ 1003885.028859245008789, 1021788.49908206355758 ], [ 1003881.227691924083047, 1021798.278322177007794 ], [ 1003878.120730630820617, 1021808.29623395181261 ], [ 1003878.1197320651263, 1021808.299551365198568 ], [ 1003876.304367358214222, 1021816.026711342390627 ], [ 1003875.720179713563994, 1021818.513561307219788 ], [ 1003874.040906935581006, 1021828.870480045443401 ], [ 1003873.089903216692619, 1021839.319219027762301 ], [ 1003873.089903211104684, 1021839.319329608697444 ], [ 1003872.871940939687192, 1021849.809021313907579 ], [ 1003873.387023691670038, 1021860.263695867499337 ], [ 1003873.388242689659819, 1021860.288466311176307 ], [ 1003874.635926535935141, 1021870.706022646045312 ], [ 1003881.627713650697842, 1021915.687287891865708 ], [ 1003883.67054989375174, 1021926.306697384919971 ], [ 1003886.478718381840736, 1021936.750099449418485 ], [ 1003890.037245761603117, 1021946.961870628409088 ], [ 1003894.327497832127847, 1021956.888709520571865 ], [ 1003893.243169425521046, 1021966.994969161227345 ], [ 1003892.853165330481716, 1021977.151689804391935 ], [ 1003893.159262623870745, 1021987.311210667481646 ], [ 1003894.159799472428858, 1021997.426091967266984 ], [ 1003895.850451668724418, 1022007.448783232597634 ], [ 1003901.793254219344817, 1022036.949063258012757 ], [ 1003898.481428499799222, 1022046.558584728860296 ], [ 1003895.828309830860235, 1022056.370394701836631 ], [ 1003893.846102858427912, 1022066.339376249816269 ], [ 1003892.543906126404181, 1022076.419638242688961 ], [ 1003891.927490210626274, 1022086.56517879711464 ], [ 1003892.000074273673818, 1022096.729111270513386 ], [ 1003892.760994839016348, 1022106.864770019426942 ], [ 1003894.206926053971983, 1022116.925489251618274 ], [ 1003896.330992207862437, 1022126.865155939478427 ], [ 1003899.123766143806279, 1022136.638209852622822 ], [ 1003902.572270864271559, 1022146.19942233688198 ], [ 1003906.660645092488267, 1022155.505112749175169 ], [ 1003911.3699214104563, 1022164.51248495245818 ], [ 1003918.696551455417648, 1022177.438578309258446 ], [ 1003921.340098978951573, 1022187.556862702476792 ], [ 1003916.91249045659788, 1022195.610104812774807 ], [ 1003914.912753753713332, 1022199.247598588932306 ], [ 1003908.15923239919357, 1022211.531591279199347 ], [ 1003904.454084377386607, 1022218.271156390430406 ], [ 1003903.253787826513872, 1022220.636555640376173 ], [ 1003899.873786836629733, 1022227.297735000960529 ], [ 1003895.924679182469845, 1022236.617831045063213 ], [ 1003894.099241431220435, 1022241.912849001120776 ], [ 1003892.62562195584178, 1022246.187433745129965 ], [ 1003889.992369618150406, 1022255.961205163737759 ], [ 1003881.885018580709584, 1022262.257996805477887 ], [ 1003874.227470977115445, 1022269.094895037356764 ], [ 1003867.055781421950087, 1022276.439501019311137 ], [ 1003860.403453131904826, 1022284.257757044630125 ], [ 1003854.30165984632913, 1022292.512730152811855 ], [ 1003848.778912974172272, 1022301.166049679624848 ], [ 1003843.861394419218414, 1022310.176801461842842 ], [ 1003842.024379965150729, 1022314.170600992511027 ], [ 1003839.571736296522431, 1022319.503075929475017 ], [ 1003835.930352128110826, 1022329.100862349383533 ], [ 1003831.042630509473383, 1022343.44598476041574 ], [ 1003828.643815415096469, 1022350.486513380310498 ], [ 1003820.940782793913968, 1022373.094628998194821 ], [ 1003817.962653701193631, 1022382.926551966113038 ], [ 1003815.664861685712822, 1022392.939310919027776 ], [ 1003814.05783643538598, 1022403.08590893773362 ], [ 1003813.149456259678118, 1022413.31857492600102 ] ], [ [ 1004214.750037074321881, 1023730.354914512252435 ], [ 1004214.750037074321881, 1023730.354914511786774 ], [ 1004214.750099754193798, 1023730.355024170596153 ], [ 1004214.750037074321881, 1023730.354914512252435 ] ], [ [ 1004300.769138390081935, 1023588.197394104325213 ], [ 1004300.769138390081935, 1023588.197394104092382 ], [ 1004300.769261403707787, 1023588.19737719418481 ], [ 1004300.769138390081935, 1023588.197394104325213 ] ], [ [ 1004383.311441635480151, 1023066.997436585254036 ], [ 1004383.311441635480151, 1023066.997436585137621 ], [ 1004383.311459997901693, 1023066.997481454978697 ], [ 1004383.311441635480151, 1023066.997436585254036 ] ], [ [ 1004231.682696259813383, 1020505.694552314933389 ], [ 1004231.682696259813383, 1020505.694552314933389 ], [ 1004231.682690323214047, 1020505.694535877439193 ], [ 1004231.682696259813383, 1020505.694552314933389 ] ], [ [ 1004099.024281681398861, 1020530.112505879136734 ], [ 1004099.024281681398861, 1020530.112505879253149 ], [ 1004099.024266674881801, 1020530.112423406681046 ], [ 1004099.024281681398861, 1020530.112505879136734 ] ], [ [ 1004025.494025043211877, 1020544.968903179164045 ], [ 1004025.494025043211877, 1020544.968903179396875 ], [ 1004025.494015837088227, 1020544.968848772696219 ], [ 1004025.494025043211877, 1020544.968903179164045 ] ], [ [ 1004001.056383150746115, 1020557.04526887985412 ], [ 1004001.056383150746115, 1020557.045268880203366 ], [ 1004001.056374922511168, 1020557.045219538500533 ], [ 1004001.056383150746115, 1020557.04526887985412 ] ], [ [ 1003965.493508268147707, 1020587.361477848375216 ], [ 1003965.493508268147707, 1020587.361477848957293 ], [ 1003965.49349651101511, 1020587.36141151341144 ], [ 1003965.493508268147707, 1020587.361477848375216 ] ], [ [ 1004108.171063292305917, 1023245.791062726289965 ], [ 1004108.171063292305917, 1023245.791062726406381 ], [ 1004108.171054677804932, 1023245.791063995449804 ], [ 1004108.171063292305917, 1023245.791062726289965 ] ] ] } },
{ "type": "Feature", "properties": { "nombre": "Humedal de Jaboque", "id": 0, "cobertura": "Arbustales", "periodo": 2014, "fechaini": "2000-01-01T00:00:00", "fechafin": "2020-01-01T00:00:00", "Shape_Leng": 0.00043713609194899998, "Shape_Area": 1.0427166004499999e-08, "geometry_valid": true, "area_m2": 3518984.4860933167, "area_ha": 351.89844860933169 }, "geometry": { "type": "Polygon", "coordinates": [ [ [ 993045.437116308021359, 1013319.187778329011053 ], [ 993040.593995760311373, 1013320.036487552104518 ], [ 993037.20745399792213, 1013320.670094760484062 ], [ 993027.652176509494893, 1013322.899069696897641 ], [ 993018.263151291641407, 1013325.748173826374114 ], [ 993009.080539586138912, 1013329.205350041040219 ], [ 993000.143725730595179, 1013333.255666149198078 ], [ 992999.270186533685774, 1013333.722621834487654 ], [ 992991.490984372561797, 1013337.881757262977771 ], [ 992990.329118181020021, 1013338.55961877934169 ], [ 992965.687100739916787, 1013353.086230641463771 ], [ 992960.069034450803883, 1013356.398115682182834 ], [ 992954.205571415135637, 1013359.854664563550614 ], [ 992949.957618547137827, 1013362.523391999537125 ], [ 992947.035826797015034, 1013364.358985560713336 ], [ 992939.060843771789223, 1013370.074915580102243 ], [ 992931.476767777930945, 1013376.300150726223364 ], [ 992924.316214256337844, 1013383.008148241788149 ], [ 992917.609579524490982, 1013390.170043372432701 ], [ 992916.695159037015401, 1013391.251064798678271 ], [ 992914.177535364520736, 1013394.227385018835776 ], [ 992910.159202445414849, 1013396.466372571419924 ], [ 992901.827599285985343, 1013401.64856066450011 ], [ 992893.852623432525434, 1013407.364495501155034 ], [ 992887.162144793430343, 1013412.812262548017316 ], [ 992886.410518803168088, 1013413.095863599912263 ], [ 992882.497404269757681, 1013414.573044538032264 ], [ 992878.23138626490254, 1013416.183509329217486 ], [ 992869.29458917863667, 1013420.233840891858563 ], [ 992860.641865270328708, 1013424.860057569574565 ], [ 992854.23782580322586, 1013428.843033806537278 ], [ 992852.310157484840602, 1013430.042140555218793 ], [ 992848.903042596299201, 1013432.484103126451373 ], [ 992844.335188180557452, 1013435.758080633240752 ], [ 992836.751126200892031, 1013441.983325365348719 ], [ 992829.590586949605495, 1013448.6913319719024 ], [ 992827.080253304215148, 1013451.263035447453149 ], [ 992803.072346795350313, 1013476.455372563796118 ], [ 992798.876062953611836, 1013481.04557412979193 ], [ 992796.028863914078102, 1013484.390387839754112 ], [ 992729.783355013583787, 1013564.564903157879598 ], [ 992726.406707139336504, 1013568.805482504889369 ], [ 992720.692362271482125, 1013576.781516409246251 ], [ 992717.661575867561623, 1013581.507407388766296 ], [ 992713.651871741632931, 1013588.025369916227646 ], [ 992697.301133575849235, 1013614.604490816243924 ], [ 992697.301132272696123, 1013614.604502550675534 ], [ 992691.15652023057919, 1013624.592936561210081 ], [ 992689.006643103784882, 1013628.199656957061961 ], [ 992684.382290869252756, 1013636.85334690567106 ], [ 992682.282529442687519, 1013641.294181782519445 ], [ 992652.58089961623773, 1013706.870942871551961 ], [ 992650.632142797927372, 1013711.367718804394826 ], [ 992647.176872777752578, 1013720.550987232709303 ], [ 992647.162897696951404, 1013720.592235604301095 ], [ 992645.750194057240151, 1013724.759316104929894 ], [ 992621.96009078854695, 1013721.924385697348043 ], [ 992614.010180145385675, 1013721.191102978191338 ], [ 992604.203541371272877, 1013720.871022110455669 ], [ 992594.396964061423205, 1013721.193091402179562 ], [ 992584.632607230916619, 1013722.15575866762083 ], [ 992574.951963985571638, 1013723.755038957111537 ], [ 992565.396638083504513, 1013725.983961585210636 ], [ 992556.007678314112127, 1013728.833123081712984 ], [ 992546.825023723184131, 1013732.290244964766316 ], [ 992544.142391956178471, 1013733.506019794149324 ], [ 992537.888280266430229, 1013736.340615942608565 ], [ 992537.333142652525567, 1013736.637360736494884 ], [ 992529.235500386101194, 1013740.9667603202397 ], [ 992521.092442145454697, 1013746.022909233462997 ], [ 992239.243518121889792, 1013933.772635720903054 ], [ 992214.629532613558695, 1013950.168988635647111 ], [ 992203.932901161722839, 1013957.293200100772083 ], [ 992198.59407720156014, 1013960.849026756244712 ], [ 991986.091540510649793, 1014102.382687983103096 ], [ 991965.490085342898965, 1014116.103954068617895 ], [ 991952.119773701764643, 1014125.008989310706966 ], [ 991941.824830783414654, 1014131.865668257465586 ], [ 991938.611562925972976, 1014134.005874074529856 ], [ 991938.41409647942055, 1014134.137708320980892 ], [ 991936.870538021437824, 1014135.243909686920233 ], [ 991930.439155936008319, 1014139.853635279461741 ], [ 991922.855014379718341, 1014146.078862410504371 ], [ 991915.694508510641754, 1014152.78706767281983 ], [ 991908.987922958913259, 1014159.948943569557741 ], [ 991902.764099964057095, 1014167.534187518176623 ], [ 991901.526258332422003, 1014169.261938398587517 ], [ 991897.049773547216319, 1014175.51028552337084 ], [ 991891.869236750411801, 1014183.842954530613497 ], [ 991887.244896404794417, 1014192.496695291833021 ], [ 991883.196385518880561, 1014201.434239534311928 ], [ 991879.741118126665242, 1014210.617545161047019 ], [ 991876.893734471057542, 1014220.007022239849903 ], [ 991874.666655868990347, 1014229.562970477389172 ], [ 991873.069418905768543, 1014239.243810031446628 ], [ 991872.108675641124137, 1014249.008403687155806 ], [ 991871.788526372751221, 1014258.815061609377153 ], [ 991872.110630553332157, 1014268.621541326283477 ], [ 991873.073319375631399, 1014278.385932466946542 ], [ 991874.672483286703937, 1014288.06654612661805 ], [ 991876.901461073779501, 1014297.622025388875045 ], [ 991879.750596047844738, 1014307.010903123882599 ], [ 991883.207790974411182, 1014316.193592332187109 ], [ 991887.258064087596722, 1014325.130395774031058 ], [ 991891.884214953402989, 1014333.783164590946399 ], [ 991892.372344252886251, 1014334.622098193736747 ], [ 991913.251679824898019, 1014370.243424858083017 ], [ 991917.945601063314825, 1014377.73607338371221 ], [ 991923.661584157147445, 1014385.710973460809328 ], [ 991928.582004421507008, 1014391.705435284995474 ], [ 991929.886867116787471, 1014393.295024233870208 ], [ 991936.59482001606375, 1014400.455606937874109 ], [ 991943.756705267122015, 1014407.162204099702649 ], [ 991951.342010387103073, 1014413.385957141057588 ], [ 991959.318115231813863, 1014419.100219351472333 ], [ 991962.398560239584185, 1014421.103974187048152 ], [ 992003.611128001241013, 1014447.19801570661366 ], [ 992010.59481304732617, 1014451.619683579308912 ], [ 992018.894957092474215, 1014456.874933237791993 ], [ 992032.950166648253798, 1014465.77406673587393 ], [ 992037.74823030794505, 1014468.811919700237922 ], [ 992043.000510419486091, 1014471.98872756306082 ], [ 992044.551918248995207, 1014472.817821236792952 ], [ 992048.38671957096085, 1014474.866993260919116 ], [ 992051.06987221876625, 1014476.300810986664146 ], [ 992051.654243534081616, 1014476.613034068024717 ], [ 992054.77257385244593, 1014478.106010827585123 ], [ 992119.905347872292623, 1014508.371678107068874 ], [ 992124.440372803015634, 1014510.478950481512584 ], [ 992129.244673318578862, 1014512.711395939928479 ], [ 992138.777824989170767, 1014517.141219396726228 ], [ 992142.482178161968477, 1014518.862491568317637 ], [ 992261.085427239653654, 1014583.004700624500401 ], [ 992317.868505144375376, 1014616.140750976745039 ], [ 992318.483166230493225, 1014616.497426961082965 ], [ 992324.189510592608713, 1014619.628095885040238 ], [ 992412.221376397646964, 1014665.468298324383795 ], [ 992415.168728590593673, 1014666.961969834752381 ], [ 992417.048639138345607, 1014667.872537472518161 ], [ 992481.88405855523888, 1014698.72263032454066 ], [ 992496.448131618322805, 1014707.337814033264294 ], [ 992497.967520632781088, 1014708.236636285437271 ], [ 992515.018266982515343, 1014718.322737379814498 ], [ 992518.804053531959653, 1014720.562171370373107 ], [ 992522.249157877056859, 1014722.600059205200523 ], [ 992533.065494895447046, 1014728.998298452468589 ], [ 992534.44725812820252, 1014729.805744257406332 ], [ 992535.602683191769756, 1014730.465806332416832 ], [ 992575.57520776882302, 1014753.068204511306249 ], [ 992584.312558214529417, 1014758.008605208364315 ], [ 992606.523669976275414, 1014770.567801698460244 ], [ 992614.021911414340138, 1014774.532107561593875 ], [ 992616.555855576065369, 1014775.75191493157763 ], [ 992632.012130737421103, 1014783.015224653296173 ], [ 992667.112469683284871, 1014799.50944696937222 ], [ 992668.714046183275059, 1014800.262059562490322 ], [ 992669.753513617208228, 1014800.750517562148161 ], [ 992671.191735254717059, 1014801.426361950929277 ], [ 992672.201824742369354, 1014801.901007897453383 ], [ 992679.114643033361062, 1014805.149423523107544 ], [ 992684.328855940257199, 1014807.599675634526648 ], [ 992690.732529788278043, 1014810.428306079935282 ], [ 992698.874260876094922, 1014813.525818175170571 ], [ 992752.089230444980785, 1014832.021037368336692 ], [ 992753.130796226207167, 1014832.378782464074902 ], [ 992762.520384837640449, 1014835.226158245350234 ], [ 992772.076217993744649, 1014837.453155116410926 ], [ 992780.136349421809427, 1014838.828259718604386 ], [ 992785.229695542366244, 1014839.554969373624772 ], [ 992795.07434590824414, 1014840.959433888434432 ], [ 992824.047249071416445, 1014845.092936452827416 ], [ 992825.668034587055445, 1014845.315055193146691 ], [ 992835.432541407877579, 1014846.275877724052407 ], [ 992845.239146790234372, 1014846.595986062311567 ], [ 992855.045803481945768, 1014846.273835982312448 ], [ 992864.810131702106446, 1014845.311200714670122 ], [ 992874.490750353550538, 1014843.711954442202114 ], [ 992884.046056724153459, 1014841.48306763311848 ], [ 992893.43511396588292, 1014838.633832907071337 ], [ 992902.617651150561869, 1014835.176749663427472 ], [ 992911.554506959626451, 1014831.126307666185312 ], [ 992920.207296936307102, 1014826.500203464645892 ], [ 992928.538968088338152, 1014821.318123936536722 ], [ 992936.513909887173213, 1014815.602188622928225 ], [ 992944.097954223398119, 1014809.376949734869413 ], [ 992951.25848635926377, 1014802.668839206569828 ], [ 992956.81274747219868, 1014796.737603345420212 ], [ 992957.965110600925982, 1014795.506942744716071 ], [ 992964.188873597769998, 1014787.921672889147885 ], [ 992969.903151974547654, 1014779.945653618429787 ], [ 992975.083763187867589, 1014771.612946245935746 ], [ 992979.708078019670211, 1014762.959270676481538 ], [ 992983.756573727354407, 1014754.021562932291999 ], [ 992984.305941695696674, 1014752.561721368925646 ], [ 992987.211946551338769, 1014744.838307009194978 ], [ 992987.670893139555119, 1014743.346183789661154 ], [ 992989.747243978083134, 1014736.594970431411639 ], [ 992993.944060059264302, 1014721.408930619712919 ], [ 992993.953043473884463, 1014721.376197563833557 ], [ 992995.222621197113767, 1014716.782157619483769 ], [ 992995.772799229132943, 1014714.791322905453853 ], [ 993006.586089958320372, 1014675.662819165503606 ], [ 993015.838205444510095, 1014642.183302367804572 ], [ 993030.493063521105796, 1014589.153880737139843 ], [ 993041.649758682353422, 1014548.782743987510912 ], [ 993049.773264326620847, 1014519.387466492480598 ], [ 993058.086538660223596, 1014489.305349004338495 ], [ 993061.098560391692445, 1014478.418955033295788 ], [ 993062.509634839720093, 1014473.318570482661016 ], [ 993068.232584354351275, 1014473.803289269912057 ], [ 993078.039235712145455, 1014474.123317228280939 ], [ 993087.845829436089844, 1014473.801308027235791 ], [ 993087.945899538812228, 1014473.791567856562324 ], [ 993097.610207387362607, 1014472.838592423708178 ], [ 993107.290766399120912, 1014471.23937623470556 ], [ 993116.846125404816121, 1014469.010408616974019 ], [ 993126.235125469043851, 1014466.161313824821264 ], [ 993135.41771729872562, 1014462.704148789634928 ], [ 993144.354517466039397, 1014458.653734914259985 ], [ 993153.007252209703438, 1014454.027658029925078 ], [ 993154.864570812089369, 1014452.937266426510178 ], [ 993187.846211830968969, 1014433.253978931112215 ], [ 993191.757437399704941, 1014430.919724678038619 ], [ 993192.13461737264879, 1014430.694625065429136 ], [ 993193.307241993607022, 1014429.994787588831969 ], [ 993193.591775310691446, 1014429.824979048571549 ], [ 993197.518310665618628, 1014427.48163595283404 ], [ 993201.603146224049851, 1014425.043719485285692 ], [ 993208.077559460536577, 1014420.952061974559911 ], [ 993216.052452450385317, 1014415.236156997620128 ], [ 993218.649682697141543, 1014413.197019964805804 ], [ 993223.747399480431341, 1014409.103162618237548 ], [ 993229.02671174320858, 1014404.863385876407847 ], [ 993233.190468619461171, 1014401.519513182807714 ], [ 993248.462894684285857, 1014389.254337932448834 ], [ 993438.039917161921039, 1014237.007522518746555 ], [ 993559.928769204881974, 1014139.12012277264148 ], [ 993579.331559881218709, 1014123.538090651505627 ], [ 993582.395404609967954, 1014121.07749996765051 ], [ 993587.382319219410419, 1014116.891340803354979 ], [ 993589.441278440528549, 1014114.962511495919898 ], [ 993594.542860646382906, 1014110.183292754460126 ], [ 993600.246432638377883, 1014104.153675325564109 ], [ 993612.899751593940891, 1014090.012856284040026 ], [ 993632.520159422419965, 1014068.085837893304415 ], [ 993651.950105003663339, 1014046.371599906124175 ], [ 993652.953056926722638, 1014045.239380352781154 ], [ 993659.176838074810803, 1014037.654059130582027 ], [ 993664.891133265453391, 1014029.677983946283348 ], [ 993670.07164849457331, 1014021.345326490933076 ], [ 993674.696086800191551, 1014012.691585256718099 ], [ 993678.744592107599601, 1014003.753917265450582 ], [ 993679.009473892860115, 1014003.11008799879346 ], [ 993691.101737539982423, 1013973.52071120950859 ], [ 993694.292126365704462, 1013964.98131956893485 ], [ 993697.139407160575502, 1013955.591802776209079 ], [ 993699.366497142240405, 1013946.036021618987434 ], [ 993700.963747299509123, 1013936.355002684984356 ], [ 993701.399951109895483, 1013931.92240398505237 ], [ 993701.76432266831398, 1013928.219761982560158 ], [ 993701.924504146212712, 1013926.59043585381005 ], [ 993702.244665904319845, 1013916.783789612236433 ], [ 993701.922571597970091, 1013906.977306359796785 ], [ 993700.959888570825569, 1013897.212896491982974 ], [ 993699.360724926926196, 1013887.532359632663429 ], [ 993697.131740461918525, 1013877.976942310458981 ], [ 993694.282590470626019, 1013868.588001391384751 ], [ 993691.411387587781064, 1013860.871723524178378 ], [ 993695.728950116666965, 1013848.664629676146433 ], [ 993695.974795830319636, 1013847.969547408050857 ], [ 993695.974804760422558, 1013847.969544815132394 ], [ 993700.42430991306901, 1013835.389390080817975 ], [ 993702.59832386020571, 1013832.039467284572311 ], [ 993704.105195302632637, 1013829.717366650234908 ], [ 993711.298929649405181, 1013818.632256812183186 ], [ 993727.699069659342058, 1013810.581670115585439 ], [ 993727.957115957164206, 1013810.454701196751557 ], [ 993736.60995800443925, 1013805.828581284964457 ], [ 993744.941572059760801, 1013800.646372242597863 ], [ 993752.916568767861463, 1013794.930414374102838 ], [ 993753.269128098618239, 1013794.65901799290441 ], [ 993766.192900724825449, 1013784.679178171325475 ], [ 993818.648058082675561, 1013744.172701292205602 ], [ 993825.879497156711295, 1013738.218838541069999 ], [ 993833.03998360724654, 1013731.510813955916092 ], [ 993836.822322766762227, 1013727.587842185166664 ], [ 993880.130361935473047, 1013681.002127831336111 ], [ 993881.349426529486664, 1013679.674938534968533 ], [ 993885.479052463080734, 1013680.276729712029919 ], [ 993895.243691589101218, 1013681.237466595135629 ], [ 993905.050327905337326, 1013681.557600770727731 ], [ 993914.856913543422706, 1013681.235587422037497 ], [ 993924.621289928560145, 1013680.272867428255267 ], [ 993934.30185342754703, 1013678.673646147130057 ], [ 993943.857222480815835, 1013676.444672297453508 ], [ 993953.246126681566238, 1013673.595569686032832 ], [ 993962.428738092887215, 1013670.138394788024016 ], [ 993969.996224965201691, 1013666.75499455339741 ], [ 994000.362618204322644, 1013652.15781746909488 ], [ 994001.732066503143869, 1013651.491013204329647 ], [ 994010.384831567993388, 1013646.864924561348744 ], [ 994018.716480907518417, 1013641.682745677768253 ], [ 994026.691403140081093, 1013635.966706166858785 ], [ 994034.27542931213975, 1013629.741468295105733 ], [ 994035.948692086734809, 1013628.251469960086979 ], [ 994046.271481612580828, 1013618.920220336527564 ], [ 994065.400711997761391, 1013613.720517430570908 ], [ 994074.281623113201931, 1013611.008479639072903 ], [ 994083.464247247902676, 1013607.5514299107017 ], [ 994092.401084414217621, 1013603.501128508127294 ], [ 994101.053860199521296, 1013598.875050200265832 ], [ 994109.385520720970817, 1013593.692881286609918 ], [ 994117.360454558744095, 1013587.976961918757297 ], [ 994124.944492679904215, 1013581.751622579991817 ], [ 994130.05513603403233, 1013577.055155209614895 ], [ 994134.318318392965011, 1013572.951471177861094 ], [ 994183.228741756174713, 1013525.870431722374633 ], [ 994185.278738845023327, 1013523.858793838182464 ], [ 994191.985366967972368, 1013516.696899196947925 ], [ 994198.209132802556269, 1013509.111623563687317 ], [ 994202.067730795126408, 1013503.848633835907094 ], [ 994204.431637285160832, 1013502.44329313444905 ], [ 994211.125397756928578, 1013498.220887535600923 ], [ 994219.100348935695365, 1013492.50497899740003 ], [ 994226.684404606698081, 1013486.279760581091978 ], [ 994233.844949037884362, 1013479.571774238254875 ], [ 994240.551585505600087, 1013472.409883986692876 ], [ 994246.775359669351019, 1013464.824501863447949 ], [ 994248.153048080974258, 1013462.999909643433057 ], [ 994264.424482881557196, 1013441.107146654045209 ], [ 994268.760973532334901, 1013434.955599950393662 ], [ 994273.941483116475865, 1013426.622874914784916 ], [ 994274.748273650067858, 1013425.113262556958944 ], [ 994278.56591408571694, 1013417.969172367826104 ], [ 994278.726094447076321, 1013417.643386435112916 ], [ 994282.735828853794374, 1013412.641805228544399 ], [ 994288.450123934308067, 1013404.665668176719919 ], [ 994291.835106230806559, 1013399.36091826192569 ], [ 994302.5490947853541, 1013381.767000870429911 ], [ 994304.344627080834471, 1013378.739027445786633 ], [ 994308.968953414121643, 1013370.085326902219094 ], [ 994313.017455320688896, 1013361.147694887942635 ], [ 994316.472828036290593, 1013351.964393896283582 ], [ 994319.320096691488288, 1013342.574792083352804 ], [ 994320.030697497073561, 1013339.525888267322443 ], [ 994321.547171023325063, 1013333.01903147646226 ], [ 994321.564027210348286, 1013332.917405537562445 ], [ 994323.144512569298968, 1013323.338138572871685 ], [ 994324.10524554119911, 1013313.573582024080679 ], [ 994324.425378735293634, 1013303.766940864617936 ], [ 994324.244800107670017, 1013298.266835177666508 ], [ 994324.103250837069936, 1013293.960457463981584 ], [ 994323.982674581697211, 1013292.736436071339995 ], [ 994323.140639782999642, 1013284.195931631722488 ], [ 994322.909195671207272, 1013282.513556712190621 ], [ 994319.858304784982465, 1013261.222355867153965 ], [ 994319.523439331329428, 1013259.263312831404619 ], [ 994318.490539949038066, 1013253.224183439160697 ], [ 994316.26150392589625, 1013243.66886108845938 ], [ 994316.094047081889585, 1013243.116959502105601 ], [ 994313.412406935938634, 1013234.279899488785304 ], [ 994309.95523380022496, 1013225.097328435513191 ], [ 994306.937989194644615, 1013218.4397731841309 ], [ 994306.12123218155466, 1013216.637548115919344 ], [ 994305.904964816640131, 1013216.160403463873081 ], [ 994302.968284033238888, 1013210.667578191845678 ], [ 994302.384543828200549, 1013209.575764355133288 ], [ 994302.269676620140672, 1013209.360884234891273 ], [ 994301.278799173305742, 1013207.507605866179802 ], [ 994300.797239811392501, 1013206.733347416622564 ], [ 994300.29663921170868, 1013205.928497051238082 ], [ 994298.063336175866425, 1013202.337810841039754 ], [ 994296.096709587844089, 1013199.175979178631678 ], [ 994290.380776686128229, 1013191.201129227178171 ], [ 994284.155521789216436, 1013183.61700294027105 ], [ 994277.447463187621906, 1013176.456441269721836 ], [ 994270.285559830372222, 1013169.749852199689485 ], [ 994267.306046584388241, 1013167.205474661197513 ], [ 994257.391918270033784, 1013158.961008263635449 ], [ 994256.225975224399008, 1013157.212796213221736 ], [ 994256.148415844189003, 1013157.09680163487792 ], [ 994250.432586662354879, 1013149.121844061650336 ], [ 994244.207324470276944, 1013141.537720987340435 ], [ 994237.499258525902405, 1013134.3771627797978 ], [ 994230.337347805150785, 1013127.670577401877381 ], [ 994222.752104443730786, 1013121.446824550861493 ], [ 994214.776037464151159, 1013115.732552143977955 ], [ 994206.443319914629683, 1013110.551975149544887 ], [ 994200.395889315521345, 1013107.320453446125612 ], [ 994203.086677396437153, 1013106.239756704657339 ], [ 994212.023578938911669, 1013102.189580959035084 ], [ 994220.676307229092345, 1013097.563406778266653 ], [ 994229.008030037279241, 1013092.381252131424844 ], [ 994236.982913764659315, 1013086.665235945140012 ], [ 994237.200798048521392, 1013086.497688247240148 ], [ 994252.383583738934249, 1013074.800871985964477 ], [ 994259.74979902326595, 1013068.743205623119138 ], [ 994266.910385358380154, 1013062.035223527462222 ], [ 994273.616950563620776, 1013054.873337354860269 ], [ 994279.840762017760426, 1013047.288069707341492 ], [ 994281.737409689812921, 1013044.761024268344045 ], [ 994291.132436393178068, 1013031.965128969517536 ], [ 994294.950001276913099, 1013026.516038683126681 ], [ 994300.130541527760215, 1013018.183427202980965 ], [ 994304.754889400792308, 1013009.529727447777987 ], [ 994308.803410158841871, 1013000.592096243635751 ], [ 994310.51764392433688, 1012996.263576575904153 ], [ 994312.777386964764446, 1012990.288232394726947 ], [ 994317.133261149283499, 1012978.769820622168481 ], [ 994318.874306060839444, 1012973.915150914806873 ], [ 994320.991871481295675, 1012967.154465393978171 ], [ 994325.729668169631623, 1012960.790244687348604 ], [ 994330.138742305221967, 1012954.54138522373978 ], [ 994335.319291211199015, 1012946.208665762795135 ], [ 994338.873399826465175, 1012939.682972575421445 ], [ 994361.726327598444186, 1012914.049544442794286 ], [ 994362.547257735859603, 1012913.121039693476632 ], [ 994368.771089391317219, 1012905.535779698868282 ], [ 994374.485431331093423, 1012897.559761132462882 ], [ 994379.665877919411287, 1012889.227044871542603 ], [ 994384.290242511546239, 1012880.573350333725102 ], [ 994388.338779325014912, 1012871.63572377001401 ], [ 994390.314785412978381, 1012866.384050125954673 ], [ 994391.794072505668737, 1012862.452427651849575 ], [ 994391.854967165156268, 1012862.251827830681577 ], [ 994394.641368956305087, 1012853.062940686009824 ], [ 994395.346120112808421, 1012850.328864873270504 ], [ 994399.577455561724491, 1012851.529034663224593 ], [ 994409.133261857554317, 1012853.756124815903604 ], [ 994418.81416894053109, 1012855.353333109524101 ], [ 994428.57879380939994, 1012856.314138251822442 ], [ 994433.000884801265784, 1012856.537969295983203 ], [ 994452.473130695871077, 1012857.235779541893862 ], [ 994454.147965623880737, 1012857.210889157024212 ], [ 994457.857666600961238, 1012857.332042179768905 ], [ 994462.940633174497634, 1012857.16514205688145 ], [ 994467.664247391046956, 1012857.009989628917538 ], [ 994477.428623147308826, 1012856.047340899473056 ], [ 994487.109189750743099, 1012854.448079877183773 ], [ 994496.664565164945088, 1012852.21917613921687 ], [ 994506.053589413990267, 1012849.369921440025792 ], [ 994507.044643535860814, 1012849.029590845690109 ], [ 994522.58787026302889, 1012843.630216683144681 ], [ 994530.779440087266266, 1012840.51344180572778 ], [ 994539.716278268373571, 1012836.463194139767438 ], [ 994548.369055658113211, 1012831.837057456024922 ], [ 994556.700717898318544, 1012826.65482843015343 ], [ 994564.67565308266785, 1012820.938957553938963 ], [ 994565.906862253439613, 1012819.983775986125693 ], [ 994573.955092254094779, 1012813.672970812302083 ], [ 994577.381353712291457, 1012810.986256147851236 ], [ 994579.386804263107479, 1012809.322633480885997 ], [ 994581.214072583825327, 1012807.806751936324872 ], [ 994581.21408770699054, 1012807.806739389779978 ], [ 994583.734184682602063, 1012805.716145672486164 ], [ 994590.894823386566713, 1012799.008194588241167 ], [ 994594.226396654150449, 1012795.567872282932512 ], [ 994600.467189125483856, 1012788.913618559250608 ], [ 994601.379349790746346, 1012788.399128341116011 ], [ 994602.692896062624641, 1012787.649402635288425 ], [ 994611.024566667154431, 1012782.46717959898524 ], [ 994618.999510399531573, 1012776.751314481487498 ], [ 994620.518165912129916, 1012775.570195188047364 ], [ 994652.61293942690827, 1012750.277137419790961 ], [ 994658.678224348579533, 1012745.232971783727407 ], [ 994665.838875113520771, 1012738.524917283095419 ], [ 994666.515598126454279, 1012737.843686717329547 ], [ 994677.370232068467885, 1012726.847016393439844 ], [ 994683.400029998738319, 1012720.366286965436302 ], [ 994689.623797592706978, 1012712.781053650425747 ], [ 994695.070277976803482, 1012705.178955122828484 ], [ 994695.338075847714208, 1012704.804949105135165 ], [ 994699.147215373581275, 1012698.799432641477324 ], [ 994701.010562427807599, 1012695.701576953055337 ], [ 994702.368164556333795, 1012693.444619970745407 ], [ 994706.543030069326051, 1012686.503667385666631 ], [ 994707.914495972800069, 1012684.176490116282366 ], [ 994712.538798609399237, 1012675.522816173150204 ], [ 994716.587384124402888, 1012666.585097184521146 ], [ 994720.042614568956196, 1012657.401816720142961 ], [ 994720.495734564960003, 1012656.01696989138145 ], [ 994721.068318492732942, 1012654.266420897562057 ], [ 994729.412428754614666, 1012627.776202653767541 ], [ 994731.23407009919174, 1012621.522124826908112 ], [ 994733.461105948779732, 1012611.966268038959242 ], [ 994735.058403849950992, 1012602.285386156407185 ], [ 994735.962783379945904, 1012593.348214061115868 ], [ 994737.509998698602431, 1012571.556859212345444 ], [ 994737.566414033761248, 1012570.729371766094118 ], [ 994737.886492742341943, 1012560.9227347971173 ], [ 994737.564415164990351, 1012551.116141507867724 ], [ 994736.601737164193764, 1012541.351723451982252 ], [ 994735.002566343056969, 1012531.671169714652933 ], [ 994732.773562045535073, 1012522.115837475284934 ], [ 994731.934160458273254, 1012519.110281284782104 ], [ 994725.894607756054029, 1012498.319102648063563 ], [ 994723.88471451413352, 1012491.935684100841172 ], [ 994720.525874230428599, 1012483.014062985545024 ], [ 994720.427558062365279, 1012482.753207226516679 ], [ 994716.396495139342733, 1012473.855296640889719 ], [ 994712.145332512329333, 1012465.230427768779919 ], [ 994709.941966725629754, 1012460.760309093166143 ], [ 994699.775766640319489, 1012440.135398004786111 ], [ 994682.253347975551151, 1012404.586431495379657 ], [ 994682.234151574084535, 1012404.547397437272593 ], [ 994677.607980698812753, 1012395.894689676701091 ], [ 994672.425878485082649, 1012387.563039396540262 ], [ 994667.143321344745345, 1012380.155417876318097 ], [ 994652.78721596498508, 1012361.264392584329471 ], [ 994652.353820007294416, 1012360.696916731656529 ], [ 994646.128534969757311, 1012353.112873203353956 ], [ 994639.420549986301921, 1012345.952391871018335 ], [ 994635.831413574633189, 1012342.481477810302749 ], [ 994630.140206596581265, 1012333.078217475209385 ], [ 994629.916502317064442, 1012330.956168337608688 ], [ 994627.935553136165254, 1012313.363295050221495 ], [ 994627.592422688147053, 1012310.554762431187555 ], [ 994625.993233741726726, 1012300.874211337184533 ], [ 994623.764320565387607, 1012291.318882594699971 ], [ 994620.915116235380992, 1012281.929912019753829 ], [ 994617.457938403007574, 1012272.747329441015609 ], [ 994616.321105256094597, 1012270.076747547835112 ], [ 994608.542512573301792, 1012252.284567411872558 ], [ 994605.629062480293214, 1012246.018321185489185 ], [ 994601.002873716410249, 1012237.365507590351626 ], [ 994595.82075277948752, 1012229.033862583804876 ], [ 994590.104891374474391, 1012221.058992069330998 ], [ 994585.797235877835192, 1012215.704922605189495 ], [ 994575.180202350136824, 1012203.110952085349709 ], [ 994573.262554957414977, 1012200.880872803158127 ], [ 994566.554550137137994, 1012193.720397851080634 ], [ 994559.392693052068353, 1012187.013783027883619 ], [ 994551.807385141146369, 1012180.78999874391593 ], [ 994543.831246648449451, 1012175.075693037128076 ], [ 994535.498561885673553, 1012169.895191603456624 ], [ 994534.047431506915018, 1012169.06825274717994 ], [ 994533.578774001100101, 1012168.804769403999671 ], [ 994521.933873534318991, 1012146.208534487406723 ], [ 994518.496186986914836, 1012139.912582159158774 ], [ 994513.31405071169138, 1012131.580942721455358 ], [ 994509.098980770329945, 1012125.595448963111266 ], [ 994497.242072599590756, 1012109.603066849871539 ], [ 994495.74126488273032, 1012107.613585862447508 ], [ 994489.516055249143392, 1012100.029555044369772 ], [ 994482.808033964829519, 1012092.868866196135059 ], [ 994481.383709537331015, 1012091.463804809958674 ], [ 994475.567140453844331, 1012085.801436366746202 ], [ 994473.61189926485531, 1012079.2260507857427 ], [ 994472.476107053458691, 1012075.703327703638934 ], [ 994474.297076730639674, 1012072.578488191240467 ], [ 994474.60702412831597, 1012072.044134880765341 ], [ 994479.231449062586762, 1012063.390448487363756 ], [ 994481.757436252897605, 1012057.999738069018349 ], [ 994485.429855613037944, 1012049.739459316362627 ], [ 994485.847836566157639, 1012048.799152619787492 ], [ 994497.666514302138239, 1012029.340783346211538 ], [ 994499.372673348523676, 1012026.459785476443358 ], [ 994503.996992854168639, 1012017.806100728921592 ], [ 994505.435096147935838, 1012014.805914846132509 ], [ 994511.013547243434004, 1012002.828074383200146 ], [ 994566.389535031281412, 1012008.071609756909311 ], [ 994571.627042097738013, 1012008.567533791181631 ], [ 994594.01439673139248, 1012010.687369948718697 ], [ 994598.35732793493662, 1012011.035068012657575 ], [ 994604.373888417729177, 1012011.307675338815898 ], [ 994612.280757663305849, 1012011.506835969164968 ], [ 994613.722622026340105, 1012011.477652736357413 ], [ 994616.070708336541429, 1012011.554343920084648 ], [ 994621.797559698461555, 1012011.444359742803499 ], [ 994692.409108427702449, 1012008.738531679729931 ], [ 994696.488834783667699, 1012008.526267113164067 ], [ 994704.617532569449395, 1012007.769995360518806 ], [ 994714.573385407566093, 1012006.569503393257037 ], [ 994716.209173055831343, 1012006.363046244485304 ], [ 994725.119667280465364, 1012004.915034287725575 ], [ 994747.194310352439061, 1012004.520306177553721 ], [ 994754.335279355058447, 1012004.222246933029965 ], [ 994764.099654995137826, 1012003.259635717025958 ], [ 994773.780222987174056, 1012001.660412051598541 ], [ 994783.33560082281474, 1011999.431434773490764 ], [ 994792.724628032650799, 1011996.582216638256796 ], [ 994801.907142867567018, 1011993.125145437079482 ], [ 994810.843982204212807, 1011989.074820514186285 ], [ 994819.496759742149152, 1011984.448826872045174 ], [ 994820.745704441447742, 1011983.671997478581034 ], [ 994825.003938772948459, 1011981.023519995505922 ], [ 994827.828420631936751, 1011979.266629268764518 ], [ 994829.061984518659301, 1011978.433423810289241 ], [ 994982.713544136262499, 1011873.523238279623911 ], [ 994987.285777231561951, 1011871.667490856954828 ], [ 994988.290709710679948, 1011871.255398183246143 ], [ 994997.107198874116875, 1011867.264374712249264 ], [ 995082.428986118989997, 1011825.272674265899695 ], [ 995082.549249122617766, 1011825.213394805206917 ], [ 995091.202060959418304, 1011820.587321435799822 ], [ 995099.533757448429242, 1011815.405153607833199 ], [ 995100.084585406933911, 1011815.010452443035319 ], [ 995100.57270334858913, 1011814.660595017368905 ], [ 995101.547912865760736, 1011813.961713010095991 ], [ 995104.532869908260182, 1011811.822162989759818 ], [ 995105.707784027210437, 1011810.9800506538013 ], [ 995107.508726065861993, 1011809.689341556746513 ], [ 995115.09268572833389, 1011803.464104752056301 ], [ 995122.253352518309839, 1011796.75598474079743 ], [ 995122.258677651989274, 1011796.750676480238326 ], [ 995123.708665555226617, 1011795.280179444467649 ], [ 995139.288314914912917, 1011779.260436191922054 ], [ 995142.82652804616373, 1011775.622405909118243 ], [ 995156.862009153235704, 1011761.190496166935191 ], [ 995157.525096255587414, 1011760.472557891509496 ], [ 995162.113344245939516, 1011755.504495988134295 ], [ 995168.33701487921644, 1011747.91919368004892 ], [ 995174.051414226531051, 1011739.943127605016343 ], [ 995179.231914029922336, 1011731.610358379315585 ], [ 995183.85632694978267, 1011722.956715773441829 ], [ 995187.904795563430525, 1011714.019024637644179 ], [ 995191.360125267063268, 1011704.835878999205306 ], [ 995194.20745135564357, 1011695.446315054316074 ], [ 995196.434460968244821, 1011685.890474682906643 ], [ 995198.031836845446378, 1011676.209605411393568 ], [ 995198.070428236620501, 1011675.91390737623442 ], [ 995205.062325051054358, 1011621.934754249406978 ], [ 995205.984379071742296, 1011612.465912325307727 ], [ 995206.304522191174328, 1011602.659280336461961 ], [ 995205.982501121237874, 1011592.852798643172719 ], [ 995205.019760522525758, 1011583.088267073733732 ], [ 995203.420629700296558, 1011573.407706447993405 ], [ 995203.327737948042341, 1011572.94448517926503 ], [ 995208.577097964705899, 1011565.554976605228148 ], [ 995211.019056976540014, 1011562.010569657082669 ], [ 995216.199572799960151, 1011553.67791401152499 ], [ 995220.823889659834094, 1011545.024163564085029 ], [ 995224.872482940321788, 1011536.08647489384748 ], [ 995228.327714177081361, 1011526.903220858657733 ], [ 995231.175051467958838, 1011517.513769391342066 ], [ 995233.402181883575395, 1011507.957930603646673 ], [ 995234.038368396926671, 1011504.552747286041267 ], [ 995241.031608977355063, 1011464.568053761846386 ], [ 995241.99269696418196, 1011458.292369259521365 ], [ 995242.953460241202265, 1011448.527719648205675 ], [ 995243.2736089034006, 1011438.721088277059607 ], [ 995242.951481066644192, 1011428.914496309473179 ], [ 995241.988854241673835, 1011419.150185873964801 ], [ 995240.389613903709687, 1011409.469624914927408 ], [ 995238.160641127964482, 1011399.914281208650209 ], [ 995235.311479738214985, 1011390.525290633086115 ], [ 995234.946507163462229, 1011389.463506984873675 ], [ 995229.844893608591519, 1011374.801120168645866 ], [ 995228.973635808099061, 1011372.297052425332367 ], [ 995225.71281287400052, 1011362.92517628823407 ], [ 995224.988621606840752, 1011360.843679916346446 ], [ 995218.948327177437022, 1011343.48348977486603 ], [ 995215.856152770458721, 1011335.362556003616191 ], [ 995211.80589221266564, 1011326.425809261272661 ], [ 995207.179828540305607, 1011317.772961677284911 ], [ 995201.99771266640164, 1011309.441388758015819 ], [ 995196.28173625015188, 1011301.466475410619751 ], [ 995190.056531765498221, 1011293.882389970473014 ], [ 995186.031621235772036, 1011289.474076600163244 ], [ 995184.014122675987892, 1011287.350700284005143 ], [ 995181.777820327668451, 1011284.997216961695813 ], [ 995174.674355629482307, 1011277.521336256526411 ], [ 995169.30534217087552, 1011271.870942455017939 ], [ 995153.552355453604832, 1011255.292180535383523 ], [ 995117.436839440721087, 1011168.037255432456732 ], [ 995116.899879803066142, 1011166.739944057189859 ], [ 995110.488701459136792, 1011151.250653645023704 ], [ 995109.877901965985075, 1011149.774933275766671 ], [ 995099.64980618970003, 1011125.064094780478626 ], [ 995099.629277634434402, 1011125.014444872154854 ], [ 995095.578992877155542, 1011116.077593873837031 ], [ 995090.952903881901875, 1011107.424864030908793 ], [ 995085.770761622930877, 1011099.093188497005031 ], [ 995080.054868845734745, 1011091.118283872958273 ], [ 995073.829525295528583, 1011083.534207916469313 ], [ 995067.121582469088025, 1011076.373580652172677 ], [ 995059.959666935727, 1011069.667031529941596 ], [ 995052.374402258661576, 1011063.443199400790036 ], [ 995044.398298044805415, 1011057.728953663958237 ], [ 995036.065638924948871, 1011052.548399077379145 ], [ 995027.411929898778908, 1011047.924092158908024 ], [ 995018.474229088402353, 1011043.875603607855737 ], [ 995009.29103683528956, 1011040.420292381430045 ], [ 994999.9014080632478, 1011037.572863420471549 ], [ 994990.345618017483503, 1011035.345699365250766 ], [ 994980.664718405227177, 1011033.748418235918507 ], [ 994970.900204575969838, 1011032.787652290775441 ], [ 994961.093571702484041, 1011032.467600989271887 ], [ 994951.286980474949814, 1011032.7895885752514 ], [ 994941.522591431508772, 1011033.752285337657668 ], [ 994938.839667781372555, 1011034.195450670667924 ], [ 994931.842010157881305, 1011035.351597015396692 ], [ 994922.286620152764954, 1011037.580554222222418 ], [ 994918.4978048033081, 1011038.649685316137038 ], [ 994896.759679301292636, 1011045.092940508387983 ], [ 994891.159569267067127, 1011046.873011533054523 ], [ 994886.447378410142846, 1011048.647053068620153 ], [ 994881.977049078792334, 1011050.330070166615769 ], [ 994875.393795294570737, 1011053.313668389804661 ], [ 994873.040208411985077, 1011054.380384795600548 ], [ 994872.731450187042356, 1011054.545393158914521 ], [ 994869.999957028077915, 1011056.005772617761977 ], [ 994869.241916521103121, 1011056.411027295165695 ], [ 994864.387434396310709, 1011059.006480872281827 ], [ 994856.055782593088225, 1011064.188561717746779 ], [ 994848.080755091039464, 1011069.904508532723412 ], [ 994840.496744319330901, 1011076.129769764374942 ], [ 994835.280941439326853, 1011080.927816626382992 ], [ 994807.294715489377268, 1011107.919704556115903 ], [ 994805.350031829089858, 1011109.82980276516173 ], [ 994798.643358660629019, 1011116.991637014551088 ], [ 994792.419672676012851, 1011124.577078186441213 ], [ 994786.705266341916285, 1011132.553060459555127 ], [ 994781.524767806287855, 1011140.885744036175311 ], [ 994776.900364206172526, 1011149.539409422897734 ], [ 994772.851912633515894, 1011158.477010284317657 ], [ 994769.396607334725559, 1011167.660394672537223 ], [ 994766.549201551126316, 1011177.049862660351209 ], [ 994764.322229554411024, 1011186.605714475270361 ], [ 994762.724897022708319, 1011196.286591873504221 ], [ 994761.764079729677178, 1011206.051136769470759 ], [ 994761.514575253706425, 1011211.246395325870253 ], [ 994760.119588956236839, 1011256.728325776639394 ], [ 994760.049115450354293, 1011261.339700611191802 ], [ 994760.371082929661497, 1011271.146290756179951 ], [ 994761.333772074780427, 1011280.910706022754312 ], [ 994762.932963810977526, 1011290.591257392778061 ], [ 994764.134852559305727, 1011295.743462862097658 ], [ 994764.134853708557785, 1011295.743467788328417 ], [ 994764.544394295429811, 1011297.499191430513747 ], [ 994765.161998245632276, 1011300.146587770082988 ], [ 994768.011108958744444, 1011309.535561455297284 ], [ 994768.047950967215002, 1011309.643818517331965 ], [ 994783.313740693847649, 1011354.488672428647988 ], [ 994804.754407257772982, 1011420.619442500174046 ], [ 994805.407355700852349, 1011422.586758990888484 ], [ 994806.993318498134613, 1011427.026731917518191 ], [ 994805.695654909126461, 1011430.065384566085413 ], [ 994802.693824377958663, 1011437.932261904235929 ], [ 994791.61138337245211, 1011469.620763498125598 ], [ 994791.157806560513563, 1011470.937048738938756 ], [ 994788.310520606348291, 1011480.326516736648045 ], [ 994786.083444066811353, 1011489.882368751335889 ], [ 994784.486115459352732, 1011499.563246496836655 ], [ 994783.525410526897758, 1011509.327902473160066 ], [ 994783.205320339184254, 1011519.134536479483359 ], [ 994783.52728413825389, 1011528.941016747732647 ], [ 994783.538390154251829, 1011529.108326222165488 ], [ 994783.701980755780824, 1011531.558364915894344 ], [ 994689.577145448536612, 1011593.443988870945759 ], [ 994658.798133376054466, 1011613.546440738253295 ], [ 994636.632440455374308, 1011614.494329174631275 ], [ 994632.290286427480169, 1011614.472292039892636 ], [ 994602.43208326457534, 1011614.320876683457755 ], [ 994590.942678833846003, 1011614.126279107062146 ], [ 994568.115535169024952, 1011613.739732402260415 ], [ 994565.561632993980311, 1011613.71823728014715 ], [ 994559.969545825035311, 1011613.718739885021932 ], [ 994550.830761932418682, 1011611.602735643973574 ], [ 994541.149813531781547, 1011610.005399156943895 ], [ 994532.533123764093034, 1011609.12411643343512 ], [ 994506.974769087391905, 1011603.83889701613225 ], [ 994505.847969854366966, 1011603.610293710953556 ], [ 994496.1670194856124, 1011602.013073408626951 ], [ 994494.113584527629428, 1011601.757222334621474 ], [ 994488.854368644184433, 1011600.613185041001998 ], [ 994479.173528470448218, 1011599.015966845676303 ], [ 994469.408967885305174, 1011598.055153943831101 ], [ 994459.60229274246376, 1011597.735056098084897 ], [ 994453.839685907470994, 1011597.84638146054931 ], [ 994436.041088322643191, 1011598.532820893917233 ], [ 994430.424557445337996, 1011598.059049338102341 ], [ 994420.617882089223713, 1011597.738956419401802 ], [ 994410.81136386457365, 1011598.06101310136728 ], [ 994401.046941061620601, 1011599.023668230627663 ], [ 994391.366329901269637, 1011600.622827239101753 ], [ 994381.811024509603158, 1011602.851852193358354 ], [ 994376.939974474837072, 1011604.246088492684066 ], [ 994345.349921906599775, 1011613.869221051922068 ], [ 994336.989832944353111, 1011615.770068298908882 ], [ 994331.412491711555049, 1011617.151089241262525 ], [ 994329.758412046474405, 1011617.653030262794346 ], [ 994322.023656655917875, 1011620.000252061989158 ], [ 994312.841118259355426, 1011623.457379526691511 ], [ 994310.817835651454516, 1011624.369385275640525 ], [ 994304.445555279846303, 1011627.241993532632478 ], [ 994290.521812680875883, 1011634.040589894051664 ], [ 994289.980519478092901, 1011634.306357761728577 ], [ 994281.327733615296893, 1011638.932410008623265 ], [ 994273.704103830968961, 1011643.644198703579605 ], [ 994250.684850947582163, 1011658.840391418198124 ], [ 994249.976708266302012, 1011659.310748234507628 ], [ 994242.001786372275092, 1011665.026648739119992 ], [ 994234.940410750801675, 1011670.795672008884139 ], [ 994223.206038691219874, 1011680.992849057889543 ], [ 994222.683399401139468, 1011681.449037842685357 ], [ 994215.522798810503446, 1011688.157020251615904 ], [ 994208.816230100695975, 1011695.318907655542716 ], [ 994202.592426354298368, 1011702.904177227523178 ], [ 994196.878123428556137, 1011710.880315805901773 ], [ 994196.567949455580674, 1011711.34644123679027 ], [ 994188.022639829549007, 1011724.242244265275076 ], [ 994183.152308203396387, 1011732.108734127832577 ], [ 994178.527895957813598, 1011740.762437586439773 ], [ 994174.479433618951589, 1011749.700072111445479 ], [ 994171.774067648220807, 1011756.727084396290593 ], [ 994152.977051814086735, 1011786.285905256983824 ], [ 994149.641615516506135, 1011791.788153668749146 ], [ 994145.017210630467162, 1011800.441859347512946 ], [ 994142.457183120772243, 1011805.909105708589777 ], [ 994132.783234535483643, 1011827.701416082913056 ], [ 994131.294696657685563, 1011831.171806436264887 ], [ 994127.839386856532656, 1011840.355000967159867 ], [ 994125.814644768484868, 1011846.794442510814406 ], [ 994119.166040285606869, 1011858.70936029497534 ], [ 994100.463859136332758, 1011884.430225769290701 ], [ 994097.055602814536542, 1011889.318974447785877 ], [ 994091.875118323951028, 1011897.651596469222568 ], [ 994087.250726291094907, 1011906.305305975256488 ], [ 994084.711449960595928, 1011911.725887377397157 ], [ 994068.721402785624377, 1011947.713078431086615 ], [ 994068.547911618719809, 1011948.105104165850207 ], [ 994063.391212536836974, 1011959.800850554485805 ], [ 994062.055427938350476, 1011962.925994360703044 ], [ 994058.600132363731973, 1011972.109303037752397 ], [ 994055.752731985179707, 1011981.498800314962864 ], [ 994053.525649604736827, 1011991.054565157508478 ], [ 994052.205082511412911, 1011998.735899097286165 ], [ 994048.908593559870496, 1012021.427204728010111 ], [ 994048.631934516713955, 1012023.426765995565802 ], [ 994047.671218409319408, 1012033.191322903847322 ], [ 994047.351113194599748, 1012042.997962306952104 ], [ 994047.477287285146303, 1012049.13314124091994 ], [ 994048.338959796587005, 1012070.124817470787093 ], [ 994048.534841076587327, 1012073.796118080732413 ], [ 994049.497611071565188, 1012083.560416808351874 ], [ 994050.38896469201427, 1012089.427486776607111 ], [ 994052.745748912682757, 1012103.109259904362261 ], [ 994049.997514366055839, 1012112.156057175830938 ], [ 994048.629020569031127, 1012116.945349358138628 ], [ 994046.401943158823997, 1012126.501225375919603 ], [ 994044.804609779384919, 1012136.182121095131151 ], [ 994043.843895709025674, 1012145.946678357431665 ], [ 994043.523791609448381, 1012155.753318073926494 ], [ 994043.798859649104998, 1012164.816691782325506 ], [ 994045.320758177782409, 1012189.906589944264852 ], [ 994045.367745745112188, 1012190.649696028674953 ], [ 994046.330403920728713, 1012200.414105596020818 ], [ 994046.482804617495276, 1012201.336899012094364 ], [ 994046.838339058682323, 1012203.489085833891295 ], [ 994047.290539281209931, 1012206.226653578341939 ], [ 994047.929556420189328, 1012210.09464528830722 ], [ 994050.15854304167442, 1012219.649958056630567 ], [ 994053.007708043674938, 1012229.039018851704895 ], [ 994056.464844009024091, 1012238.221576891141012 ], [ 994059.749872350599617, 1012245.583971842657775 ], [ 994069.418085391866043, 1012265.774915142566897 ], [ 994070.183293540845625, 1012267.349320258828811 ], [ 994074.809429246000946, 1012276.002102852915414 ], [ 994079.991603531409055, 1012284.333934841444716 ], [ 994083.32358288706746, 1012289.115790306124836 ], [ 994122.951174052315764, 1012343.692633792757988 ], [ 994130.370603272807784, 1012361.194516677060165 ], [ 994133.947886121924967, 1012369.002426812192425 ], [ 994136.867755811428651, 1012374.619761346839368 ], [ 994142.826513749081641, 1012385.514825036749244 ], [ 994144.532655242481269, 1012388.550277126487345 ], [ 994149.71481456712354, 1012396.882003273116425 ], [ 994155.43070889916271, 1012404.856952588539571 ], [ 994161.113796532037668, 1012411.819307214813307 ], [ 994170.391160536091775, 1012422.514080421766266 ], [ 994170.933402175665833, 1012423.135841091396287 ], [ 994177.641424313304015, 1012430.296392967691645 ], [ 994184.803292570170015, 1012437.002973029739223 ], [ 994192.388605496380478, 1012443.226721833576448 ], [ 994193.702395652653649, 1012444.223186541697942 ], [ 994198.521398059558123, 1012447.836638742941432 ], [ 994196.805654090014286, 1012448.38171444251202 ], [ 994187.62310873658862, 1012451.838969218079001 ], [ 994182.47902969410643, 1012454.083944997284561 ], [ 994099.905798362568021, 1012491.976957393810153 ], [ 994096.112905372865498, 1012493.782162772724405 ], [ 994087.460116444271989, 1012498.408349484554492 ], [ 994079.995339441229589, 1012503.015426266123541 ], [ 994066.631540299393237, 1012511.813232103944756 ], [ 994065.764761491212994, 1012512.388323943130672 ], [ 994057.789719584048726, 1012518.104135242523625 ], [ 994050.205692458897829, 1012524.329478319501504 ], [ 994043.045185336261056, 1012531.037479170365259 ], [ 994036.338484350941144, 1012538.199384091538377 ], [ 994030.165685162879527, 1012545.718317112885416 ], [ 994018.5717550519621, 1012560.813518602051772 ], [ 994018.520835884730332, 1012560.879761038464494 ], [ 994012.806505094631575, 1012568.855915902997367 ], [ 994007.626075881416909, 1012577.188545647659339 ], [ 994003.00162370572798, 1012585.842262279707938 ], [ 993998.953115836135112, 1012594.779798092320561 ], [ 993995.497856767382473, 1012603.963222071062773 ], [ 993994.654754064045846, 1012606.52314586029388 ], [ 993989.258538316120394, 1012623.416927124606445 ], [ 993987.254384253756143, 1012630.246505001676269 ], [ 993985.027329889941029, 1012639.802273725275882 ], [ 993983.621399215771817, 1012648.079100037110038 ], [ 993981.586327451979741, 1012662.494261262007058 ], [ 993976.463060848414898, 1012655.346208949340507 ], [ 993970.237732373643667, 1012647.762108147027902 ], [ 993963.529709458583966, 1012640.601573832798749 ], [ 993956.36784043640364, 1012633.895013881614432 ], [ 993950.738070418592542, 1012629.19716408662498 ], [ 993934.873128041159362, 1012616.60380033950787 ], [ 993932.917583759408444, 1012615.077813967363909 ], [ 993924.94155419326853, 1012609.363460758700967 ], [ 993916.608873697696254, 1012604.183025390724652 ], [ 993915.163736024871469, 1012603.359525615116581 ], [ 993925.146804916439578, 1012579.679083721130155 ], [ 993925.514744154177606, 1012578.798491873079911 ], [ 993928.969996126019396, 1012569.615285902749747 ], [ 993931.170060400851071, 1012562.566186328302138 ], [ 993934.877306748414412, 1012549.570984689169563 ], [ 993935.524605312966742, 1012547.230580510105938 ], [ 993937.751656378502958, 1012537.674699965165928 ], [ 993939.348967541358434, 1012527.993800780852325 ], [ 993940.309663146384992, 1012518.229241048684344 ], [ 993940.504087993176654, 1012514.577814424876124 ], [ 993941.032514309627004, 1012501.682938665035181 ], [ 993940.836221721023321, 1012485.721133155864663 ], [ 993939.873553356854245, 1012475.956724065006711 ], [ 993938.274392426013947, 1012466.276185844209976 ], [ 993938.18093919835519, 1012465.810643742210232 ], [ 993935.430736200651154, 1012452.216373734525405 ], [ 993933.295195030514151, 1012443.126605693134479 ], [ 993930.622246763668954, 1012434.259812778444029 ], [ 993925.530394167406484, 1012419.081642358913086 ], [ 993926.673838947084732, 1012413.825267565553077 ], [ 993928.271151466295123, 1012404.144368477514945 ], [ 993929.231847395189106, 1012394.37980892311316 ], [ 993929.282708198879845, 1012393.568576791672967 ], [ 993930.470280565321445, 1012373.776330611086451 ], [ 993930.41743886761833, 1012354.974441842408851 ], [ 993929.454767757095397, 1012345.210033177747391 ], [ 993927.855603015399538, 1012335.529495453927666 ], [ 993925.626604433986358, 1012325.97418578225188 ], [ 993922.777427366003394, 1012316.585129299899563 ], [ 993922.696084816940129, 1012316.346057819435373 ], [ 993917.576611991855316, 1012301.352562055690214 ], [ 993914.200915766414255, 1012292.409081369056366 ], [ 993910.150553265237249, 1012283.472178206895478 ], [ 993907.052790809771977, 1012277.530419098213315 ], [ 993901.993901916895993, 1012268.334502543206327 ], [ 993900.465621193521656, 1012265.623599341954105 ], [ 993895.283426240901463, 1012257.291889741201885 ], [ 993889.567494193674065, 1012249.316959504038095 ], [ 993887.078601883142255, 1012246.162367565440945 ], [ 993881.080243761651218, 1012238.765913655399345 ], [ 993877.343877079430968, 1012234.33652295905631 ], [ 993870.63592106080614, 1012227.175886353012174 ], [ 993863.474006074597128, 1012220.469335166155361 ], [ 993855.888755685067736, 1012214.245618378743529 ], [ 993847.912679406930692, 1012208.531162561033852 ], [ 993839.579950833925977, 1012203.350624873186462 ], [ 993830.926296681631356, 1012198.726229524356313 ], [ 993821.988663887954317, 1012194.677767815999687 ], [ 993812.805330596864223, 1012191.22248754510656 ], [ 993803.415795189677738, 1012188.375093033886515 ], [ 993793.859999663312919, 1012186.14807689038571 ], [ 993784.179106208612211, 1012184.550724748754874 ], [ 993774.414498738478869, 1012183.58999998786021 ], [ 993773.668713037273847, 1012183.565621341811493 ], [ 993764.607893771957606, 1012183.269880231237039 ], [ 993754.801340464036912, 1012183.591910255723633 ], [ 993745.036887762486003, 1012184.554649096098728 ], [ 993737.591464845696464, 1012185.784588490612805 ], [ 993735.356362452264875, 1012186.153891255846247 ], [ 993725.801036402699538, 1012188.38277729623951 ], [ 993717.733631478040479, 1012190.790022887755185 ], [ 993706.509107054676861, 1012194.485473281238228 ], [ 993699.779053765465505, 1012196.701193763292395 ], [ 993683.718398661469109, 1012201.988864768529311 ], [ 993682.396726912236772, 1012202.430857438128442 ], [ 993673.214174509630539, 1012205.88806232647039 ], [ 993664.277307347860187, 1012209.938298457185738 ], [ 993655.624511728296056, 1012214.564422423602082 ], [ 993647.292842352995649, 1012219.746636948548257 ], [ 993639.317911371123046, 1012225.462490911711939 ], [ 993631.733888444025069, 1012231.687763967434876 ], [ 993624.573278808384202, 1012238.395803124527447 ], [ 993617.866701360675506, 1012245.557633303920738 ], [ 993611.64288877567742, 1012253.143063191557303 ], [ 993608.308317593997344, 1012257.662374486331828 ], [ 993602.144716521259397, 1012263.488001292571425 ], [ 993595.438143333536573, 1012270.649944099364802 ], [ 993589.214334957883693, 1012278.235154722351581 ], [ 993583.500026783789508, 1012286.211230371962301 ], [ 993578.319513208582066, 1012294.543888565152884 ], [ 993576.238686885568313, 1012298.270336396177299 ], [ 993571.381528230034746, 1012307.2672332219081 ], [ 993568.837933391449042, 1012312.194527574814856 ], [ 993564.789460680447519, 1012321.132196452934295 ], [ 993564.148109551519156, 1012322.836315467604436 ], [ 993561.33412931044586, 1012330.315418475540355 ], [ 993558.48680266237352, 1012339.70493577059824 ], [ 993557.36251014447771, 1012344.176957799121737 ], [ 993554.494781984831207, 1012356.372490503592417 ], [ 993553.392064481624402, 1012361.456249404000118 ], [ 993551.794797781622037, 1012371.137046087533236 ], [ 993550.834038117900491, 1012380.901721422327682 ], [ 993550.513886784436181, 1012390.70825395535212 ], [ 993550.8360042469576, 1012400.514843607321382 ], [ 993551.798611596808769, 1012410.279248279053718 ], [ 993552.527353119570762, 1012414.825537763419561 ], [ 993553.124998782994226, 1012418.553753900108859 ], [ 993555.015247410861775, 1012428.549529166077264 ], [ 993555.288070578128099, 1012429.955664826673456 ], [ 993557.517001193366013, 1012439.510964618180878 ], [ 993560.366218361072242, 1012448.899897858151235 ], [ 993561.545744866132736, 1012452.243240979732946 ], [ 993577.131686819950119, 1012494.809974482748657 ], [ 993570.846390564925969, 1012509.885451768175699 ], [ 993563.855892235180363, 1012519.256956943776459 ], [ 993559.363321086042561, 1012525.61810728861019 ], [ 993554.182826417963952, 1012533.950767836999148 ], [ 993549.558421946479939, 1012542.604401450022124 ], [ 993545.509963826742023, 1012551.542072046315297 ], [ 993542.054645355790854, 1012560.725295633310452 ], [ 993540.104838462895714, 1012566.906871435116045 ], [ 993535.058565229759552, 1012584.20063058368396 ], [ 993534.161057028686628, 1012587.408462983905338 ], [ 993531.933946197270416, 1012596.96424529934302 ], [ 993530.336687406990677, 1012606.645153697347268 ], [ 993529.375933731789701, 1012616.409719377406873 ], [ 993529.055786470766179, 1012626.21636322431732 ], [ 993529.377795103006065, 1012636.022953417035751 ], [ 993529.758065030444413, 1012640.696109421085566 ], [ 993530.474061426823027, 1012648.069313723826781 ], [ 993530.607342529227026, 1012649.44057750585489 ], [ 993531.389044033479877, 1012657.489260363159701 ], [ 993531.971492331591435, 1012662.580398799153045 ], [ 993533.570811372832395, 1012672.261040252400562 ], [ 993535.799738075002097, 1012681.816339966258965 ], [ 993538.648949344875291, 1012691.205383500200696 ], [ 993542.106015665573068, 1012700.388030744972639 ], [ 993544.113081007730216, 1012705.01106818637345 ], [ 993544.283414317644201, 1012705.385815775487572 ], [ 993550.124380205874331, 1012769.212162570795044 ], [ 993550.785223497776315, 1012775.133653663331643 ], [ 993552.384427070384845, 1012784.81418515869882 ], [ 993554.222473153029568, 1012792.880755058606155 ], [ 993558.642433114931919, 1012810.073538749129511 ], [ 993559.033308175159618, 1012811.562269342131913 ], [ 993561.882512037293054, 1012820.951313953846693 ], [ 993565.33956998155918, 1012830.133851859369315 ], [ 993566.274582593585365, 1012832.340323879965581 ], [ 993568.160800901940092, 1012836.694879413582385 ], [ 993579.592833143891767, 1012877.637072698096745 ], [ 993582.030853698146529, 1012885.523455813643523 ], [ 993585.488017404568382, 1012894.706105279969051 ], [ 993589.538275513914414, 1012903.642882367013954 ], [ 993592.08743930386845, 1012908.578380523365922 ], [ 993604.884650508058257, 1012932.267709124134853 ], [ 993606.961638080421835, 1012935.984966804273427 ], [ 993612.143708799034357, 1012944.316658401396126 ], [ 993617.859619231428951, 1012952.291569326655008 ], [ 993624.084958441089839, 1012959.875642505357973 ], [ 993630.792985797277652, 1012967.036148025421426 ], [ 993633.886950754444115, 1012970.041728637297638 ], [ 993642.46426414558664, 1012978.137603639974259 ], [ 993646.532276435522363, 1012981.838775002746843 ], [ 993653.587449009064585, 1012987.653915442060679 ], [ 993662.466319279395975, 1012994.528833928168751 ], [ 993654.329688448808156, 1013009.459375027450733 ], [ 993651.504574877326377, 1013014.905761993024498 ], [ 993647.456019483273849, 1013023.843317938619293 ], [ 993644.00071075966116, 1013033.026648789760657 ], [ 993643.18834845488891, 1013035.490147 ], [ 993631.346742944908328, 1013072.476652382174507 ], [ 993629.311797580565326, 1013079.402560154092498 ], [ 993627.084689944400452, 1013088.958340980578214 ], [ 993625.487430206034333, 1013098.639359209686518 ], [ 993624.526671426137909, 1013108.403924888814799 ], [ 993624.210200656205416, 1013117.162474540877156 ], [ 993623.953987221582793, 1013154.347627981100231 ], [ 993624.005944914766587, 1013156.121135168825276 ], [ 993622.698494997108355, 1013156.613442729227245 ], [ 993613.761629850836471, 1013160.663687068852596 ], [ 993605.108833216479979, 1013165.289819165482186 ], [ 993596.77715933159925, 1013170.471931125503033 ], [ 993588.802219910896383, 1013176.187903529964387 ], [ 993581.218184141558595, 1013182.413073695614003 ], [ 993574.057667807908729, 1013189.121120305964723 ], [ 993567.350956572336145, 1013196.283068302436732 ], [ 993564.191323762293905, 1013200.007395752938464 ], [ 993563.950264172744937, 1013200.301010595983826 ], [ 993559.377010330790654, 1013205.872946694260463 ], [ 993554.790677923941985, 1013207.599732499453239 ], [ 993554.582773738424294, 1013207.686003662412986 ], [ 993536.560679103946313, 1013215.184846098534763 ], [ 993527.831729277735576, 1013219.148829357582144 ], [ 993519.178944259067066, 1013223.774971283972263 ], [ 993510.847282368922606, 1013228.957092730212025 ], [ 993502.872355268686078, 1013234.672963656368665 ], [ 993495.288332115975209, 1013240.898253081948496 ], [ 993488.127717667957768, 1013247.606307926704176 ], [ 993485.896691127447411, 1013249.885808749590069 ], [ 993476.701254804385826, 1013259.482876160764135 ], [ 993472.225695196189918, 1013264.365221020183526 ], [ 993466.001979928114451, 1013271.950665815733373 ], [ 993460.287648056051694, 1013279.926643115933985 ], [ 993455.10710456490051, 1013288.259312699665315 ], [ 993450.482757261605002, 1013296.913065214641392 ], [ 993447.369209289550781, 1013303.643118813284673 ], [ 993440.025484850164503, 1013307.022459235042334 ], [ 993431.372714855126105, 1013311.648500701761805 ], [ 993423.041068285237998, 1013316.830742501071654 ], [ 993415.066156707936898, 1013322.546622816007584 ], [ 993407.482038284302689, 1013328.771921196719632 ], [ 993400.321550530963577, 1013335.479984515463002 ], [ 993396.513144156662747, 1013339.431177882826887 ], [ 993364.69315908558201, 1013373.676898051984608 ], [ 993361.55025229731109, 1013373.016994284116663 ], [ 993354.449665694613941, 1013371.781962872482836 ], [ 993337.867056639981456, 1013369.306578121031635 ], [ 993331.848056538496166, 1013365.317414685152471 ], [ 993330.96865642897319, 1013364.739036914426833 ], [ 993280.285652011050843, 1013331.657337702228688 ], [ 993273.287417763960548, 1013327.357971255201846 ], [ 993264.633742887643166, 1013322.733639023965225 ], [ 993255.696097775246017, 1013318.685132196871564 ], [ 993246.512760151526891, 1013315.229808883159421 ], [ 993237.123227949836291, 1013312.38237310317345 ], [ 993227.567442678613588, 1013310.155317182419822 ], [ 993224.151830931776203, 1013309.517338060773909 ], [ 993213.865841884398833, 1013307.719073648797348 ], [ 993207.600465740542859, 1013306.75977345998399 ], [ 993205.419594029895961, 1013306.489150161389261 ], [ 993195.539143758942373, 1013305.336363188340329 ], [ 993193.39756989874877, 1013305.0864817466354 ], [ 993174.601610934827477, 1013302.893642171751708 ], [ 993167.017896891687997, 1013302.203507297672331 ], [ 993157.211208232562058, 1013301.883466174942441 ], [ 993147.404687337344512, 1013302.205464488593861 ], [ 993137.640271568205208, 1013303.168171544326469 ], [ 993131.34621932473965, 1013304.13377828814555 ], [ 993122.025485135032795, 1013305.767019365215674 ], [ 993115.093236255110241, 1013306.981711410917342 ], [ 993049.03732599306386, 1013318.556927876197733 ], [ 993045.437116308021359, 1013319.187778329011053 ] ], [ [ 994274.748242950532585, 1013425.113184226560406 ], [ 994274.748242950532585, 1013425.11318422621116 ], [ 994274.748273650067858, 1013425.113262556958944 ], [ 994274.748242950532585, 1013425.113184226560406 ] ], [ [ 994320.030671139713377, 1013339.52591318776831 ], [ 994320.030671139713377, 1013339.525913187069818 ], [ 994320.030697497073561, 1013339.525888267322443 ], [ 994320.030671139713377, 1013339.52591318776831 ] ], [ [ 994321.563923010369763, 1013332.917503903270699 ], [ 994321.563923010369763, 1013332.917503903037868 ], [ 994321.564027210348286, 1013332.917405537562445 ], [ 994321.563923010369763, 1013332.917503903270699 ] ], [ [ 994316.094025012804195, 1013243.116948225302622 ], [ 994316.094025012804195, 1013243.116948225069791 ], [ 994316.094047081889585, 1013243.116959502105601 ], [ 994316.094025012804195, 1013243.116948225302622 ] ], [ [ 994302.269662712235004, 1013209.360893444041722 ], [ 994302.269662712235004, 1013209.360893443808891 ], [ 994302.269676620140672, 1013209.360884234891273 ], [ 994302.269662712235004, 1013209.360893444041722 ] ], [ [ 994312.7773204036057, 1012990.288285993272439 ], [ 994312.7773204036057, 1012990.288285993156023 ], [ 994312.777386964764446, 1012990.288232394726947 ], [ 994312.7773204036057, 1012990.288285993272439 ] ], [ [ 994391.854915124014951, 1012862.251787832006812 ], [ 994391.854915124014951, 1012862.251787831657566 ], [ 994391.854967165156268, 1012862.251827830681577 ], [ 994391.854915124014951, 1012862.251787832006812 ] ], [ [ 994886.447382857324556, 1011048.647067322977819 ], [ 994886.447382857324556, 1011048.647067323210649 ], [ 994886.447378410142846, 1011048.647053068620153 ], [ 994886.447382857324556, 1011048.647067322977819 ] ], [ [ 993563.950300100608729, 1013200.30104851257056 ], [ 993563.950300100608729, 1013200.30104851257056 ], [ 993563.950264172744937, 1013200.301010595983826 ], [ 993563.950300100608729, 1013200.30104851257056 ] ], [ [ 992849.477543573710136, 1013872.672408271464519 ], [ 992849.054843269870616, 1013875.06931059458293 ], [ 992849.477540986612439, 1013872.672409415594302 ], [ 992849.477543573710136, 1013872.672408271464519 ] ], [ [ 993871.23902035865467, 1013479.47273487248458 ], [ 993871.239020355744287, 1013479.472734871436842 ], [ 993871.239020360051654, 1013479.472734872833826 ], [ 993871.239020361448638, 1013479.472734873997979 ], [ 993871.23902035865467, 1013479.47273487248458 ] ] ] } },
{ "type": "Feature", "properties": { "nombre": "Humedal de Juan Amarillo o Tibabuyes", "id": 0, "cobertura": "Pastos", "periodo": 1952, "fechaini": "1940-01-01T00:00:00", "fechafin": "1960-01-01T00:00:00", "Shape_Leng": 9.3276760323100005e-06, "Shape_Area": 2.0732879750299998e-12, "geometry_valid": true, "area_m2": 4377453.4171380261, "area_ha": 437.74534171380259 }, "geometry": { "type": "Polygon", "coordinates": [ [ [ 994411.958174088154919, 1015555.180667668581009 ], [ 994401.365985417389311, 1015554.967129644239321 ], [ 994390.785167282447219, 1015555.502121076337062 ], [ 994380.268528124201111, 1015556.782984132296406 ], [ 994369.868432308547199, 1015558.803080060170032 ], [ 994359.637133021024056, 1015561.552673764992505 ], [ 994349.625440882635303, 1015565.01782815111801 ], [ 994339.883500573690981, 1015569.181288668187335 ], [ 994330.459792354959063, 1015574.022151665296406 ], [ 994321.401575872791, 1015579.516527855186723 ], [ 994318.577033834182657, 1015581.515504014445469 ], [ 994312.753780670580454, 1015585.636768329772167 ], [ 994311.359770355280489, 1015586.779292887775227 ], [ 994304.559893805067986, 1015592.35245971113909 ], [ 994296.860517533379607, 1015599.62987136375159 ], [ 994289.694367897114716, 1015607.432840002584271 ], [ 994284.550810470012948, 1015613.895738297956996 ], [ 994283.097054287907667, 1015615.722438006429002 ], [ 994277.101523262797855, 1015624.456973401946016 ], [ 994271.737725764978677, 1015633.593206304241903 ], [ 994267.032617102260701, 1015643.085464257281274 ], [ 994263.009380363393575, 1015652.886195184779353 ], [ 994259.688314025639556, 1015662.94652027497068 ], [ 994257.085833478718996, 1015673.21623403322883 ], [ 994255.215136681101285, 1015683.644135976443067 ], [ 994254.085316679673269, 1015694.178030713461339 ], [ 994253.702360115828924, 1015704.765612530405633 ], [ 994253.687192535493523, 1015723.014280823292211 ], [ 994253.669813599786721, 1015744.012382148881443 ], [ 994253.657680254778825, 1015758.643660293775611 ], [ 994253.98203699127771, 1015768.555534061277285 ], [ 994254.512515062349848, 1015773.903788031893782 ], [ 994254.960945451632142, 1015778.424121452961117 ], [ 994256.589964524027891, 1015788.206406466197222 ], [ 994258.862101464532316, 1015797.859815626172349 ], [ 994261.767368138651364, 1015807.341775703942403 ], [ 994270.782988843508065, 1015833.628965062089264 ], [ 994272.641883515985683, 1015839.048777388525195 ], [ 994282.251605917001143, 1015867.068078911164775 ], [ 994282.25161360995844, 1015867.068088245228864 ], [ 994282.363791986252181, 1015867.395171837531962 ], [ 994285.622624903800897, 1015876.897011394728906 ], [ 994290.204275434371084, 1015890.25573908269871 ], [ 994293.769072353141382, 1015899.61811252834741 ], [ 994297.951126838568598, 1015908.721457575215027 ], [ 994302.731686625978909, 1015917.525302733294666 ], [ 994308.08944792766124, 1015925.990282536949962 ], [ 994314.000555447419174, 1015934.078690421301872 ], [ 994320.438491435605101, 1015941.754147036699578 ], [ 994327.374741419334896, 1015948.982595390290953 ], [ 994334.778017554548569, 1015955.731747986283153 ], [ 994342.615589966299012, 1015961.971418522531167 ], [ 994357.406825102865696, 1015972.960336337797344 ], [ 994367.192192316288128, 1015980.230336249689572 ], [ 994374.907687105471268, 1015985.962448061443865 ], [ 994379.02294264070224, 1015989.019847417948768 ], [ 994445.342172944569029, 1016038.290657166391611 ], [ 994452.79501956095919, 1016043.4848147603916 ], [ 994456.672139429720119, 1016045.851651434553787 ], [ 994460.548815275076777, 1016048.218156593036838 ], [ 994462.36643850884866, 1016049.25362521992065 ], [ 994518.958811339456588, 1016081.489061531494372 ], [ 994528.124551692628302, 1016086.298721605096944 ], [ 994537.600214521982707, 1016090.464663487393409 ], [ 994547.340756527264602, 1016093.966764579876326 ], [ 994557.299692438798957, 1016096.78866213595029 ], [ 994567.429649693309329, 1016098.91653687111102 ], [ 994621.133836819790304, 1016108.275384360575117 ], [ 994629.812568740686402, 1016109.787885032361373 ], [ 994634.743958238395862, 1016110.647204498294741 ], [ 994641.841275936341844, 1016111.884010523208417 ], [ 994651.985823231516406, 1016113.296762168756686 ], [ 994662.203099147882313, 1016114.013618180528283 ], [ 994672.44562098023016, 1016114.031264426070265 ], [ 994682.665351523319259, 1016113.349704240681604 ], [ 994734.923212235094979, 1016108.066154092201032 ], [ 994770.746307157329284, 1016104.444257243187167 ], [ 994772.109064491698518, 1016104.306486158166081 ], [ 994779.526450061937794, 1016103.556553070666268 ], [ 994787.286694943788461, 1016102.772016515140422 ], [ 994797.931416332256049, 1016101.695776055799797 ], [ 994813.965617829118855, 1016100.074668121291324 ], [ 994826.013069137465209, 1016098.856570971081965 ], [ 994855.640788127784617, 1016095.861131063196808 ], [ 994866.357400668552145, 1016094.777707470930181 ], [ 994920.645937207620591, 1016089.288908272050321 ], [ 994930.435090290266089, 1016088.299217763822526 ], [ 994935.15870786854066, 1016087.821635014377534 ], [ 994940.330413514864631, 1016087.298684487584978 ], [ 994943.673319283989258, 1016094.492922935052775 ], [ 994942.618605466093868, 1016097.910304724704474 ], [ 994940.580830766237341, 1016104.51306280924473 ], [ 994938.201040962710977, 1016114.725900170858949 ], [ 994937.392059220816009, 1016119.78518592310138 ], [ 994936.545373205677606, 1016125.080898271757178 ], [ 994935.622255353955552, 1016135.526746509131044 ], [ 994935.436232275562361, 1016146.011581645347178 ], [ 994935.756253183353692, 1016152.083170399884693 ], [ 994935.988187776878476, 1016156.483540697605349 ], [ 994937.275455565890297, 1016166.890760951442644 ], [ 994938.027666195877828, 1016170.730446775443852 ], [ 994939.291597367147915, 1016177.181601102347486 ], [ 994939.837670806213282, 1016179.203112898045219 ], [ 994942.026624864083715, 1016187.305194202694111 ], [ 994944.31671393092256, 1016194.758595491643064 ], [ 994952.975172957056202, 1016222.938276189146563 ], [ 994956.222995063057169, 1016233.508587094489485 ], [ 994965.936273770756088, 1016265.121326023945585 ], [ 994974.986976282903925, 1016294.577651962754317 ], [ 994977.451605993206613, 1016302.599212800967507 ], [ 994977.683965355274267, 1016303.355246099177748 ], [ 994979.855486172251403, 1016309.634165944298729 ], [ 994981.102473758510314, 1016313.239275762578472 ], [ 994985.201585584203713, 1016322.860960909281857 ], [ 994989.961550111067481, 1016332.173416203353554 ], [ 994995.359066650271416, 1016341.131415281794034 ], [ 995001.367950232583098, 1016349.691501284018159 ], [ 995007.958909673732705, 1016357.811765712802298 ], [ 995015.099769554450177, 1016365.452843651059084 ], [ 995017.629591388162225, 1016367.807078959303908 ], [ 995022.756024892791174, 1016372.577581947203726 ], [ 995030.890286442823708, 1016379.151260467129759 ], [ 995039.463057332555763, 1016385.141923724557273 ], [ 995044.111095336615108, 1016387.929172535310499 ], [ 995048.43251114571467, 1016390.520491530187428 ], [ 995049.495801033684984, 1016391.061168550862931 ], [ 995057.755046669975854, 1016395.260648327646777 ], [ 995067.385398809565231, 1016399.33950669830665 ], [ 995077.276638606446795, 1016402.737054430879653 ], [ 995087.380617001559585, 1016405.436707423999906 ], [ 995097.648186733713374, 1016407.425641393987462 ], [ 995154.325423839618452, 1016416.366021790192463 ], [ 995174.943716103676707, 1016419.618375842110254 ], [ 995292.805208104080521, 1016462.804247125284746 ], [ 995345.549724521115422, 1016482.130529864924029 ], [ 995352.73028559575323, 1016484.76150223868899 ], [ 995363.121287533896975, 1016488.144901914405636 ], [ 995373.731238947249949, 1016490.762399538885802 ], [ 995384.503670592792332, 1016492.600065272767097 ], [ 995389.765719119342975, 1016493.107209719019011 ], [ 995395.381336924503557, 1016493.648392566596158 ], [ 995406.306437933002599, 1016493.901634680572897 ], [ 995417.221062952768989, 1016493.358468091348186 ], [ 995428.066968738334253, 1016492.021881980937906 ], [ 995430.194338407833129, 1016491.600548958638683 ], [ 995434.897737403865904, 1016490.66898077481892 ], [ 995438.786688866675831, 1016489.898735816939734 ], [ 995449.323422802379355, 1016487.000533429440111 ], [ 995455.460743713891134, 1016484.820490292040631 ], [ 995459.621035863528959, 1016483.34264895063825 ], [ 995502.78209908050485, 1016466.215286641381681 ], [ 995512.717233416740783, 1016461.850148714031093 ], [ 995522.310630838386714, 1016456.777971322415397 ], [ 995531.511926076374948, 1016451.025407498818822 ], [ 995540.273194709094241, 1016444.622317018220201 ], [ 995548.548398466664366, 1016437.602319283760153 ], [ 995556.294161775731482, 1016430.002129849046469 ], [ 995556.817766932188533, 1016429.408164185821079 ], [ 995563.469882708508521, 1016421.861670966027305 ], [ 995570.038176723755896, 1016413.223629248677753 ], [ 995575.964432867360301, 1016404.133123951614834 ], [ 995581.21770131145604, 1016394.637596337706782 ], [ 995585.770471500232816, 1016384.787141455337405 ], [ 995589.598782993387431, 1016374.633181135635823 ], [ 995592.68278022960294, 1016364.229016886441968 ], [ 995595.006157767726108, 1016353.62894526834134 ], [ 995596.556715030688792, 1016342.888700175797567 ], [ 995597.326578125590459, 1016332.064347044215538 ], [ 995597.311423289589584, 1016321.212614605552517 ], [ 995596.511475329753011, 1016310.390452523250133 ], [ 995594.930952905328013, 1016299.654478500015102 ], [ 995592.577957603847608, 1016289.060978309251368 ], [ 995583.733804743271321, 1016255.09902122290805 ], [ 995618.167814950807951, 1016227.418291942449287 ], [ 995625.417779357521795, 1016221.199859153595753 ], [ 995632.257238171994686, 1016214.532487898715772 ], [ 995638.658124890294857, 1016207.443161654635333 ], [ 995644.594702834729105, 1016199.960633055889048 ], [ 995650.042899520136416, 1016192.115423958864994 ], [ 995654.980417513754219, 1016183.939051373279653 ], [ 995659.387400203151628, 1016175.46502262155991 ], [ 995662.834398680832237, 1016168.287154573132284 ], [ 995706.317503840429708, 1016077.740728853852488 ], [ 995709.024138408713043, 1016072.1044289059937 ], [ 995733.05265699850861, 1016022.069001084892079 ], [ 995737.029286014265381, 1016013.038221373572014 ], [ 995740.403380995267071, 1016003.76552209968213 ], [ 995743.160077848820947, 1015994.290934647899121 ], [ 995745.287840769859031, 1015984.655485468567349 ], [ 995746.777130877948366, 1015974.900864412891679 ], [ 995747.621626636595465, 1015965.069424645975232 ], [ 995747.817558162496425, 1015955.20385096874088 ], [ 995747.706261152168736, 1015952.782445601187646 ], [ 995747.364261906011961, 1015945.346828019595705 ], [ 995746.474222938297316, 1015934.084333500126377 ], [ 995763.078475707559846, 1015936.160366027033888 ], [ 995855.974464552477002, 1015958.295456788269803 ], [ 995866.189269001479261, 1015960.357148649054579 ], [ 995876.522741717635654, 1015961.704365959740244 ], [ 995886.924737192923203, 1015962.330587107222527 ], [ 995897.34499916958157, 1015962.232829104177654 ], [ 995907.733493460109457, 1015961.411315777106211 ], [ 995918.039742328110151, 1015959.870583648793399 ], [ 995928.214155695517547, 1015957.617601986625232 ], [ 995936.740966950892471, 1015955.096768795978278 ], [ 995938.207365535781719, 1015954.663210359751247 ], [ 995940.611969883320853, 1015953.766485514002852 ], [ 995947.971335316076875, 1015951.022008049068972 ], [ 995957.375823118723929, 1015946.749071589088999 ], [ 995957.458805201225914, 1015946.711358808795922 ], [ 995966.62395773944445, 1015941.752164911362343 ], [ 995975.422528787050396, 1015936.168424840085208 ], [ 995983.811918433522806, 1015929.98690150573384 ], [ 996007.786233094055206, 1015911.002283179434016 ], [ 996037.260984887368977, 1015891.11570431443397 ], [ 996045.951139588607475, 1015884.801695320522413 ], [ 996054.157004966633394, 1015877.869780627312139 ], [ 996058.127619143924676, 1015873.984503916930407 ], [ 996061.834539278410375, 1015870.357117852778174 ], [ 996063.503222681116313, 1015868.46663523488678 ], [ 996068.942918153246865, 1015862.30373957217671 ], [ 996075.444090869859792, 1015853.75277449504938 ], [ 996092.847959983046167, 1015859.072977989329956 ], [ 996095.674344487604685, 1015859.893794358707964 ], [ 996096.890723788877949, 1015860.247041731607169 ], [ 996129.435941547504626, 1015869.204741113586351 ], [ 996135.584067618008703, 1015875.371693930239417 ], [ 996142.159848648472689, 1015881.080263909301721 ], [ 996149.129446065519005, 1015886.300816908478737 ], [ 996193.212119992822409, 1015918.043473089579493 ], [ 996201.008382820058614, 1015928.741552658146247 ], [ 996222.3906697264174, 1015958.082156267482787 ], [ 996229.887233035755344, 1015968.368917433661409 ], [ 996231.194985251873732, 1015970.163376083597541 ], [ 996233.789508127374575, 1015973.477056180359796 ], [ 996237.572618318139575, 1015978.30874625837896 ], [ 996244.496613045455888, 1015985.994843745371327 ], [ 996251.934129013912752, 1015993.185288846492767 ], [ 996259.849774331320077, 1015999.845803043455817 ], [ 996268.205827484373003, 1016005.94465132150799 ], [ 996276.962570212781429, 1016011.452752703102306 ], [ 996286.078287481330335, 1016016.344012007815763 ], [ 996295.509489382966422, 1016020.594877532334067 ], [ 996305.211465849308297, 1016024.185446785762906 ], [ 996315.137842877535149, 1016027.098471331992187 ], [ 996325.241470054374076, 1016029.320241351611912 ], [ 996335.474309611483477, 1016030.839922175277025 ], [ 996351.176448259269819, 1016032.620649655465968 ], [ 996386.101015098160133, 1016036.581259868922643 ], [ 996396.821849171072245, 1016037.390658497344702 ], [ 996407.573044901364483, 1016037.429743832210079 ], [ 996418.299464846146293, 1016036.698297282098792 ], [ 996428.945860820473172, 1016035.200081192771904 ], [ 996439.457539524766617, 1016032.942838804330677 ], [ 996449.780362519668415, 1016029.938183645135723 ], [ 996459.86152279342059, 1016026.20137838809751 ], [ 996466.194021998322569, 1016023.322640843107365 ], [ 996469.648879154934548, 1016021.751887741032988 ], [ 996470.090081098140217, 1016021.511904816376045 ], [ 996479.092176543199457, 1016016.612714928924106 ], [ 996488.143045966513455, 1016010.809738188050687 ], [ 996496.754782731179148, 1016004.373369539505802 ], [ 996504.883122892584652, 1015997.336232504923828 ], [ 996512.486354261753149, 1015989.734820837853476 ], [ 996519.525316391256638, 1015981.60817156219855 ], [ 996525.963733337353915, 1015972.997864950797521 ], [ 996531.768768415669911, 1015963.948356258333661 ], [ 996536.910358533146791, 1015954.50620165199507 ], [ 996541.362212628591806, 1015944.719947641482577 ], [ 996545.101256963447668, 1015934.639799306401983 ], [ 996548.108300784369931, 1015924.317620315589011 ], [ 996550.368036307976581, 1015913.806379968067631 ], [ 996551.868816842557862, 1015903.160374443163164 ], [ 996552.602656740345992, 1015892.434120900230482 ], [ 996553.569286397658288, 1015862.669307527248748 ], [ 996554.67562356160488, 1015860.855936410487629 ], [ 996559.506256705499254, 1015851.458030312904157 ], [ 996597.399724116083235, 1015831.197967119398527 ], [ 996606.610843513044529, 1015825.843849538476206 ], [ 996615.418331054970622, 1015819.849371216027066 ], [ 996623.77803349471651, 1015813.244501633569598 ], [ 996631.647572735790163, 1015806.062748821103014 ], [ 996638.987344296532683, 1015798.340164047200233 ], [ 996645.760184485930949, 1015790.116005347692408 ], [ 996651.931814136565663, 1015781.431521108723246 ], [ 996657.471282383659855, 1015772.330834690714255 ], [ 996662.350522878346965, 1015762.859728077077307 ], [ 996662.805780787253752, 1015761.796905983355828 ], [ 996664.761260068160482, 1015757.231116976588964 ], [ 996666.54490850341972, 1015753.06619474326726 ], [ 996670.033140411600471, 1015742.999333839979954 ], [ 996671.455293101607822, 1015737.706934651709162 ], [ 996672.79780273779761, 1015732.710345441824757 ], [ 996674.825029755127616, 1015722.250871796626598 ], [ 996676.104173080297187, 1015711.673992606811225 ], [ 996676.349582912167534, 1015706.699346098932438 ], [ 996676.629021970438771, 1015701.032787390518934 ], [ 996676.535868179402314, 1015696.755705942166969 ], [ 996676.526085874298587, 1015696.305638165445998 ], [ 996676.397026786231436, 1015690.38133077416569 ], [ 996675.409188017598353, 1015679.773144355160184 ], [ 996673.670610973495059, 1015669.261970718274824 ], [ 996671.189951106323861, 1015658.90077825053595 ], [ 996655.200639451271854, 1015601.245413727825508 ], [ 996652.04768357926514, 1015591.246406860416755 ], [ 996648.203570244135335, 1015581.492369060404599 ], [ 996643.687161397188902, 1015572.030739232315682 ], [ 996638.520536283380352, 1015562.907850334653631 ], [ 996632.728880478185602, 1015554.168376452289522 ], [ 996626.340596852358431, 1015545.855222246260382 ], [ 996619.386861747130752, 1015538.008859460358508 ], [ 996611.90184690291062, 1015530.667658637161367 ], [ 996603.92183187615592, 1015523.867446862859651 ], [ 996595.486202553380281, 1015517.641728842398152 ], [ 996586.636119796428829, 1015512.020802334998734 ], [ 996577.414741337066516, 1015507.032089857850224 ], [ 996567.867332715308294, 1015502.70013870310504 ], [ 996558.040379724581726, 1015499.046178631135263 ], [ 996547.982032167026773, 1015496.087900683400221 ], [ 996537.741660089581273, 1015493.839899538317695 ], [ 996527.36907717527356, 1015492.313010049751028 ], [ 996525.015249356627464, 1015468.328020848566666 ], [ 996523.550991913885809, 1015457.490511555108242 ], [ 996521.300716252531856, 1015446.788390035391785 ], [ 996518.276406389661133, 1015436.278937202179804 ], [ 996514.493929254240356, 1015426.017775116721168 ], [ 996509.973811335745268, 1015416.059640964027494 ], [ 996475.315447887754999, 1015346.557977231917903 ], [ 996473.310408239951357, 1015245.18624245072715 ], [ 996472.929938727640547, 1015236.859888431616127 ], [ 996472.06254508078564, 1015228.570159324095584 ], [ 996470.711223891470581, 1015220.345474544097669 ], [ 996468.880635878420435, 1015212.21392170409672 ], [ 996489.237972815870307, 1015194.655246526468545 ], [ 996527.556113553233445, 1015172.212470462545753 ], [ 996529.900484671234153, 1015170.810629241866991 ], [ 996532.261272222967818, 1015169.339341949787922 ], [ 996563.926545966882259, 1015149.194222050835378 ], [ 996570.699265466188081, 1015144.621471231454052 ], [ 996575.500139190349728, 1015141.038847974617966 ], [ 996620.887575193308294, 1015105.735909864888526 ], [ 996684.136898361728527, 1015070.175346650183201 ], [ 996687.831413876148872, 1015068.028241133317351 ], [ 996718.780369329731911, 1015049.447949901456013 ], [ 996723.535023754113354, 1015046.593298311345279 ], [ 996727.009094405220821, 1015044.346680414280854 ], [ 996732.100552480085753, 1015041.054000353906304 ], [ 996740.267219680245034, 1015034.94223801267799 ], [ 996747.996751438477077, 1015028.286321734893136 ], [ 996755.253203729283996, 1015021.117436977569014 ], [ 996762.002518593799323, 1015013.46909135079477 ], [ 996768.212856986327097, 1015005.377225156407803 ], [ 996773.855597234563902, 1014996.879769033519551 ], [ 996778.904003721079789, 1014988.01620169961825 ], [ 996783.334558204049245, 1014978.82821338204667 ], [ 996873.117843231186271, 1014950.239111060043797 ], [ 996882.48570944822859, 1014946.91032859950792 ], [ 996891.612251342157833, 1014942.967938369838521 ], [ 996900.457641367567703, 1014938.429524399922229 ], [ 996908.982717713108286, 1014933.314992901403457 ], [ 996917.15009368211031, 1014927.646572214434855 ], [ 996918.811297088046558, 1014926.322398789576255 ], [ 996924.924046838772483, 1014921.449586898670532 ], [ 996928.937818486592732, 1014918.026255319127813 ], [ 996982.571959550259635, 1014872.281957944855094 ], [ 996997.042316414532252, 1014860.279724464984611 ], [ 997005.129323309520259, 1014853.050011425861157 ], [ 997010.740032080677338, 1014847.251656002132222 ], [ 997012.672578927129507, 1014845.254473048378713 ], [ 997019.632478256709874, 1014836.9340259952005 ], [ 997025.972411781200208, 1014828.132130186539143 ], [ 997031.659653039765544, 1014818.894899355713278 ], [ 997036.664027284597978, 1014809.270658794324845 ], [ 997040.959464686224237, 1014799.309834679006599 ], [ 997044.523667495464906, 1014789.064511795644648 ], [ 997047.337666282895952, 1014778.58832296601031 ], [ 997049.386929333093576, 1014767.936117254430428 ], [ 997050.660586066544056, 1014757.163517675828189 ], [ 997051.152203631703742, 1014746.327142341760918 ], [ 997050.859121226356365, 1014735.483388069435023 ], [ 997049.782672023284249, 1014724.689425628865138 ], [ 997047.928737837006338, 1014714.0015409757616 ], [ 997047.687725838972256, 1014712.859350426006131 ], [ 997048.997140500927344, 1014711.659045045729727 ], [ 997056.597990466631018, 1014703.773827290162444 ], [ 997058.501907701953314, 1014701.485595287173055 ], [ 997063.603057438274845, 1014695.354743891628459 ], [ 997064.817597387358546, 1014693.656824145116843 ], [ 997069.97484433313366, 1014686.446802924503572 ], [ 997075.679404262918979, 1014677.097445136518218 ], [ 997080.68622962012887, 1014667.356654519331641 ], [ 997084.968695843592286, 1014657.276294830371626 ], [ 997088.503950465121306, 1014646.91044132981915 ], [ 997091.273024006746709, 1014636.314053799607791 ], [ 997093.261273830896243, 1014625.543861187063158 ], [ 997094.458051230758429, 1014614.657145225559361 ], [ 997094.85703431989532, 1014603.712182741379365 ], [ 997094.593495171517134, 1014596.520392627222463 ], [ 997094.455895146005787, 1014592.767361014150083 ], [ 997093.256965373293497, 1014581.880956597742625 ], [ 997091.823563214973547, 1014572.637143591651693 ], [ 997094.465237186988816, 1014572.760453339084052 ], [ 997104.568304776214063, 1014573.348589864792302 ], [ 997114.688099070568569, 1014573.253552536480129 ], [ 997124.778467995347455, 1014572.476338314590976 ], [ 997134.793259541154839, 1014571.020045200944878 ], [ 997144.687098454101942, 1014568.891752079012804 ], [ 997154.414831419824623, 1014566.100749447592534 ], [ 997163.932192792184651, 1014562.659976943163201 ], [ 997173.195693600340746, 1014558.585028134402819 ], [ 997191.736871035536751, 1014549.670349428895861 ], [ 997292.821453858399764, 1014501.068564632674679 ], [ 997297.788525161915459, 1014498.680265300092287 ], [ 997326.786980336997658, 1014542.7597148938803 ], [ 997333.271928534377366, 1014551.835383409634233 ], [ 997336.157133036409505, 1014555.454184639616869 ], [ 997373.724629014730453, 1014601.110253673512489 ], [ 997472.649067779188044, 1014721.334279471077025 ], [ 997479.473425598000176, 1014729.06947644520551 ], [ 997486.813540143542923, 1014736.317212491063401 ], [ 997494.634463244467042, 1014743.043208524701186 ], [ 997502.899360825424083, 1014749.21539715770632 ], [ 997511.569180105114356, 1014754.80480734212324 ], [ 997520.602649545646273, 1014759.78490090474952 ], [ 997529.957277391455136, 1014764.13212539977394 ], [ 997539.588464082335122, 1014767.825803568237461 ], [ 997549.451055501587689, 1014770.848465015063994 ], [ 997559.497900674818084, 1014773.185956845176406 ], [ 997569.681959697860293, 1014774.827222434105352 ], [ 997579.954528633621521, 1014775.764301469200291 ], [ 997590.267347454908304, 1014775.992882806109264 ], [ 997600.571490579401143, 1014775.511972752166912 ], [ 997620.627815469051711, 1014773.882812439929694 ], [ 997626.210519088432193, 1014782.871284662862308 ], [ 997632.418149965698831, 1014791.440301217837259 ], [ 997639.218976979143918, 1014799.54640455765184 ], [ 997646.578828413970768, 1014807.148680606042035 ], [ 997654.460426250007004, 1014814.208427006960846 ], [ 997662.787550838897005, 1014820.662061673589051 ], [ 997662.823940956615843, 1014820.69025893532671 ], [ 997669.083252353360876, 1014825.202361163916066 ], [ 997675.604575657169335, 1014843.289924370823428 ], [ 997677.904815732501447, 1014849.036682430887595 ], [ 997679.522816726705059, 1014853.078731523826718 ], [ 997684.12112721207086, 1014862.566957028466277 ], [ 997689.376762221218087, 1014871.707493831636384 ], [ 997695.263537737773731, 1014880.455004283459857 ], [ 997701.752163446974009, 1014888.76580958312843 ], [ 997708.810464630252682, 1014896.598663800861686 ], [ 997716.40316028916277, 1014903.914422176661901 ], [ 997724.492639769567177, 1014910.67703628342133 ], [ 997733.038629912305623, 1014916.852780015207827 ], [ 997741.998638824210502, 1014922.410581260570325 ], [ 997751.32795592606999, 1014927.323238338460214 ], [ 997760.980428489041515, 1014931.566203544265591 ], [ 997818.397814144031145, 1015009.366841573617421 ], [ 997824.93079054239206, 1015017.598811310948804 ], [ 997832.024233989533968, 1015025.35272055270616 ], [ 997839.643307420774363, 1015032.590972597245127 ], [ 997847.750844090827741, 1015039.277629541000351 ], [ 997856.306792864808813, 1015045.380071006133221 ], [ 997865.269216725369915, 1015050.867998877656646 ], [ 997874.593959923717193, 1015055.714764294796623 ], [ 997884.235313644167036, 1015059.896482960088179 ], [ 997894.145794133539312, 1015063.392588064423762 ], [ 997904.277030211989768, 1015066.185830265283585 ], [ 997914.578986686537974, 1015068.262720017693937 ], [ 997925.001073764404282, 1015069.612864056020044 ], [ 997935.492147060809657, 1015070.229518310166895 ], [ 997946.000729468767531, 1015070.109919632901438 ], [ 997956.475011157453991, 1015069.254622322972864 ], [ 997966.863626139936969, 1015067.667608659132384 ], [ 997977.115652306936681, 1015065.356841847999021 ], [ 998045.472902167821303, 1015047.34200632374268 ], [ 998059.476168185123242, 1015043.651710595702752 ], [ 998069.946180820348673, 1015040.47962874523364 ], [ 998080.157124630408362, 1015036.552723149769008 ], [ 998090.054416654980741, 1015031.891673861071467 ], [ 998099.585581885534339, 1015026.521362983155996 ], [ 998108.699809520156123, 1015020.470542893977836 ], [ 998117.348618573276326, 1015013.771172791952267 ], [ 998125.485857886844315, 1015006.458971580257639 ], [ 998128.754588156938553, 1015003.059385298518464 ], [ 998133.068260840373114, 1014998.572975538671017 ], [ 998140.055556263891049, 1014990.155206572962925 ], [ 998146.410468472982757, 1014981.250229907105677 ], [ 998152.099160986836068, 1014971.905706963152625 ], [ 998157.09134750335943, 1014962.171068400028162 ], [ 998161.360402834485285, 1014952.098509353701957 ], [ 998164.883806663332507, 1014941.741441263002343 ], [ 998167.642699780059047, 1014931.155155398999341 ], [ 998169.62221690104343, 1014920.395717015257105 ], [ 998170.812041400349699, 1014909.520628858357668 ], [ 998171.205739653203636, 1014898.587835915968753 ], [ 998170.801204775925726, 1014887.655283115571365 ], [ 998169.600545735214837, 1014876.781468205386773 ], [ 998167.610420134966262, 1014866.024114778614603 ], [ 998164.841035760939121, 1014855.440393451368436 ], [ 998161.307370925671421, 1014845.086811276501976 ], [ 998123.912486321059987, 1014747.338681636028923 ], [ 998119.647260695346631, 1014737.300277643371373 ], [ 998114.663575299549848, 1014727.598502560635097 ], [ 998108.987835628096946, 1014718.284555269056 ], [ 998102.650108279660344, 1014709.407865253742784 ], [ 998095.683677215012722, 1014701.015429123537615 ], [ 998088.125709379673935, 1014693.151589438552037 ], [ 998082.770064942655154, 1014687.970299109583721 ], [ 998076.824000666150823, 1014682.217760508414358 ], [ 998061.077285506064072, 1014666.983743554446846 ], [ 997947.757538905018009, 1014557.353488064371049 ], [ 997903.291509663802572, 1014514.335325485561043 ], [ 997903.291493581375107, 1014514.335309925605543 ], [ 997901.355927262920886, 1014512.462756361463107 ], [ 997887.258763354620896, 1014498.824642544379458 ], [ 997879.003155383863486, 1014491.422079509589821 ], [ 997874.555005765520036, 1014487.862020147847943 ], [ 997836.782306623528711, 1014458.78922900208272 ], [ 997834.857840972603299, 1014457.308150058612227 ], [ 997830.382848995970562, 1014454.101734676049091 ], [ 997826.509736763895489, 1014451.326571704354137 ], [ 997817.771681730169803, 1014445.930646619643085 ], [ 997808.684836710803211, 1014441.145365263102576 ], [ 997799.29158288682811, 1014436.993285233387724 ], [ 997789.636298379278742, 1014433.494088932871819 ], [ 997727.027772012748756, 1014413.20104758173693 ], [ 997715.318355813506059, 1014405.713124223519117 ], [ 997697.87011307082139, 1014385.366587686119601 ], [ 997705.391403934801929, 1014377.481216244399548 ], [ 997712.31946572731249, 1014369.069714843994007 ], [ 997718.6175774151925, 1014360.176759467925876 ], [ 997724.252346280263737, 1014350.849458804470487 ], [ 997729.194151693023741, 1014341.137243654578924 ], [ 997733.416590411681682, 1014331.091203470597975 ], [ 997736.897475046338513, 1014320.764860380790196 ], [ 997739.618279374903068, 1014310.212842248147354 ], [ 997741.564692990970798, 1014299.490772069082595 ], [ 997742.726288561010733, 1014288.655599727877416 ], [ 997742.972926233662292, 1014281.410603508469649 ], [ 997743.096965538919903, 1014277.764606746728532 ], [ 997742.810958802583627, 1014270.384495142265223 ], [ 997742.674839225946926, 1014266.875627457513474 ], [ 997740.004293506033719, 1014232.075939390808344 ], [ 997755.698795777512714, 1014223.074784959550016 ], [ 997763.728648722870275, 1014218.127453125198372 ], [ 997768.572131502442062, 1014214.705469196662307 ], [ 997771.431426252122037, 1014212.68516737036407 ], [ 997778.776841397979297, 1014206.769270768389106 ], [ 997785.735827629920095, 1014200.40331797034014 ], [ 997792.280871631810442, 1014193.612411738024093 ], [ 997798.385902398265898, 1014186.423645259230398 ], [ 997804.026956836343743, 1014178.86510689323768 ], [ 997851.421483589685522, 1014111.008077127044089 ], [ 997851.421491350978613, 1014111.008066015550867 ], [ 997859.555560341104865, 1014099.362189534003846 ], [ 997905.421984124346636, 1014033.693139071809128 ], [ 997911.077784150838852, 1014024.965316454297863 ], [ 997916.115173429599963, 1014015.866509001818486 ], [ 997920.509634369751438, 1014006.44028647406958 ], [ 997924.240088634192944, 1013996.732209043810144 ], [ 997927.288675277610309, 1013986.788832040969282 ], [ 997942.592337650130503, 1013929.903371383086778 ], [ 998087.548983993357979, 1013876.721075898385607 ], [ 998097.070122233009897, 1013872.852799740969203 ], [ 998106.303789127850905, 1013868.341498626046814 ], [ 998115.206717124325223, 1013863.208184043760411 ], [ 998123.737302858149633, 1013857.476963729364797 ], [ 998131.855163392494433, 1013851.175041664624587 ], [ 998139.522134686936624, 1013844.331722818315029 ], [ 998146.702493497403339, 1013836.979408381041139 ], [ 998195.228511190973222, 1013783.758152875467204 ], [ 998195.228553981054574, 1013783.758105945657007 ], [ 998198.911759927286766, 1013779.718584168469533 ], [ 998202.713948191259988, 1013775.548455867101438 ], [ 998203.561096255551092, 1013774.552647040458396 ], [ 998209.40493184083607, 1013767.682395784184337 ], [ 998215.538522001705132, 1013759.374353710678406 ], [ 998221.085652077686973, 1013750.663807904347777 ], [ 998226.020250972826034, 1013741.592227004584856 ], [ 998230.318577416357584, 1013732.202296015340835 ], [ 998233.960329412017018, 1013722.538911510258913 ], [ 998236.928311409428716, 1013712.647854660986923 ], [ 998239.208545249537565, 1013702.576012380653992 ], [ 998241.33942296099849, 1013691.386965680983849 ], [ 998247.683264290099032, 1013683.158982801134698 ], [ 998253.415238072746433, 1013674.493663276080042 ], [ 998258.505057371803559, 1013665.436125041800551 ], [ 998262.926318304962479, 1013656.034250475815497 ], [ 998273.179059963556938, 1013632.272093464038335 ], [ 998293.32500535750296, 1013615.548913624952547 ], [ 998301.289794794283807, 1013608.937273669638671 ], [ 998343.076005629613064, 1013574.250395660754293 ], [ 998354.798876891494729, 1013564.519278975087218 ], [ 998417.153050221968442, 1013512.758841065922752 ], [ 998425.083014596020803, 1013505.677021046169102 ], [ 998432.491085197776556, 1013498.051150019746274 ], [ 998439.340207240311429, 1013489.919379311497323 ], [ 998445.575575352297164, 1013481.350712921470404 ], [ 998445.595877686049789, 1013481.322735320194624 ], [ 998449.104837764869444, 1013475.702898169518448 ], [ 998451.226699929684401, 1013472.304455997422338 ], [ 998456.204272876260802, 1013462.909880328224972 ], [ 998460.503634713008069, 1013453.186005933210254 ], [ 998464.103151969378814, 1013443.182042042259127 ], [ 998466.984519509715028, 1013432.948193039395846 ], [ 998467.980597780202515, 1013428.1226051322883 ], [ 998469.133648096583784, 1013422.535769085166976 ], [ 998470.192792638204992, 1013414.59630735241808 ], [ 998470.539443984860554, 1013411.997407267219387 ], [ 998471.19491841015406, 1013401.385744618019089 ], [ 998471.096854710020125, 1013390.754413347574882 ], [ 998470.245586469070986, 1013380.156713869888335 ], [ 998468.645552228088491, 1013369.646057131350972 ], [ 998466.304629835183732, 1013359.275190528831445 ], [ 998463.234691141522489, 1013349.096087329438888 ], [ 998459.451269216835499, 1013339.160278428927995 ], [ 998454.973225463065319, 1013329.517525352770463 ], [ 998450.076933896169066, 1013320.674950751359574 ], [ 998449.822971539571881, 1013320.216373169329017 ], [ 998444.026802187087014, 1013311.303487004362978 ], [ 998437.613452935824171, 1013302.823873195564374 ], [ 998430.615431462181732, 1013294.819884068565443 ], [ 998423.06779718270991, 1013287.331991990795359 ], [ 998415.008494073175825, 1013280.39779414772056 ], [ 998406.478017836110666, 1013274.052012552740052 ], [ 998111.255844894913025, 1013070.288994570961222 ], [ 998107.383637427003123, 1013067.616387086221948 ], [ 998101.155390620813705, 1013063.317672994569875 ], [ 998095.511176697793417, 1013059.708975333138369 ], [ 998092.247333456063643, 1013057.6222669739509 ], [ 998089.066818838007748, 1013055.891630035475828 ], [ 998082.959968527546152, 1013052.568688048631884 ], [ 998073.339449912426062, 1013048.182147834450006 ], [ 998069.880583177320659, 1013046.891048968653195 ], [ 998066.994089508079924, 1013045.813533824519254 ], [ 998063.433817712473683, 1013044.484651038073935 ], [ 998060.589045121218078, 1013043.645848927670158 ], [ 998053.292221441864967, 1013041.494331939844415 ], [ 998042.965141886146739, 1013039.226117887999862 ], [ 998032.503836413146928, 1013037.691397587419488 ], [ 998021.960338896955363, 1013036.897799893748015 ], [ 998013.899819406215101, 1013036.860629805945791 ], [ 998011.387237883638591, 1013036.84908328007441 ], [ 998000.837010877206922, 1013037.545578139019199 ], [ 997990.362024327740073, 1013038.984076239168644 ], [ 997980.014422695967369, 1013041.156946039991453 ], [ 997969.845684663043357, 1013044.053680876502767 ], [ 997959.906401232350618, 1013047.660014296532609 ], [ 997950.246053806040436, 1013051.957588326884434 ], [ 997940.912459509330802, 1013056.925280469586141 ], [ 997931.952214939286932, 1013062.538540216512047 ], [ 997923.409808573080227, 1013068.769167882623151 ], [ 997915.327731759753078, 1013075.586309875594452 ], [ 997910.074827986652963, 1013080.692565459874459 ], [ 997907.746145893936045, 1013082.956237522652373 ], [ 997781.775554936961271, 1013214.359881679411046 ], [ 997772.410013136919588, 1013214.585295450524427 ], [ 997763.079658824019134, 1013215.426539313280955 ], [ 997753.824765202123672, 1013216.879631140036508 ], [ 997744.685605410602875, 1013218.938598320703022 ], [ 997735.70167587697506, 1013221.594371941871941 ], [ 997727.087166549288668, 1013223.304219144047238 ], [ 997718.591273194528185, 1013225.529706677538343 ], [ 997710.244727547513321, 1013228.262761140242219 ], [ 997702.078039376763627, 1013231.493650371092372 ], [ 997694.120719879632816, 1013235.210541189066134 ], [ 997687.292480948148295, 1013238.628496475866996 ], [ 997677.777830102248117, 1013235.095582929439843 ], [ 997668.042972193332389, 1013232.224177455063909 ], [ 997658.134061053162441, 1013230.027769711450674 ], [ 997648.097694200347178, 1013228.516753039555624 ], [ 997637.981245697941631, 1013227.698203283012845 ], [ 997627.83253330597654, 1013227.576210521743633 ], [ 997617.985279844491743, 1013228.134840714978054 ], [ 997617.699374662246555, 1013228.151105044293217 ], [ 997607.629698276170529, 1013229.420120828668587 ], [ 997597.275160145247355, 1013228.569957367377356 ], [ 997586.886584148625843, 1013228.442006018594839 ], [ 997576.514228761428967, 1013229.036707551102154 ], [ 997566.20835233933758, 1013230.35140641790349 ], [ 997556.01888028322719, 1013232.379687258624472 ], [ 997545.995183147839271, 1013235.111596119124442 ], [ 997536.18563285539858, 1013238.534082738100551 ], [ 997526.63793552108109, 1013242.630558235687204 ], [ 997517.398243891424499, 1013247.381005742703564 ], [ 997508.511268285452388, 1013252.762533271103166 ], [ 997500.020054722204804, 1013258.749152600648813 ], [ 997491.965873936424032, 1013265.311779241659679 ], [ 997481.728750949027017, 1013268.842878019087948 ], [ 997471.77633811510168, 1013273.110885900445282 ], [ 997462.161666680709459, 1013278.093242359231226 ], [ 997452.935770710697398, 1013283.763516540289856 ], [ 997444.147908995393664, 1013290.091407268657349 ], [ 997435.844899332732894, 1013297.043185410322621 ], [ 997428.07078575680498, 1013304.581804430112243 ], [ 997416.794611663091928, 1013316.313249877537601 ], [ 997408.381251925602555, 1013320.998107964755036 ], [ 997400.286101362900808, 1013326.213527722633444 ], [ 997392.542886671144515, 1013331.938386791269295 ], [ 997385.183559263241477, 1013338.149019487551413 ], [ 997378.238295367802493, 1013344.819659113069065 ], [ 997376.456473858677782, 1013346.766069724690169 ], [ 997371.736161640495993, 1013351.922548550297506 ], [ 997365.703561985515989, 1013359.428603771841154 ], [ 997279.719349451246671, 1013473.731470354017802 ], [ 997273.567548933206126, 1013482.55091731378343 ], [ 997268.063460270059295, 1013491.788562257075682 ], [ 997263.235594431636855, 1013501.396853864076547 ], [ 997259.108801125665195, 1013511.32658222632017 ], [ 997255.704379710252397, 1013521.526657684822567 ], [ 997253.039746378315613, 1013531.944331998936832 ], [ 997251.128545153653249, 1013542.526193609344773 ], [ 997249.98053694574628, 1013553.217835863237269 ], [ 997249.601821427349932, 1013563.96418876980897 ], [ 997249.573032486601733, 1013640.354541151435114 ], [ 997241.007032309193164, 1013644.307593147736043 ], [ 997232.706542371306568, 1013648.791871578316204 ], [ 997224.704845518455841, 1013653.789682074799202 ], [ 997217.033560346928425, 1013659.281229259911925 ], [ 997209.723084937199019, 1013665.244506173883565 ], [ 997202.802375012659468, 1013671.656178890378214 ], [ 997085.509640845935792, 1013787.37995290546678 ], [ 997048.335224452195689, 1013779.819006447447464 ], [ 997040.242443812079728, 1013778.402652589720674 ], [ 997032.084222804522142, 1013777.43172561773099 ], [ 997023.885080387932248, 1013776.909099736018106 ], [ 997015.669646416325122, 1013776.836322154267691 ], [ 996980.602261917549185, 1013777.486689703073353 ], [ 996977.194153160788119, 1013777.54993672540877 ], [ 996964.176826736307703, 1013777.791376668727025 ], [ 996960.885907258838415, 1013777.852382952813059 ], [ 996858.622671878663823, 1013779.749192749150097 ], [ 996855.610527487122454, 1013779.805104640312493 ], [ 996848.384177985717542, 1013779.939147071214393 ], [ 996846.338355088373646, 1013779.977109658182599 ], [ 996834.011788928532042, 1013780.205684125307016 ], [ 996821.697527474490926, 1013780.43409898551181 ], [ 996810.856622478109784, 1013781.028370175044984 ], [ 996800.086976360064, 1013782.405559156788513 ], [ 996799.505410837009549, 1013782.523131720139645 ], [ 996789.44528172374703, 1013784.558475736295804 ], [ 996778.987232466810383, 1013787.475727603072301 ], [ 996768.76774571579881, 1013791.142162689939141 ], [ 996758.840407037874684, 1013795.53853741788771 ], [ 996749.257248603971675, 1013800.641737888334319 ], [ 996740.068416309077293, 1013806.425001062802039 ], [ 996731.322169825318269, 1013812.858135925489478 ], [ 996723.064438765519299, 1013819.907191771897487 ], [ 996715.338378975866362, 1013827.535453450051136 ], [ 996695.264694957062602, 1013848.844319496653043 ], [ 996690.276656870380975, 1013854.13940487569198 ], [ 996684.104875004151836, 1013860.690985297667794 ], [ 996683.394531294470653, 1013861.44507319049444 ], [ 996676.652223754208535, 1013869.108903973596171 ], [ 996670.447017622878775, 1013877.213712482131086 ], [ 996664.80775670974981, 1013885.721899533644319 ], [ 996659.760178270749748, 1013894.594096761895344 ], [ 996655.328133397269994, 1013903.789166591363028 ], [ 996651.531922863912769, 1013913.264534029178321 ], [ 996648.389184695086442, 1013922.976186660467647 ], [ 996645.914450409007259, 1013932.879116967087612 ], [ 996644.119255954632536, 1013942.927432943019085 ], [ 996643.01191986782942, 1013953.074689797242172 ], [ 996642.868400793056935, 1013956.606679294374771 ], [ 996642.597543266136199, 1013963.273779437411577 ], [ 996642.525904107140377, 1013974.185775187448598 ], [ 996642.508540556300431, 1013976.831933664157987 ], [ 996642.361727155162953, 1013999.196647436707281 ], [ 996642.333029718836769, 1014003.566930429893546 ], [ 996642.326583819114603, 1014004.550185204483569 ], [ 996641.807420649565756, 1014083.636705853627063 ], [ 996641.499727760558017, 1014085.144612955860794 ], [ 996601.130133849103004, 1014148.601547191850841 ], [ 996520.583702490548603, 1014210.723725216812454 ], [ 996519.624187956098467, 1014211.463759306701832 ], [ 996519.065760266385041, 1014211.894453939981759 ], [ 996443.618100521969609, 1014270.084329118486494 ], [ 996435.346457368694246, 1014276.950515368604101 ], [ 996427.588067654403858, 1014284.391814859118313 ], [ 996422.518628641963005, 1014289.615603593178093 ], [ 996335.054494972340763, 1014379.742905717692338 ], [ 996328.884581922669895, 1014386.50173953466583 ], [ 996323.138491454068571, 1014393.624257313786075 ], [ 996317.837634356459603, 1014401.084028878714889 ], [ 996313.001646253280342, 1014408.853407745249569 ], [ 996308.648831337806769, 1014416.9033099290682 ], [ 996246.319181038648821, 1014541.084522710647434 ], [ 996215.604693684843369, 1014548.898409461486153 ], [ 996205.484482640516944, 1014551.855533355032094 ], [ 996195.596955119515769, 1014555.516611085855402 ], [ 996185.991258332156576, 1014559.86350473202765 ], [ 996138.522588782012463, 1014583.388835959020071 ], [ 996129.205496488139033, 1014588.423762518796138 ], [ 996120.267087044660002, 1014594.103695045341738 ], [ 996111.751958331442438, 1014600.40043279575184 ], [ 996049.88758340687491, 1014649.620230588829145 ], [ 996046.721591340261512, 1014652.139122576569207 ], [ 995981.874248965177685, 1014703.732112145400606 ], [ 995974.289853197173215, 1014710.189160610665567 ], [ 995967.150809639832005, 1014717.135400627623312 ], [ 995960.488846418913454, 1014724.540420418721624 ], [ 995954.333139800350182, 1014732.371375512098894 ], [ 995906.695770923048258, 1014797.302022342104465 ], [ 995897.20867961330805, 1014800.921207143575884 ], [ 995887.993211815715767, 1014805.184849645593204 ], [ 995879.093078129692003, 1014810.072600365383551 ], [ 995831.594841779442504, 1014838.25605431466829 ], [ 995822.531458530109376, 1014844.084097985876724 ], [ 995813.910107487696223, 1014850.548185540130362 ], [ 995805.775164057384245, 1014857.614476383430883 ], [ 995798.168673652457073, 1014865.246918381424621 ], [ 995791.130018835654482, 1014873.405920930788852 ], [ 995790.917024257592857, 1014873.692007813835517 ], [ 995789.661712198168971, 1014875.378309866413474 ], [ 995784.695586500340141, 1014882.049350202549249 ], [ 995778.898435076233, 1014891.132529175141826 ], [ 995773.768627363839187, 1014900.608679920667782 ], [ 995745.065935895894654, 1014958.508375099976547 ], [ 995741.261836846009828, 1014966.807974692201242 ], [ 995737.969861926045269, 1014975.323512540431693 ], [ 995735.202323892037384, 1014984.023803804419003 ], [ 995732.969316580099985, 1014992.876447393908165 ], [ 995731.27938057074789, 1015001.848489385913126 ], [ 995721.869115431094542, 1015061.785373672260903 ], [ 995720.683780182618648, 1015071.320249727927148 ], [ 995720.111405753530562, 1015080.911377949407324 ], [ 995720.154652365716174, 1015090.519612182164565 ], [ 995720.813184767495841, 1015100.105253561283462 ], [ 995722.647726586321369, 1015118.273523830808699 ], [ 995723.120836896123365, 1015122.959299696143717 ], [ 995724.575426278286614, 1015137.36438624560833 ], [ 995715.553259993321262, 1015139.454000024008565 ], [ 995706.677458106889389, 1015142.097400671569631 ], [ 995697.982190506183542, 1015145.284412695211358 ], [ 995689.500517516164109, 1015149.002870184718631 ], [ 995605.1781365982024, 1015189.115234252531081 ], [ 995595.546740528196096, 1015194.132441229885444 ], [ 995586.303683108766563, 1015199.833576010423712 ], [ 995577.497555540408939, 1015206.188889147830196 ], [ 995569.174397082999349, 1015213.164982113288715 ], [ 995561.378138849046081, 1015220.725139060406946 ], [ 995554.149494405603036, 1015228.829658579430543 ], [ 995547.526403531432152, 1015237.436185479862615 ], [ 995544.268535813083872, 1015242.371531996061094 ], [ 995541.543699433095753, 1015246.499600170645863 ], [ 995527.497637709253468, 1015269.552752886083908 ], [ 995523.235826309071854, 1015270.15456585562788 ], [ 995488.326079642749391, 1015275.084872401203029 ], [ 995488.326048237271607, 1015275.08487683662679 ], [ 995348.15281539328862, 1015294.881427546963096 ], [ 995338.978878100635484, 1015296.469053246080875 ], [ 995329.921242950716987, 1015298.622962738387287 ], [ 995321.014634525054134, 1015301.334749673842452 ], [ 995312.293555412907153, 1015304.594127777032554 ], [ 995303.791620477801189, 1015308.388378019677475 ], [ 995247.156989968148991, 1015335.80299764603842 ], [ 995239.28179301507771, 1015339.907398576848209 ], [ 995231.663234480540268, 1015344.470699213328771 ], [ 995224.32838336576242, 1015349.477084586163983 ], [ 995217.302644394454546, 1015354.908859943738207 ], [ 995210.610867473878898, 1015360.747114156605676 ], [ 995148.631343511398882, 1015418.140223049558699 ], [ 995141.534602812724188, 1015425.165163096738979 ], [ 995134.921044746763073, 1015432.646665859268978 ], [ 995128.82028871960938, 1015440.551886525121517 ], [ 995123.259180416469462, 1015448.845547656994313 ], [ 995102.973177470150404, 1015481.392740889219567 ], [ 995075.820921425707638, 1015505.81194712035358 ], [ 995069.031692933524027, 1015512.314153933897614 ], [ 995062.663294651312754, 1015519.228915371233597 ], [ 995056.740686761564575, 1015526.529358325758949 ], [ 995051.287165156332776, 1015534.186398175428621 ], [ 995046.324250581790693, 1015542.170286905602552 ], [ 995022.947639444842935, 1015582.546567086596042 ], [ 995018.303177540539764, 1015591.204876092378981 ], [ 995014.458483352558687, 1015599.668509486597031 ], [ 995014.239626444643363, 1015600.150439513497986 ], [ 995010.774512273957953, 1015609.34444187709596 ], [ 995007.923031278187409, 1015618.746851470088586 ], [ 995005.697606083587743, 1015628.316862706909887 ], [ 995004.10777474520728, 1015638.012674968573265 ], [ 994995.016425974899903, 1015639.603654326871037 ], [ 994986.046929648378864, 1015641.779052092810161 ], [ 994977.23678366758395, 1015644.529687479836866 ], [ 994968.622931031393819, 1015647.843946919660084 ], [ 994903.732703775400296, 1015674.980477758334018 ], [ 994893.321451871772297, 1015677.694073370774277 ], [ 994821.217400616034865, 1015696.487528853933327 ], [ 994811.499123493558727, 1015697.96511520142667 ], [ 994794.094359149574302, 1015700.611406553536654 ], [ 994777.10646711406298, 1015703.194307429133914 ], [ 994771.713755009695888, 1015704.014204570790753 ], [ 994763.058098429115489, 1015705.330275455839001 ], [ 994745.16241969447583, 1015708.051207198528573 ], [ 994745.162408740492538, 1015708.051208863966167 ], [ 994744.933611048967578, 1015708.085995208239183 ], [ 994737.083241437328979, 1015709.279599732835777 ], [ 994549.941460005939007, 1015611.965190540766343 ], [ 994549.10376636183355, 1015611.529597297077999 ], [ 994546.531539186020382, 1015610.192030300851911 ], [ 994523.339203329524025, 1015598.131966109387577 ], [ 994510.150386801105924, 1015591.273723421036266 ], [ 994504.564423782634549, 1015588.369048515683971 ], [ 994500.374885355704464, 1015586.190482304315083 ], [ 994472.817965670488775, 1015571.860758569091558 ], [ 994463.251679321518168, 1015567.308126163668931 ], [ 994453.387784365913831, 1015563.442340511945076 ], [ 994443.275429657427594, 1015560.282750007347204 ], [ 994432.965317008900456, 1015557.845053714467213 ], [ 994422.508813652792014, 1015556.141633158084005 ], [ 994411.958174088154919, 1015555.180667668581009 ] ] ] } },
{ "type": "Feature", "properties": { "nombre": "Humedal de La Isla", "id": 0, "cobertura": "Areas Endurecidas", "periodo": 1956, "fechaini": "1940-01-01T00:00:00", "fechafin": "1960-01-01T00:00:00", "Shape_Leng": 0.00027502667311400002, "Shape_Area": 5.0982733839699998e-09, "geometry_valid": true, "area_m2": 412949.45904402202, "area_ha": 41.294945904402205 }, "geometry": { "type": "Polygon", "coordinates": [ [ [ 984658.622029949910939, 1002266.040965070482343 ], [ 984658.459870845079422, 1002266.157185441232286 ], [ 984658.459872699342668, 1002266.157189148711041 ], [ 984658.459872699342668, 1002266.157189148943871 ], [ 984654.102149744867347, 1002269.280530069721863 ], [ 984646.518063075491227, 1002275.505768460920081 ], [ 984639.357387802097946, 1002282.213835976901464 ], [ 984632.650743545382284, 1002289.37575412238948 ], [ 984626.426974242203869, 1002296.96099659637548 ], [ 984620.712704171659425, 1002304.93715762544889 ], [ 984615.532227019430138, 1002313.269730853498913 ], [ 984610.907727997750044, 1002321.923436260549352 ], [ 984606.859283685334958, 1002330.861114347353578 ], [ 984603.40386348136235, 1002340.044389821356162 ], [ 984603.009096326888539, 1002341.34623571659904 ], [ 984601.868263676762581, 1002345.108340334612876 ], [ 984600.556550241308287, 1002349.434003140777349 ], [ 984598.329430681653321, 1002358.989810669678263 ], [ 984596.732150182127953, 1002368.670674047549255 ], [ 984595.771358122234233, 1002378.435344911878929 ], [ 984595.614288183976896, 1002383.245794417802244 ], [ 984595.590300676994957, 1002383.980920726899058 ], [ 984595.573807485285215, 1002384.486087774508633 ], [ 984595.566300173290074, 1002384.716176089132205 ], [ 984595.490309027023613, 1002387.043750507291406 ], [ 984595.451262604794465, 1002388.241911925491877 ], [ 984595.773297714302316, 1002398.048464282881469 ], [ 984596.7359015570255, 1002407.812981202965602 ], [ 984598.335182092734613, 1002417.493552961735986 ], [ 984600.564140494912863, 1002427.048823365592398 ], [ 984602.017884761327878, 1002431.839606960886158 ], [ 984603.413225935772061, 1002436.437879049452022 ], [ 984605.291699266526848, 1002441.651334110531025 ], [ 984605.726578854373656, 1002577.780323610408232 ], [ 984605.736055075773038, 1002580.744035989162512 ], [ 984606.240877393633127, 1002738.761789740994573 ], [ 984606.275375460740179, 1002749.514868728816509 ], [ 984603.28810903429985, 1002756.383245402248576 ], [ 984544.551621769322082, 1002891.43458517594263 ], [ 984540.327371336636133, 1002901.147459296858869 ], [ 984531.080916703795083, 1002922.407653745496646 ], [ 984530.047467709286138, 1002924.842425702605397 ], [ 984526.592084453790449, 1002934.025706986780278 ], [ 984523.744803831563331, 1002943.415214831009507 ], [ 984521.517712464439683, 1002952.971026757382788 ], [ 984519.920344648533501, 1002962.652004402363673 ], [ 984518.959571516606957, 1002972.416567607899196 ], [ 984518.639490221161395, 1002982.223247350542806 ], [ 984518.96142375539057, 1002992.029801113530993 ], [ 984519.924143062438816, 1003001.79420803883113 ], [ 984521.523312302888371, 1003011.474779653828591 ], [ 984523.752265513059683, 1003021.030159682035446 ], [ 984526.60145184956491, 1003030.419213625602424 ], [ 984530.058546674554236, 1003039.601802745601162 ], [ 984534.108895387966186, 1003048.538673448842019 ], [ 984538.734958633081988, 1003057.191457363893278 ], [ 984539.851678555016406, 1003058.986976629006676 ], [ 984543.91708909033332, 1003065.523113528965041 ], [ 984549.632976725115441, 1003073.498039071448147 ], [ 984555.858314583310857, 1003081.082290245569311 ], [ 984562.566354785696603, 1003088.242808436858468 ], [ 984569.728241839911789, 1003094.949410573695786 ], [ 984577.313567098579369, 1003101.17324087920133 ], [ 984585.289592188084498, 1003106.887545061181299 ], [ 984593.622358736116439, 1003112.068112465087324 ], [ 984602.276022417121567, 1003116.692502086865716 ], [ 984611.213629881269298, 1003120.741037682746537 ], [ 984617.057315228157677, 1003122.939812191063538 ], [ 984620.106826451956294, 1003124.087277798564173 ], [ 984620.397007706342265, 1003124.196365459123626 ], [ 984620.468248648568988, 1003124.220568978227675 ], [ 984664.158044273848645, 1003139.022013039211743 ], [ 984722.133329686243087, 1003158.663296956685372 ], [ 984734.404950456111692, 1003162.82066771236714 ], [ 984769.663734383415431, 1003174.765872010029852 ], [ 984778.982014490291476, 1003177.589106193743646 ], [ 984788.537854666472413, 1003179.81614906899631 ], [ 984798.218735463917255, 1003181.413516134722158 ], [ 984807.983378738863394, 1003182.374248733976856 ], [ 984817.790063091320917, 1003182.694374003913254 ], [ 984827.596623750869185, 1003182.372351926635019 ], [ 984837.361007525585592, 1003181.40973875077907 ], [ 984847.041605493752286, 1003179.810523399501108 ], [ 984856.597031236975454, 1003177.581569880130701 ], [ 984865.986009755753912, 1003174.732396112405695 ], [ 984875.168598106130958, 1003171.275284283445217 ], [ 984884.105519566335715, 1003167.225059814751148 ], [ 984892.758274540188722, 1003162.598870199755765 ], [ 984901.089917412493378, 1003157.416737722815014 ], [ 984909.064834449673072, 1003151.700896051013842 ], [ 984916.648965749773197, 1003145.475679594208486 ], [ 984923.809583283145912, 1003138.767523556714877 ], [ 984930.516178711783141, 1003131.605627246317454 ], [ 984936.740019251476042, 1003124.020406033960171 ], [ 984942.454369736718945, 1003116.044265390373766 ], [ 984947.634825495071709, 1003107.711600799113512 ], [ 984952.259312209556811, 1003099.057913122000173 ], [ 984956.307864040834829, 1003090.120250976411626 ], [ 984959.76317841920536, 1003080.936989460256882 ], [ 984962.212852875702083, 1003072.858853283571079 ], [ 984962.61050500406418, 1003071.54738784453366 ], [ 984963.234920287388377, 1003068.868092850665562 ], [ 984964.837645651539788, 1003061.99158957588952 ], [ 984966.434954490046948, 1003052.310732865007594 ], [ 984967.157150310580619, 1003045.68530765385367 ], [ 984990.013702162308618, 1002781.648776039131917 ], [ 984990.357035522465594, 1002777.682031192700379 ], [ 984990.652539133327082, 1002774.267651503672823 ], [ 985029.589860200532712, 1002564.335655886912718 ], [ 985030.69622019759845, 1002558.37043498584535 ], [ 985030.980993577628396, 1002556.835071843233891 ], [ 985031.624573013745248, 1002553.365225100540556 ], [ 985040.21579887077678, 1002507.045088879531249 ], [ 985040.810052028042264, 1002503.840979660279118 ], [ 985056.293020506273024, 1002420.363509048474953 ], [ 985057.526540749240667, 1002412.576327742892317 ], [ 985058.487278238520958, 1002402.811664107255638 ], [ 985058.807431067572907, 1002393.004990056389943 ], [ 985058.6127940377919, 1002387.078728109132499 ], [ 985058.485342554282397, 1002383.198437554878183 ], [ 985057.757484594942071, 1002375.814366317354143 ], [ 985057.522684828029014, 1002373.434027346549556 ], [ 985057.18686536711175, 1002371.400823705946095 ], [ 985055.923460125573911, 1002363.753448039060459 ], [ 985054.370300948503427, 1002357.094838930875994 ], [ 985053.694555628928356, 1002354.198055935790762 ], [ 985050.845410576788709, 1002344.808985723066144 ], [ 985047.388349048560485, 1002335.626486890832894 ], [ 985043.338136046077125, 1002326.689592085778713 ], [ 985038.711977640283294, 1002318.03678059426602 ], [ 985033.529853683081456, 1002309.705093619064428 ], [ 985028.337393409456126, 1002302.460427819401957 ], [ 985027.813962998567149, 1002301.730134389712475 ], [ 985022.74908861820586, 1002295.559746744926088 ], [ 985021.588612428517081, 1002294.146068180911243 ], [ 985018.021603921893984, 1002290.338308232137933 ], [ 985014.880660672672093, 1002286.985511632752605 ], [ 985012.890648379921913, 1002285.03246207581833 ], [ 985010.470949565642513, 1002265.29927100695204 ], [ 985010.300925433286466, 1002263.96214840025641 ], [ 985008.7016931027174, 1002254.281570084276609 ], [ 985006.472780156997032, 1002244.726179322227836 ], [ 985003.623625898966566, 1002235.337221375433728 ], [ 985000.20041460217908, 1002226.244621125631966 ], [ 985000.166443417547271, 1002226.154614005237818 ], [ 984996.116219755960628, 1002217.217721549794078 ], [ 984991.490050039836206, 1002208.564912725705653 ], [ 984986.307914170902222, 1002200.233228724100627 ], [ 984985.204668031190522, 1002198.69391889392864 ], [ 984980.59201102447696, 1002192.258272762061097 ], [ 984974.366758440039121, 1002184.674099492374808 ], [ 984970.123609621659853, 1002180.036664545885287 ], [ 984956.84756528341677, 1002166.123469851911068 ], [ 984954.382637142203748, 1002163.600463061127812 ], [ 984954.347678101505153, 1002163.56751635170076 ], [ 984947.220812656916678, 1002156.89382604835555 ], [ 984939.635429158806801, 1002150.670070437947288 ], [ 984931.659336235723458, 1002144.955619146348909 ], [ 984927.314245862537064, 1002142.254050466581248 ], [ 984923.326714685885236, 1002139.775014909799211 ], [ 984914.672965489909984, 1002135.150588610791601 ], [ 984905.735375524731353, 1002131.102127369493246 ], [ 984896.552118866471574, 1002127.64676416455768 ], [ 984887.162589789950289, 1002124.799420083058067 ], [ 984877.606736872927286, 1002122.572362142847851 ], [ 984876.575202665175311, 1002122.370969001203775 ], [ 984857.692346612340771, 1002118.754248759709299 ], [ 984849.042982858838513, 1002117.358263761503622 ], [ 984840.796742207603529, 1002116.546958812628873 ], [ 984839.278430805541575, 1002116.397632990498096 ], [ 984835.660960491513833, 1002116.27945179049857 ], [ 984829.471725228358991, 1002116.077501192688942 ], [ 984821.574108149856329, 1002116.336673539015464 ], [ 984819.665142891113646, 1002116.399408414843492 ], [ 984809.900738107273355, 1002117.362130185822025 ], [ 984800.220120750716887, 1002118.961345792631619 ], [ 984790.664789239759557, 1002121.19019116263371 ], [ 984781.275797685259022, 1002124.039480058243498 ], [ 984772.093089905916713, 1002127.496598400524817 ], [ 984763.156276412308216, 1002131.54683111293707 ], [ 984754.50352467270568, 1002136.172809414681979 ], [ 984746.171892134705558, 1002141.355063667870127 ], [ 984738.196882117539644, 1002147.070917653152719 ], [ 984730.612777039408684, 1002153.2961472281022 ], [ 984729.443457720219158, 1002154.391575260204263 ], [ 984723.452194442041218, 1002160.004316932754591 ], [ 984716.745532049797475, 1002167.166116596083157 ], [ 984710.52174490201287, 1002174.751462252112105 ], [ 984704.807346332003362, 1002182.727505871444009 ], [ 984699.626852084300481, 1002191.06018340587616 ], [ 984695.002447416656651, 1002199.713993688928895 ], [ 984690.953876053099521, 1002208.651556149008684 ], [ 984687.498551366268657, 1002217.834827189799398 ], [ 984684.651223371969536, 1002227.22443674725946 ], [ 984682.424089799635112, 1002236.78013061825186 ], [ 984680.826796138193458, 1002246.461102191708051 ], [ 984680.090111494646408, 1002253.253842239035293 ], [ 984679.061599927954376, 1002253.756414807750843 ], [ 984673.588236623327248, 1002256.682586209732108 ], [ 984670.408755485084839, 1002258.382403032621369 ], [ 984662.077141327317804, 1002263.564666866324842 ], [ 984660.385886497679166, 1002264.776750591816381 ], [ 984659.695997236645781, 1002265.271228366415016 ], [ 984659.302502684644423, 1002265.553245187853463 ], [ 984658.622029949910939, 1002266.040965070482343 ] ], [ [ 984962.212786933174357, 1003072.858831986552104 ], [ 984962.212786933174357, 1003072.858831986435689 ], [ 984962.212852875702083, 1003072.858853283571079 ], [ 984962.212786933174357, 1003072.858831986552104 ] ], [ [ 984990.35698795306962, 1002777.682012966717593 ], [ 984990.35698795306962, 1002777.682012966484763 ], [ 984990.357035522465594, 1002777.682031192700379 ], [ 984990.35698795306962, 1002777.682012966717593 ] ], [ [ 985057.186808406142518, 1002371.400868013617583 ], [ 985057.186808406142518, 1002371.400868013384752 ], [ 985057.18686536711175, 1002371.400823705946095 ], [ 985057.186808406142518, 1002371.400868013617583 ] ], [ [ 985054.370245425379835, 1002357.094872253597714 ], [ 985054.370245425379835, 1002357.094872253481299 ], [ 985054.370300948503427, 1002357.094838930875994 ], [ 985054.370245425379835, 1002357.094872253597714 ] ], [ [ 985028.337393410038203, 1002302.460438019013964 ], [ 985028.337393410038203, 1002302.460438018897548 ], [ 985028.337393409456126, 1002302.460427819401957 ], [ 985028.337393410038203, 1002302.460438019013964 ] ], [ [ 985022.74905366206076, 1002295.559781696414575 ], [ 985022.74905366206076, 1002295.55978169629816 ], [ 985022.74908861820586, 1002295.559746744926088 ], [ 985022.74905366206076, 1002295.559781696414575 ] ], [ [ 984954.347672445699573, 1002163.567720628809184 ], [ 984954.347672445699573, 1002163.567720628343523 ], [ 984954.347678101505153, 1002163.56751635170076 ], [ 984954.347672445699573, 1002163.567720628809184 ] ], [ [ 984927.314231773023494, 1002142.254156220005825 ], [ 984927.314231773023494, 1002142.254156219772995 ], [ 984927.314245862537064, 1002142.254050466581248 ], [ 984927.314231773023494, 1002142.254156220005825 ] ], [ [ 984673.588245058315806, 1002256.682601870619692 ], [ 984673.588245058315806, 1002256.682601870852523 ], [ 984673.588236623327248, 1002256.682586209732108 ], [ 984673.588245058315806, 1002256.682601870619692 ] ], [ [ 984660.385894000995904, 1002264.776780636282638 ], [ 984660.385894000995904, 1002264.776780636864714 ], [ 984660.385886497679166, 1002264.776750591816381 ], [ 984660.385894000995904, 1002264.776780636282638 ] ], [ [ 984755.719921391340904, 1002594.108508053352125 ], [ 984755.686440064571798, 1002583.631520151160657 ], [ 984755.683618232607841, 1002582.746373905451037 ], [ 984755.719921391340904, 1002594.108508053352125 ] ] ] } },
{ "type": "Feature", "properties": { "nombre": "Humedal de La Vaca", "id": 0, "cobertura": "Arbustales", "periodo": 1976, "fechaini": "1970-01-01T00:00:00", "fechafin": "1990-01-01T00:00:00", "Shape_Leng": 0.00035484934846199999, "Shape_Area": 7.6447146619700008e-09, "geometry_valid": true, "area_m2": 559719.92781668925, "area_ha": 55.971992781668924 }, "geometry": { "type": "MultiPolygon", "coordinates": [ [ [ [ 990071.175882977433503, 1002852.339707846869715 ], [ 990065.99543162540067, 1002860.67235344229266 ], [ 990062.654862274532206, 1002866.783182846615091 ], [ 990052.011067853774875, 1002887.376038855873048 ], [ 990050.727248666924424, 1002889.918804016895592 ], [ 990046.678669990855269, 1002898.856521534966305 ], [ 990043.223426103941165, 1002908.039766200934537 ], [ 990040.376047654077411, 1002917.429390192148276 ], [ 990038.148956873570569, 1002926.985140177537687 ], [ 990036.551579975755885, 1002936.666099695954472 ], [ 990036.07596099190414, 1002940.703716071904637 ], [ 989997.930799148627557, 1003043.713892269064672 ], [ 989946.070887994486839, 1003116.105895478394814 ], [ 989943.282985565951094, 1003120.135403358144686 ], [ 989938.102454742067493, 1003128.468058542348444 ], [ 989933.477984723052941, 1003137.121661597513594 ], [ 989929.429432460688986, 1003146.059386204229668 ], [ 989925.974102571839467, 1003155.242637071409263 ], [ 989923.1267475070199, 1003164.632266340544447 ], [ 989921.388018242665567, 1003172.092685677111149 ], [ 989921.388015632634051, 1003172.092696876614355 ], [ 989921.170049597159959, 1003173.027874150546268 ], [ 989920.899678433430381, 1003174.188020646455698 ], [ 989919.302432435797527, 1003183.86887293390464 ], [ 989918.675327089964412, 1003190.241662180516869 ], [ 989918.341661565820687, 1003193.633464776328765 ], [ 989918.021465766010806, 1003203.440106346039101 ], [ 989918.343503804178908, 1003213.24666580860503 ], [ 989919.306216631550342, 1003223.011122354888357 ], [ 989920.905382192111574, 1003232.691566100227647 ], [ 989923.134337464231066, 1003242.247082722838968 ], [ 989925.983534371713176, 1003251.635984215186909 ], [ 989929.440651157288812, 1003260.818683984223753 ], [ 989933.490924960235134, 1003269.755485181463882 ], [ 989938.117041072226129, 1003278.408239445299841 ], [ 989943.299132897169329, 1003286.740015128743835 ], [ 989949.015003856504336, 1003294.714876144542359 ], [ 989955.240349443396553, 1003302.298987720278092 ], [ 989957.305708657833748, 1003304.60512578021735 ], [ 989958.924921560450457, 1003307.08028945827391 ], [ 989964.640789495198987, 1003315.055262175388634 ], [ 989970.866021028370596, 1003322.639374977676198 ], [ 989977.574092636699788, 1003329.799899190897122 ], [ 989984.735929108341224, 1003336.506539267371409 ], [ 989992.321234859293327, 1003342.730326784192584 ], [ 989996.118399458006024, 1003345.549455346888863 ], [ 990021.570014738244936, 1003363.829686430515721 ], [ 990025.748997875722125, 1003366.724958810023963 ], [ 990034.08169832197018, 1003371.905428518657573 ], [ 990042.735332652577199, 1003376.52985407714732 ], [ 990051.672949022380635, 1003380.578335557482205 ], [ 990060.856264479691163, 1003384.033737737569027 ], [ 990070.245775795308873, 1003386.881026568356901 ], [ 990079.801647262880579, 1003389.108153750188649 ], [ 990084.183630955521949, 1003389.83113795472309 ], [ 990089.48249005631078, 1003390.705393363023177 ], [ 990090.256551524624228, 1003390.78159736294765 ], [ 990099.247137697180733, 1003391.666226317640394 ], [ 990109.053758232388645, 1003391.986345210927539 ], [ 990118.860298154293559, 1003391.664317770395428 ], [ 990128.624704317306168, 1003390.701586832874455 ], [ 990134.408891543163918, 1003389.746211309917271 ], [ 990138.30525681108702, 1003389.102470296667889 ], [ 990140.164103275397792, 1003388.668868297012523 ], [ 990147.860679839970544, 1003386.873497606371529 ], [ 990157.249587024911307, 1003384.024405071279034 ], [ 990166.432256649481133, 1003380.567251002648845 ], [ 990175.36907829833217, 1003376.51696878450457 ], [ 990184.02188429934904, 1003371.890813820180483 ], [ 990192.353505888371728, 1003366.708695355686359 ], [ 990200.328549939906225, 1003360.992844587191939 ], [ 990207.912622155505233, 1003354.767483068746515 ], [ 990215.073214855627157, 1003348.059486062033102 ], [ 990221.779817821690813, 1003340.897719041444361 ], [ 990225.484538342105225, 1003336.505399460089393 ], [ 990299.076368442503735, 1003245.784428969374858 ], [ 990301.595421382575296, 1003242.591406303225085 ], [ 990307.309741388075054, 1003234.615335474605672 ], [ 990308.228425799170509, 1003233.223552767885849 ], [ 990365.178029329748824, 1003145.886946812155657 ], [ 990369.593061980325729, 1003139.116268817335367 ], [ 990387.988022131146863, 1003110.906033674487844 ], [ 990410.882091023027897, 1003075.796292826533318 ], [ 990412.2043579822639, 1003073.642997351591475 ], [ 990415.14398650242947, 1003068.855451156501658 ], [ 990418.701544833253138, 1003062.198116007028148 ], [ 990419.768401990528218, 1003060.201656441087835 ], [ 990423.816902993596159, 1003051.264068947522901 ], [ 990424.19593012065161, 1003050.25673496525269 ], [ 990424.398241158341989, 1003049.719025048427284 ], [ 990424.39824219699949, 1003049.719022288103588 ], [ 990427.272184269502759, 1003042.080841349903494 ], [ 990430.119603721890599, 1003032.691231812816113 ], [ 990432.346627585589886, 1003023.135493505629711 ], [ 990433.943939992692322, 1003013.454542695195414 ], [ 990434.904777213465422, 1003003.689958848874085 ], [ 990435.224927601171657, 1002993.883431718568318 ], [ 990434.929571108426899, 1002984.886547269765288 ], [ 990434.902842543669976, 1002984.076761335134506 ], [ 990433.940191352041438, 1002974.312410836806521 ], [ 990432.340973362093791, 1002964.631737284129485 ], [ 990432.216855679289438, 1002964.099523027660325 ], [ 990430.112072905059904, 1002955.076429143664427 ], [ 990427.262815383262932, 1002945.687511104857549 ], [ 990423.80574388592504, 1002936.504791094572283 ], [ 990422.341235616477206, 1002933.273331788252108 ], [ 990419.755509746959433, 1002927.567966209957376 ], [ 990415.129427200066857, 1002918.915185082936659 ], [ 990409.947251461446285, 1002910.583490260061808 ], [ 990404.231400673510507, 1002902.608596974401735 ], [ 990398.006068159011193, 1002895.024561529164203 ], [ 990391.298110143980011, 1002887.863891766639426 ], [ 990384.136157998349518, 1002881.157215427258052 ], [ 990376.550951176905073, 1002874.933501268038526 ], [ 990368.574782307376154, 1002869.219174463069066 ], [ 990367.137068717973307, 1002868.270449165604077 ], [ 990277.70722342049703, 1002810.00247488473542 ], [ 990270.812196727492847, 1002805.770481724990532 ], [ 990262.158514293958433, 1002801.14614144503139 ], [ 990253.220955053227954, 1002797.097635638201609 ], [ 990244.037580622476526, 1002793.642321008839644 ], [ 990234.648116714903153, 1002790.794900078326464 ], [ 990225.092288783518597, 1002788.567863729898818 ], [ 990215.411375363124534, 1002786.970495766378008 ], [ 990205.646765656187199, 1002786.00975773727987 ], [ 990195.840181394014508, 1002785.689625427359715 ], [ 990186.033565945341252, 1002786.0116417913232 ], [ 990176.269195161061361, 1002786.974364 ], [ 990166.588567840517499, 1002788.573584782192484 ], [ 990157.033182445797138, 1002790.802442866377532 ], [ 990147.644204242969863, 1002793.651644213940017 ], [ 990138.461688460432924, 1002797.108688054140657 ], [ 990129.524802383035421, 1002801.158972631907091 ], [ 990120.872047152603045, 1002805.785131741547957 ], [ 990112.540370128699578, 1002810.967255975469016 ], [ 990105.655693534528837, 1002815.901607398758642 ], [ 990104.565386827220209, 1002816.683113860781305 ], [ 990096.981269988114946, 1002822.908373047132045 ], [ 990089.820638569770381, 1002829.616379156475887 ], [ 990083.114113959018141, 1002836.778266428038478 ], [ 990076.890319995232858, 1002844.363510616589338 ], [ 990071.175882977433503, 1002852.339707846869715 ] ], [ [ 990432.216836557490751, 1002964.099562078248709 ], [ 990432.216836557490751, 1002964.099562077783048 ], [ 990432.216855679289438, 1002964.099523027660325 ], [ 990432.216836557490751, 1002964.099562078248709 ] ] ], [ [ [ 990268.657009399612434, 1003699.184156522504054 ], [ 990262.942616880987771, 1003707.160231824498624 ], [ 990257.762092467979528, 1003715.492867334978655 ], [ 990253.13773439405486, 1003724.146563480957411 ], [ 990249.089177656802349, 1003733.084272885113023 ], [ 990245.633837870205753, 1003742.267510887701064 ], [ 990242.786467521218583, 1003751.657129685394466 ], [ 990240.559488810482435, 1003761.212875944445841 ], [ 990238.962106015067548, 1003770.893722685519606 ], [ 990238.0013042074861, 1003780.658422044129111 ], [ 990237.681183417094871, 1003790.464952464797534 ], [ 990238.003291650675237, 1003800.271624458022416 ], [ 990238.965959028224461, 1003810.035974885802716 ], [ 990240.565185658284463, 1003819.716536144376732 ], [ 990241.427126686903648, 1003823.411957299220376 ], [ 990242.794086755951867, 1003829.271951582632028 ], [ 990245.643225494190119, 1003838.660864892881364 ], [ 990249.10039127652999, 1003847.843468250590377 ], [ 990250.243688438669778, 1003850.366246907855384 ], [ 990253.150599639979191, 1003856.78039651538711 ], [ 990256.466605191351846, 1003863.117309618159197 ], [ 990271.203307748772204, 1003889.715238693752326 ], [ 990272.513459721812978, 1003892.031098806997761 ], [ 990277.695587591850199, 1003900.362675154930912 ], [ 990283.411491905688308, 1003908.337781317182817 ], [ 990289.63675743713975, 1003915.921808369806968 ], [ 990296.344750076066703, 1003923.082359288004227 ], [ 990298.154581393580884, 1003924.777242293581367 ], [ 990303.506616850150749, 1003929.789027788094245 ], [ 990311.091951565816998, 1003936.012845340534113 ], [ 990311.880607551313005, 1003936.613648950238712 ], [ 990364.963297433569096, 1003976.782441461575218 ], [ 990372.150700939702801, 1003981.895852616871707 ], [ 990380.48331362393219, 1003987.076468692393973 ], [ 990389.137081908411346, 1003991.700931328698061 ], [ 990398.074721490615048, 1003995.749451066716574 ], [ 990407.25794975028839, 1003999.20467135310173 ], [ 990416.647485818248242, 1004002.052110864431597 ], [ 990426.203272375860251, 1004004.279168230015785 ], [ 990435.884253882686608, 1004005.876449079136364 ], [ 990445.648820344824344, 1004006.837213015183806 ], [ 990455.455473063164391, 1004007.15737359598279 ], [ 990465.261936921160668, 1004006.835277229780331 ], [ 990475.026381071191281, 1004005.872698289342225 ], [ 990484.706974872970022, 1004004.273401606595144 ], [ 990494.26233195734676, 1004002.044579947250895 ], [ 990503.651288064429536, 1003999.195305935805663 ], [ 990512.833899915101938, 1003995.738301224657334 ], [ 990521.770779189420864, 1003991.688056675717235 ], [ 990530.423536529764533, 1003987.061827576253563 ], [ 990538.755225338041782, 1003981.879744125180878 ], [ 990546.73023071908392, 1003976.163816254003905 ], [ 990554.314269541879185, 1003969.938597094151191 ], [ 990560.97469321929384, 1003963.728528540930711 ], [ 990586.753057512454689, 1003938.18672296369914 ], [ 990610.04038116382435, 1003915.113073759945109 ], [ 990610.540633752010763, 1003914.615175563958474 ], [ 990617.247222801670432, 1003907.453219786984846 ], [ 990618.431320308358409, 1003906.086179073667154 ], [ 990661.822519541019574, 1003855.377239897614345 ], [ 990663.560245195869356, 1003853.530762866954319 ], [ 990667.111677749548107, 1003849.621391657623462 ], [ 990670.701129051391035, 1003845.370982360444032 ], [ 990671.20607705519069, 1003845.162807902088389 ], [ 990680.142981382552534, 1003841.112581948051229 ], [ 990688.795764432521537, 1003836.486481485539116 ], [ 990697.127479475573637, 1003831.304415474762209 ], [ 990705.102400541421957, 1003825.588393786572851 ], [ 990712.686466330196708, 1003819.3631906141527 ], [ 990719.847058180021122, 1003812.655238705920056 ], [ 990726.553665856597945, 1003805.493292763829231 ], [ 990732.777443715371192, 1003797.90798718330916 ], [ 990738.491876425454393, 1003789.931946545373648 ], [ 990743.672335094655864, 1003781.599232782027684 ], [ 990744.373449779930525, 1003780.371251954929903 ], [ 990779.022331575280987, 1003719.014951743069105 ], [ 990780.710427801124752, 1003716.855647848104127 ], [ 990785.557878421619534, 1003710.163122839876451 ], [ 990801.229461591108702, 1003687.220690255286172 ], [ 990802.096344069461338, 1003685.937289250432514 ], [ 990807.276816421654075, 1003677.604469555313699 ], [ 990811.901237595360726, 1003668.950807219720446 ], [ 990815.94975013367366, 1003660.01312813651748 ], [ 990819.405159736401401, 1003650.829916639253497 ], [ 990820.082658359082416, 1003648.785404610796832 ], [ 990824.221458680811338, 1003641.454466517199762 ], [ 990912.391166297369637, 1003633.68384852190502 ], [ 990918.813164657680318, 1003632.978150091716088 ], [ 990928.493701500003226, 1003631.378909124410711 ], [ 990938.049115593195893, 1003629.150031993282028 ], [ 990947.438020543777384, 1003626.30081227235496 ], [ 990956.620694703771733, 1003622.843750189989805 ], [ 990965.557527588680387, 1003618.793447004398331 ], [ 990974.210351501009427, 1003614.167378896614537 ], [ 990982.541997584979981, 1003608.985233560088091 ], [ 990990.51696166023612, 1003603.269352446775883 ], [ 990998.101071226061322, 1003597.044067313312553 ], [ 991005.26159650052432, 1003590.33603195217438 ], [ 991011.968248989782296, 1003583.174111517262645 ], [ 991018.192071894416586, 1003575.588940301211551 ], [ 991023.906327741104178, 1003567.612811067374423 ], [ 991029.086942270863801, 1003559.280117331072688 ], [ 991033.711283787852153, 1003550.62635825749021 ], [ 991037.759827622096054, 1003541.688801988726482 ], [ 991041.215157373575494, 1003532.505490472191013 ], [ 991044.06251980853267, 1003523.115902952384204 ], [ 991046.289602836361155, 1003513.560181889566593 ], [ 991047.886868427158333, 1003503.879354084958322 ], [ 991048.847663496853784, 1003494.114667198969983 ], [ 991049.105412355973385, 1003486.219884727266617 ], [ 991049.167776123504154, 1003484.308032112079673 ], [ 991048.911572738201357, 1003476.504316710168496 ], [ 991048.845768382423557, 1003474.501469997107051 ], [ 991048.544966835761443, 1003470.670514731551521 ], [ 991044.812544571701437, 1003429.847192875342444 ], [ 991044.150664444430731, 1003423.913679915945977 ], [ 991042.551418773829937, 1003414.233215569169261 ], [ 991040.32249333022628, 1003404.677780076046474 ], [ 991037.473324134014547, 1003395.288840524386615 ], [ 991034.239771470311098, 1003386.699892187025398 ], [ 991034.016121033695526, 1003386.106204955372959 ], [ 991029.965867835562676, 1003377.169349384028465 ], [ 991025.339767412631772, 1003368.516533167683519 ], [ 991020.15768557228148, 1003360.184909570612945 ], [ 991014.912804277148098, 1003352.866995099699125 ], [ 991014.441818090504967, 1003352.209862273884937 ], [ 991008.216579857515171, 1003344.625890080002137 ], [ 991006.377982001518831, 1003342.66316566511523 ], [ 991001.508493788423948, 1003337.465279894066043 ], [ 990994.346634683315642, 1003330.758549049962312 ], [ 990986.761297773802653, 1003324.534777168766595 ], [ 990978.785219139885157, 1003318.820500207599252 ], [ 990970.452577113523148, 1003313.640042316867039 ], [ 990963.862630015704781, 1003310.118441421422176 ], [ 990961.798881331342272, 1003309.015626458567567 ], [ 990957.222346428898163, 1003306.942524963873439 ], [ 990952.86119462386705, 1003304.967042572214268 ], [ 990943.678022039588541, 1003301.511647661915049 ], [ 990934.288423158810474, 1003298.664365833741613 ], [ 990924.732677821652032, 1003296.437245920067653 ], [ 990915.051731360843405, 1003294.839903870015405 ], [ 990905.287083601928316, 1003293.879191001877189 ], [ 990901.940202988102101, 1003293.769880257314071 ], [ 990895.480566926300526, 1003293.559083452215418 ], [ 990894.135966148111038, 1003293.603139665327035 ], [ 990885.673902474227361, 1003293.881124568055384 ], [ 990883.32691040658392, 1003294.061865166411735 ], [ 990882.281460367375985, 1003294.142378914519213 ], [ 990766.590075586806051, 1003304.377678342745639 ], [ 990762.776875255745836, 1003302.736430426943116 ], [ 990753.593582732020877, 1003299.281168103916571 ], [ 990744.203976308112033, 1003296.433798205340281 ], [ 990734.648224903619848, 1003294.206590654328465 ], [ 990724.967273895861581, 1003292.609271876048297 ], [ 990719.763661886565387, 1003292.097227937658317 ], [ 990715.202734078513458, 1003291.648582495399751 ], [ 990705.396104956627823, 1003291.328388007008471 ], [ 990695.58955153322313, 1003291.650452766567469 ], [ 990685.825127488933504, 1003292.61322366411332 ], [ 990676.144553271704353, 1003294.212383066187613 ], [ 990676.082417728030123, 1003294.226876611704938 ], [ 990666.589216192136519, 1003296.441291156806983 ], [ 990657.200170313823037, 1003299.290543590905145 ], [ 990648.017581662512384, 1003302.747639825800434 ], [ 990640.451113800168969, 1003306.176789242657833 ], [ 990639.080728292115964, 1003306.797867766814306 ], [ 990630.427889298996888, 1003311.423861478222534 ], [ 990622.096233894000761, 1003316.606154082459398 ], [ 990614.121266466914676, 1003322.321961442008615 ], [ 990606.537270677625202, 1003328.547172571183182 ], [ 990599.376643553958274, 1003335.255354485474527 ], [ 990595.844467160990462, 1003338.909834934747778 ], [ 990539.255266213207506, 1003399.483710516360588 ], [ 990538.590620527975261, 1003399.4854490312282 ], [ 990530.226479588425718, 1003399.212432339903899 ], [ 990520.419828953105025, 1003399.534519174601883 ], [ 990510.65542000962887, 1003400.497090916032903 ], [ 990500.97486226062756, 1003402.096382771502249 ], [ 990491.419542870833538, 1003404.325312490924262 ], [ 990487.885832858388312, 1003405.319093664758839 ], [ 990478.479819717700593, 1003408.088861683965661 ], [ 990472.624503138940781, 1003409.944354949635454 ], [ 990463.44193515367806, 1003413.401362585602328 ], [ 990454.505103538627736, 1003417.451611974975094 ], [ 990445.852287298883311, 1003422.077847671695054 ], [ 990437.5206554683391, 1003427.259939212352037 ], [ 990429.545601468300447, 1003432.975765877519734 ], [ 990421.96163073903881, 1003439.200995403341949 ], [ 990415.392703000456095, 1003445.320607363944873 ], [ 990393.723433149512857, 1003466.754186977865174 ], [ 990393.131759708747268, 1003467.342663964955136 ], [ 990386.425041478709318, 1003474.504527131095529 ], [ 990380.20127033314202, 1003482.089859600644559 ], [ 990374.486961463233456, 1003490.065925846458413 ], [ 990369.306410691118799, 1003498.398663648869842 ], [ 990364.682027280796319, 1003507.052241715369746 ], [ 990360.633446368621662, 1003515.989944442524575 ], [ 990357.178194622858427, 1003525.17317660478875 ], [ 990354.330802698619664, 1003534.562679870636202 ], [ 990352.103692924370989, 1003544.118532669264823 ], [ 990351.696634446503595, 1003546.341273357742466 ], [ 990349.897237729979679, 1003547.460579859907739 ], [ 990341.922424170305021, 1003553.176415888243355 ], [ 990334.338361005065963, 1003559.401764985406771 ], [ 990327.1776669571409, 1003566.109751701587811 ], [ 990320.471074151806533, 1003573.271620925283059 ], [ 990315.986880963435397, 1003578.632948517217301 ], [ 990309.090511186281219, 1003587.280285216518678 ], [ 990307.350947817438282, 1003589.504074758267961 ], [ 990301.636543263331987, 1003597.480146805406548 ], [ 990296.456007384811528, 1003605.812889904598705 ], [ 990291.831638437113725, 1003614.466583334258758 ], [ 990287.783071458572522, 1003623.404179728939198 ], [ 990284.327722142566927, 1003632.587526187300682 ], [ 990282.394796346430667, 1003638.711222819867544 ], [ 990281.667229843325913, 1003640.438044857699424 ], [ 990278.211882012430578, 1003649.621281065163203 ], [ 990275.364504221477546, 1003659.010787745355628 ], [ 990273.137407795758918, 1003668.566643326892518 ], [ 990271.540129889268428, 1003678.247599633643404 ], [ 990270.853601480368525, 1003685.224280084599741 ], [ 990270.579322670353577, 1003688.012077104998752 ], [ 990270.422758556436747, 1003692.493859731941484 ], [ 990270.260776654584333, 1003697.130899661686271 ], [ 990268.657009399612434, 1003699.184156522504054 ] ], [ [ 991034.239708288456313, 1003386.700072303996421 ], [ 991034.239708288456313, 1003386.700072303647175 ], [ 991034.239771470311098, 1003386.699892187025398 ], [ 991034.239708288456313, 1003386.700072303996421 ] ], [ [ 991014.912800092017278, 1003352.866998449782841 ], [ 991014.912800092017278, 1003352.86699844931718 ], [ 991014.912804277148098, 1003352.866995099699125 ], [ 991014.912800092017278, 1003352.866998449782841 ] ], [ [ 991006.377932107425295, 1003342.663207891397178 ], [ 991006.377932107425295, 1003342.663207891280763 ], [ 991006.377982001518831, 1003342.66316566511523 ], [ 991006.377932107425295, 1003342.663207891397178 ] ] ] ] } },
{ "type": "Feature", "properties": { "nombre": "Humedal de Santa María del Lago", "id": 0, "cobertura": "Arbustales", "periodo": 2014, "fechaini": "2000-01-01T00:00:00", "fechafin": "2020-01-01T00:00:00", "Shape_Leng": 0.000104038843933, "Shape_Area": 7.2068477285200004e-10, "geometry_valid": true, "area_m2": 404816.30551795108, "area_ha": 40.481630551795106 }, "geometry": { "type": "Polygon", "coordinates": [ [ [ 997810.559440726763569, 1010607.809429478598759 ], [ 997807.949531325255521, 1010609.679882144322619 ], [ 997802.584483735263348, 1010613.525402150233276 ], [ 997795.000415321323089, 1010619.750593345728703 ], [ 997787.839853754150681, 1010626.458683578530326 ], [ 997784.277837349567562, 1010630.262464255560189 ], [ 997781.133198231342249, 1010633.620588881080039 ], [ 997774.909516462357715, 1010641.205787749495357 ], [ 997769.195102368714288, 1010649.181878875824623 ], [ 997764.014585518976673, 1010657.514470527064987 ], [ 997762.321592989726923, 1010660.527318073553033 ], [ 997756.914786898996681, 1010670.413810993777588 ], [ 997753.983349254238419, 1010676.054890116327442 ], [ 997749.934863979462534, 1010684.992442623013631 ], [ 997746.479518987121992, 1010694.175690735923126 ], [ 997743.632180085056461, 1010703.565156268421561 ], [ 997741.405161234550178, 1010713.121139959315769 ], [ 997740.281781152705662, 1010719.929357144515961 ], [ 997740.259428656776436, 1010720.064852166338824 ], [ 997740.19703124766238, 1010720.443011686904356 ], [ 997739.807891655364074, 1010722.801952175213955 ], [ 997738.847137801698409, 1010732.566566863213666 ], [ 997738.529640026506968, 1010741.478024917887524 ], [ 997738.516391364857554, 1010743.717526237014681 ], [ 997738.470574890379794, 1010751.523933304124512 ], [ 997738.483346400666051, 1010751.95011487044394 ], [ 997738.468049129238352, 1010752.419092384632677 ], [ 997738.790085799759254, 1010762.22569086693693 ], [ 997739.752738825394772, 1010771.990028524305671 ], [ 997741.351901653804816, 1010781.670637346920557 ], [ 997743.580915933125652, 1010791.225938839372247 ], [ 997746.430127706960775, 1010800.614907516748644 ], [ 997749.887220315868035, 1010809.797513221506961 ], [ 997753.937436279724352, 1010818.734389369259588 ], [ 997756.780430648708716, 1010824.210866857203655 ], [ 997765.788378757308237, 1010840.723333070287481 ], [ 997767.57163558783941, 1010843.899631113861687 ], [ 997772.753727607545443, 1010852.231262030429207 ], [ 997778.469692741171457, 1010860.206251981318928 ], [ 997778.507971416809596, 1010860.256123242666945 ], [ 997871.305764895863831, 1010981.062949268729426 ], [ 997876.164589214720763, 1010987.388311950722709 ], [ 997876.612059907987714, 1010987.970844230731018 ], [ 997948.87166575412266, 1011082.040553480270319 ], [ 997949.247904095798731, 1011082.528430108912289 ], [ 997996.366081039072014, 1011143.349139638012275 ], [ 998008.874012287938967, 1011159.494524044333957 ], [ 998044.042160150944255, 1011204.89008317491971 ], [ 998049.852797819534317, 1011211.936425873660482 ], [ 998056.560895962524228, 1011219.096977464971133 ], [ 998063.722758961026557, 1011225.803580330684781 ], [ 998071.307986354106106, 1011232.027262929244898 ], [ 998079.284069756860845, 1011237.741707736742683 ], [ 998085.699292947771028, 1011241.730121642933227 ], [ 998087.616836656467058, 1011242.92225599125959 ], [ 998094.206790614873171, 1011246.443900819984265 ], [ 998096.270450395997614, 1011247.546571179060265 ], [ 998105.208075893111527, 1011251.59508132643532 ], [ 998114.391324879019521, 1011255.050426145084202 ], [ 998123.780921583878808, 1011257.897678131586872 ], [ 998133.336591798462905, 1011260.124784915824421 ], [ 998143.017506660893559, 1011261.722126933047548 ], [ 998152.782060729921795, 1011262.682849149801768 ], [ 998162.58864867943339, 1011263.002971638925374 ], [ 998172.395221415557899, 1011262.680947260581888 ], [ 998182.159618990495801, 1011261.718214575550519 ], [ 998191.840236265095882, 1011260.119087218423374 ], [ 998201.395579063799232, 1011257.890090442728251 ], [ 998210.78459708171431, 1011255.040845765965059 ], [ 998214.084052390768193, 1011253.877339406637475 ], [ 998220.255194849101827, 1011253.599748093867674 ], [ 998230.019594142213464, 1011252.637132018920965 ], [ 998239.70021350600291, 1011251.037900055292994 ], [ 998249.255558784934692, 1011248.808909191866405 ], [ 998258.644468696438707, 1011245.959780904231593 ], [ 998267.827113391482271, 1011242.502680016681552 ], [ 998276.763884953921661, 1011238.452425289084204 ], [ 998285.416728753247298, 1011233.826268229284324 ], [ 998286.588101800298318, 1011233.097729936125688 ], [ 998293.748366852523759, 1011228.644114278722554 ], [ 998301.723296470125206, 1011222.928301618550904 ], [ 998309.307346226763912, 1011216.703048285329714 ], [ 998316.467898037517443, 1011209.994894485338591 ], [ 998321.262076434097253, 1011204.972500349278562 ], [ 998344.400306346477009, 1011179.580337914871052 ], [ 998346.312783956876956, 1011177.440983075997792 ], [ 998349.460302500636317, 1011173.731452085776255 ], [ 998384.443792139994912, 1011131.119375288602896 ], [ 998385.481463990290649, 1011129.855404586065561 ], [ 998388.557754160021432, 1011125.97967239189893 ], [ 998394.272085485281423, 1011118.003625958459452 ], [ 998399.452527936431579, 1011109.670854329946451 ], [ 998404.077003465848975, 1011101.017186332610436 ], [ 998404.870471429661848, 1011099.382882735575549 ], [ 998422.157352995243855, 1011063.221642561373301 ], [ 998460.912865557242185, 1011036.607100715511478 ], [ 998464.665157926501706, 1011034.030312060960568 ], [ 998469.755175057682209, 1011030.534833953366615 ], [ 998476.164012431865558, 1011025.879880935652182 ], [ 998483.748095429502428, 1011019.654645063681528 ], [ 998490.908680485212244, 1011012.946507803397253 ], [ 998497.615257402765565, 1011005.784663197817281 ], [ 998503.838980192085728, 1010998.199411078938283 ], [ 998509.55333277117461, 1010990.223373456625268 ], [ 998514.733907094574533, 1010981.890720442053862 ], [ 998519.358292149496265, 1010973.236949078622274 ], [ 998523.406739716883749, 1010964.299436266417615 ], [ 998526.86205335566774, 1010955.11600119934883 ], [ 998529.709366543102078, 1010945.726564074051566 ], [ 998531.936475518159568, 1010936.170713313273154 ], [ 998533.533728327020071, 1010926.489917191909626 ], [ 998534.494579554419033, 1010916.725312193040736 ], [ 998534.814591820235364, 1010906.918587682768703 ], [ 998534.492545245215297, 1010897.112096472643316 ], [ 998533.529882702045143, 1010887.347749022534117 ], [ 998531.930709832115099, 1010877.667123990482651 ], [ 998529.701795059721917, 1010868.111800019047223 ], [ 998526.852569564711303, 1010858.72291337873321 ], [ 998523.395460130413994, 1010849.540273311547935 ], [ 998519.345112535869703, 1010840.603357305983081 ], [ 998514.719057230395265, 1010831.950647537480108 ], [ 998509.5369326811051, 1010823.618967453716323 ], [ 998506.201060060178861, 1010818.83194907871075 ], [ 998439.738566258805804, 1010727.30510254856199 ], [ 998437.358540795044973, 1010724.117190186167136 ], [ 998431.133275692583993, 1010716.533179459162056 ], [ 998424.425279899965972, 1010709.372596410452388 ], [ 998417.263400693307631, 1010702.666071699932218 ], [ 998409.678038632264361, 1010696.442245502839796 ], [ 998401.702035143040121, 1010690.727988614002243 ], [ 998393.369341139215976, 1010685.547407265868969 ], [ 998384.715682693407871, 1010680.923059497843497 ], [ 998375.778006302658468, 1010676.87462818052154 ], [ 998366.594700769288465, 1010673.419252777006477 ], [ 998358.243641006876715, 1010670.886775836814195 ], [ 998357.205264372285455, 1010670.571971655008383 ], [ 998347.649528178852051, 1010668.344837433542125 ], [ 998343.980548718944192, 1010667.739480674616061 ], [ 998337.968654639902525, 1010666.7475805003196 ], [ 998328.204028027132154, 1010665.786834900849499 ], [ 998324.613166788592935, 1010665.669585049035959 ], [ 998219.064067228231579, 1010528.244742970331572 ], [ 998212.871274178731255, 1010520.703102046973072 ], [ 998207.227157932124101, 1010514.678187669720501 ], [ 998206.16324136662297, 1010513.542538075475022 ], [ 998199.001436211518012, 1010506.835923122591339 ], [ 998191.416148488293402, 1010500.612229003570974 ], [ 998183.439997881534509, 1010494.897884102654643 ], [ 998175.107379239052534, 1010489.717326299520209 ], [ 998166.453685960848816, 1010485.092892373795621 ], [ 998157.515975626418367, 1010481.044375669909641 ], [ 998148.332748140557669, 1010477.589136706548743 ], [ 998138.943280014558695, 1010474.741771404864267 ], [ 998129.387513422756456, 1010472.514664030401036 ], [ 998119.706610925379209, 1010470.917434268048964 ], [ 998111.687634316389449, 1010470.128407012089156 ], [ 998109.942067870520987, 1010469.956716044456698 ], [ 998100.135490519925952, 1010469.636599904973991 ], [ 998090.328928860020824, 1010469.958632972906344 ], [ 998087.432276633102447, 1010470.244115581386723 ], [ 998080.564543749555014, 1010470.921266074641608 ], [ 998070.883941253297962, 1010472.520517207449302 ], [ 998061.32850543956738, 1010474.749418665771373 ], [ 998051.93962031067349, 1010477.598569928784855 ], [ 998042.757005531922914, 1010481.055805953103118 ], [ 998033.820158791728318, 1010485.106086539453827 ], [ 998025.167357246973552, 1010489.732159905717708 ], [ 998016.83576848055236, 1010494.9143414554419 ], [ 998014.688275623833761, 1010496.376507624401711 ], [ 998008.826718614785932, 1010500.442525817663409 ], [ 997983.442917549284175, 1010518.050884563010186 ], [ 997982.510519506176934, 1010518.731428597937338 ], [ 997977.615430038655177, 1010522.304561417666264 ], [ 997970.031338745378889, 1010528.529845873243175 ], [ 997962.870753699215129, 1010535.237919731065631 ], [ 997956.164185147965327, 1010542.399809659109451 ], [ 997949.972653116914444, 1010549.942972330609336 ], [ 997933.66166595229879, 1010560.845323369605467 ], [ 997846.00103222427424, 1010590.379544788855128 ], [ 997845.66330683499109, 1010590.493785057682544 ], [ 997836.480714490055107, 1010593.95093505573459 ], [ 997827.543891409528442, 1010598.001239579636604 ], [ 997818.891114643425681, 1010602.627225558157079 ], [ 997810.559440726763569, 1010607.809429478598759 ] ], [ [ 997740.281784966820851, 1010719.929361736867577 ], [ 997740.281784966820851, 1010719.929361737682484 ], [ 997740.281781152705662, 1010719.929357144515961 ], [ 997740.281784966820851, 1010719.929361736867577 ] ], [ [ 998094.20686890091747, 1011246.443835058365948 ], [ 998094.20686890091747, 1011246.443835058598779 ], [ 998094.206790614873171, 1011246.443900819984265 ], [ 998094.20686890091747, 1011246.443835058365948 ] ], [ [ 998286.588074611499906, 1011233.097708576591685 ], [ 998286.588074611499906, 1011233.097708576358855 ], [ 998286.588101800298318, 1011233.097729936125688 ], [ 998286.588074611499906, 1011233.097708576591685 ] ], [ [ 998384.443760738591664, 1011131.119391686399467 ], [ 998384.443760738591664, 1011131.119391686050221 ], [ 998384.443792139994912, 1011131.119375288602896 ], [ 998384.443760738591664, 1011131.119391686399467 ] ], [ [ 998207.227146776160225, 1010514.678215568186715 ], [ 998207.227146776160225, 1010514.6782155680703 ], [ 998207.227157932124101, 1010514.678187669720501 ], [ 998207.227146776160225, 1010514.678215568186715 ] ] ] } },
{ "type": "Feature", "properties": { "nombre": "Humedal de Techo", "id": 0, "cobertura": "Pastos", "periodo": 2014, "fechaini": "2000-01-01T00:00:00", "fechafin": "2020-01-01T00:00:00", "Shape_Leng": 0.0011880762446, "Shape_Area": 8.2696603803200003e-08, "geometry_valid": true, "area_m2": 422338.57946011261, "area_ha": 42.233857946011263 }, "geometry": { "type": "Polygon", "coordinates": [ [ [ 992585.640460225287825, 1005427.283059856970794 ], [ 992581.016063087969087, 1005435.936730851535685 ], [ 992576.967557101976126, 1005444.874321330920793 ], [ 992573.512247697683051, 1005454.057678906130604 ], [ 992570.66488813329488, 1005463.447213866049424 ], [ 992570.212572125019506, 1005465.176974632078782 ], [ 992564.017853115685284, 1005489.460403916542418 ], [ 992554.963079822715372, 1005508.530070367036387 ], [ 992536.724264324293472, 1005520.807138465344906 ], [ 992529.162228796747513, 1005526.246041738893837 ], [ 992521.578188965911977, 1005532.471293887589127 ], [ 992514.417605182039551, 1005539.179416427388787 ], [ 992507.71098764159251, 1005546.341212774161249 ], [ 992501.487182052223943, 1005553.926491268561222 ], [ 992499.887175309471786, 1005556.050917463842779 ], [ 992481.561811418039724, 1005580.836007059668191 ], [ 992476.823489697650075, 1005587.244446106953546 ], [ 992475.200301309349015, 1005589.440089644049294 ], [ 992471.085944339050911, 1005595.291690670070238 ], [ 992465.905427152407356, 1005603.624404001049697 ], [ 992461.281053790356964, 1005612.278082783333957 ], [ 992459.795760874287225, 1005615.379819400492124 ], [ 992447.203411332098767, 1005642.470215504174121 ], [ 992444.64022305526305, 1005648.306187342270277 ], [ 992441.184938334859908, 1005657.489330409676768 ], [ 992438.337491318699904, 1005666.878871014574543 ], [ 992436.110415985691361, 1005676.434777321992442 ], [ 992434.513139373622835, 1005686.115580249577761 ], [ 992434.502054629730992, 1005686.228153430391103 ], [ 992433.552425610250793, 1005695.880142727168277 ], [ 992433.410156382480636, 1005700.236520367325284 ], [ 992433.232264869846404, 1005705.686885657371022 ], [ 992433.315059406682849, 1005708.209687336464413 ], [ 992433.349834406049922, 1005709.268333073356189 ], [ 992433.417439602082595, 1005711.327748123556376 ], [ 992433.554317150264978, 1005715.493345513590612 ], [ 992434.51702480239328, 1005725.257722583715804 ], [ 992436.116167252417654, 1005734.938438595156185 ], [ 992438.345082885585725, 1005744.493694371310994 ], [ 992441.194336298853159, 1005753.882686227909289 ], [ 992444.651385418022983, 1005763.065384895307943 ], [ 992448.701691017951816, 1005772.002093030023389 ], [ 992450.285661898902617, 1005775.098116105655208 ], [ 992450.705708783818409, 1005775.918923246790655 ], [ 992463.00306549645029, 1005799.108481467352249 ], [ 992465.625184418749996, 1005803.844441533903591 ], [ 992470.807287582778372, 1005812.176160517148674 ], [ 992476.523163723060861, 1005820.151092250365764 ], [ 992482.748399211443029, 1005827.735180040821433 ], [ 992489.456472428399138, 1005834.895694373059087 ], [ 992496.618310045800172, 1005841.602449357858859 ], [ 992504.203618360450491, 1005847.82614388410002 ], [ 992512.179773898562416, 1005853.540462756878696 ], [ 992515.678083002218045, 1005855.715491033392027 ], [ 992520.512378124054521, 1005858.720970818656497 ], [ 992529.166145093273371, 1005863.34544463455677 ], [ 992535.574786940356717, 1005866.319591365638189 ], [ 992537.603536884649657, 1005869.025662980857305 ], [ 992543.828873539925553, 1005876.609755561454222 ], [ 992550.536826029303484, 1005883.770275076036341 ], [ 992557.698764892178588, 1005890.47692499065306 ], [ 992565.284063605824485, 1005896.700735950144008 ], [ 992571.410237853066064, 1005901.159360395045951 ], [ 992574.775023575872183, 1005906.428367865621112 ], [ 992580.490882300538942, 1005914.403307115309872 ], [ 992582.407640129444189, 1005916.738499628962018 ], [ 992584.253636286128312, 1005918.987335716723464 ], [ 992586.716211226768792, 1005921.987403076374903 ], [ 992593.424155938322656, 1005929.148036810569465 ], [ 992600.586086977506056, 1005935.854580026818439 ], [ 992608.171377892489545, 1005942.078395094489679 ], [ 992616.147405261639506, 1005947.792724435334094 ], [ 992624.480103491921909, 1005952.973243414773606 ], [ 992633.133853840408847, 1005957.597617996158078 ], [ 992637.736271014204249, 1005959.741474506328814 ], [ 992639.153235787060112, 1005960.401403342257254 ], [ 992644.030267484136857, 1005962.543022806756198 ], [ 992650.169418693403713, 1005968.236849141772836 ], [ 992657.754702504258603, 1005974.460558369522914 ], [ 992665.730833893176168, 1005980.175003272481263 ], [ 992674.063525361940265, 1005985.355527467792854 ], [ 992682.717158201383427, 1005989.979907483328134 ], [ 992687.771840466652066, 1005992.269581890082918 ], [ 992691.654782504658215, 1005994.028352743480355 ], [ 992700.838117156294174, 1005997.483726765378378 ], [ 992710.227660781005397, 1006000.330994200077839 ], [ 992719.783468450070359, 1006002.558105427655391 ], [ 992725.179131607059389, 1006003.448383409064263 ], [ 992728.278020414989442, 1006003.959713650052436 ], [ 992729.46437499311287, 1006004.15544373227749 ], [ 992739.228882638621144, 1006005.1161569399992 ], [ 992749.035493880626746, 1006005.436267981305718 ], [ 992755.638325794949196, 1006005.21947053913027 ], [ 992758.842045722645707, 1006005.114232629886828 ], [ 992765.495883173658513, 1006004.528420350514352 ], [ 992798.982140782871284, 1006000.82660297700204 ], [ 992802.092744308756664, 1006000.449786866432987 ], [ 992811.773356246994808, 1005998.850551694631577 ], [ 992815.174847126239911, 1005998.057148377411067 ], [ 992821.328753088251688, 1005996.621677292278036 ], [ 992830.717660433147103, 1005993.772456258186139 ], [ 992839.900246597244404, 1005990.315387893468142 ], [ 992848.837123887962662, 1005986.265072508249432 ], [ 992854.963242695201188, 1005983.065718810190447 ], [ 992887.748410952277482, 1005964.969701444497332 ], [ 992890.275072853895836, 1005963.542969117639586 ], [ 992898.606701507698745, 1005958.360911264782771 ], [ 992906.58167170220986, 1005952.644998403848149 ], [ 992914.165700447512791, 1005946.419672082061879 ], [ 992921.326391188660637, 1005939.711695857928135 ], [ 992921.862369100563228, 1005939.172893720678985 ], [ 992928.19269109365996, 1005935.167276694672182 ], [ 992929.51042578171473, 1005934.222901232307777 ], [ 992936.167665785411373, 1005929.451366944704205 ], [ 992943.751699118409306, 1005923.226154158357531 ], [ 992945.810307378182188, 1005921.297646297840402 ], [ 992950.912283533602022, 1005916.518070175079629 ], [ 992957.618908856995404, 1005909.356200575013645 ], [ 992957.788098855642602, 1005909.162778095225804 ], [ 992968.182799973757938, 1005897.266578332288191 ], [ 992974.237321401713416, 1005889.874648318160325 ], [ 992979.951712503447197, 1005881.898546436335891 ], [ 992985.132154047838412, 1005873.565866978489794 ], [ 992989.756568939657882, 1005864.912219094694592 ], [ 992993.805099282879382, 1005855.974538727314211 ], [ 992997.260439261095598, 1005846.791309737483971 ], [ 992999.042307773721404, 1005840.915505915996619 ], [ 993004.692856723559089, 1005834.881335862562992 ], [ 993010.671947638038546, 1005827.614041120395996 ], [ 993019.534848383395001, 1005816.125146763166413 ], [ 993038.357329741469584, 1005791.725736999069341 ], [ 993038.60207004728727, 1005791.407682494958863 ], [ 993041.383178267278709, 1005787.663252133876085 ], [ 993042.083445006748661, 1005786.689186968840659 ], [ 993044.543919753399678, 1005783.266577725997195 ], [ 993080.262320244684815, 1005733.581081071635708 ], [ 993082.294437224743888, 1005730.649379201931879 ], [ 993083.1955101036001, 1005729.349416211480275 ], [ 993088.376083774375729, 1005721.016744165797718 ], [ 993093.000519194058143, 1005712.362992401584052 ], [ 993097.048958378494717, 1005703.425317986751907 ], [ 993100.504317343584262, 1005694.242094157147221 ], [ 993103.351620305096731, 1005684.852468054974452 ], [ 993104.567048526834697, 1005679.991082131047733 ], [ 993113.160005125915632, 1005643.00497404509224 ], [ 993114.171734025934711, 1005638.310695053660311 ], [ 993115.768984391004778, 1005628.629796699737199 ], [ 993116.729783874819987, 1005618.865243939915672 ], [ 993117.049919571611099, 1005609.05861581035424 ], [ 993116.727841536863707, 1005599.252044043969363 ], [ 993115.765217577805743, 1005589.487660087761469 ], [ 993114.165934558026493, 1005579.806931733037345 ], [ 993113.522368873702362, 1005577.047644836129621 ], [ 993111.936986149172299, 1005570.251658266643062 ], [ 993110.15296122233849, 1005564.372632037848234 ], [ 993109.087806995608844, 1005560.862754107452929 ], [ 993108.338456318480894, 1005558.872018858208321 ], [ 993107.926532148267142, 1005557.777912519988604 ], [ 993107.769451438565738, 1005557.360639137448743 ], [ 993105.630716523737647, 1005551.680027616559528 ], [ 993105.389894981170073, 1005551.148593470919877 ], [ 993103.311616104794666, 1005546.562955981702544 ], [ 993101.580475208582357, 1005542.743286965065636 ], [ 993101.451854897779413, 1005542.491725069703534 ], [ 993099.581145319738425, 1005538.835397432092577 ], [ 993081.085226804600097, 1005503.951176391681656 ], [ 993080.688381805201061, 1005503.207660517073236 ], [ 993081.755477046128362, 1005502.280671251006424 ], [ 993088.916001042234711, 1005495.572601270629093 ], [ 993095.622675313148648, 1005488.410744903259911 ], [ 993101.846431980491616, 1005480.825403949362226 ], [ 993107.560755345621146, 1005472.849423371022567 ], [ 993112.741237920359708, 1005464.516643178183585 ], [ 993117.365691516548395, 1005455.86300423683133 ], [ 993119.353660507593304, 1005451.668358342838474 ], [ 993131.546189788379706, 1005424.877896869904362 ], [ 993133.606677824747749, 1005420.134870772366412 ], [ 993137.062053959816694, 1005410.951538868015632 ], [ 993139.909372016903944, 1005401.562025548773818 ], [ 993142.136430097161792, 1005392.006251785089262 ], [ 993143.73380028270185, 1005382.325354713830166 ], [ 993144.69449571496807, 1005372.560803008149378 ], [ 993145.014636317733675, 1005362.754175676964223 ], [ 993144.69267214636784, 1005352.94760443107225 ], [ 993143.729938107309863, 1005343.183220763225108 ], [ 993142.130764912813902, 1005333.502713585272431 ], [ 993141.25643341219984, 1005329.754294181359001 ], [ 993139.901813311036676, 1005323.94721871195361 ], [ 993137.153850443311967, 1005314.891819373937324 ], [ 993137.052628974430263, 1005314.558314054855146 ], [ 993133.862665672786534, 1005306.085055126575753 ], [ 993133.595531341386959, 1005305.375697390176356 ], [ 993129.545280892518349, 1005296.438845151453279 ], [ 993126.927055196138099, 1005291.54163550818339 ], [ 993124.91919003566727, 1005287.786127728875726 ], [ 993121.734622102463618, 1005282.666035306407139 ], [ 993119.737012130557559, 1005279.454367169411853 ], [ 993115.271788656245917, 1005273.132475605350919 ], [ 993114.963182211504318, 1005272.718595664016902 ], [ 993112.370650468626991, 1005269.242230492644012 ], [ 993103.635196966584772, 1005257.528535901219584 ], [ 993102.994665089529008, 1005256.669608567259274 ], [ 993101.907409576233476, 1005255.211655969265848 ], [ 993100.648655827855691, 1005253.523657004581764 ], [ 993097.487241326714866, 1005249.284346128348261 ], [ 993085.679734128178097, 1005233.451202837750316 ], [ 993084.42910764249973, 1005231.798228341154754 ], [ 993078.203773564775474, 1005224.214094150927849 ], [ 993071.495814323192462, 1005217.053530628676526 ], [ 993064.333859396632761, 1005210.346945310477167 ], [ 993056.748646333697252, 1005204.123197412933223 ], [ 993053.237414047704078, 1005201.510021947091445 ], [ 993044.61652988253627, 1005195.287251485511661 ], [ 993028.114373634802178, 1005177.605497477343306 ], [ 993024.510280210990459, 1005173.875346599845216 ], [ 993017.348428271128796, 1005167.168654943117872 ], [ 993009.763096338137984, 1005160.944911555154249 ], [ 993001.78701904870104, 1005155.230653224978596 ], [ 992993.454373287037015, 1005150.050094397272915 ], [ 992990.162019329960458, 1005148.290702880360186 ], [ 992984.80066731129773, 1005145.425680083106272 ], [ 992975.863073520944454, 1005141.3770905850688 ], [ 992969.036896176985465, 1005138.808669190388173 ], [ 992966.67976274387911, 1005137.921794482157566 ], [ 992957.290237066685222, 1005135.074495682143606 ], [ 992954.26005596970208, 1005134.368261481286027 ], [ 992950.638166168122552, 1005133.524178889580071 ], [ 992950.013541511609219, 1005133.378605293575674 ], [ 992947.73444222426042, 1005132.847465216647834 ], [ 992941.336434254189953, 1005131.79178176773712 ], [ 992939.324794565327466, 1005131.459757941775024 ], [ 992938.05354422214441, 1005131.250098898890428 ], [ 992928.288930783630349, 1005130.28935969423037 ], [ 992928.054589426727034, 1005130.281640080269426 ], [ 992920.99339188891463, 1005130.051160587696359 ], [ 992918.482322232564911, 1005129.969224796746857 ], [ 992908.841318062273785, 1005130.280497229774483 ], [ 992891.849056342733093, 1005131.377012371201999 ], [ 992886.223803832195699, 1005131.740008204244077 ], [ 992870.057056054007262, 1005132.783263543737121 ], [ 992869.891509561566636, 1005132.79400499467738 ], [ 992860.127070204587653, 1005133.75673094112426 ], [ 992850.446572318207473, 1005135.355958274798468 ], [ 992840.891180441714823, 1005137.584827153012156 ], [ 992831.502169872284867, 1005140.434044914436527 ], [ 992825.087981333606876, 1005142.848848556517623 ], [ 992822.319595047156326, 1005143.891112120705657 ], [ 992818.945207675918937, 1005145.420322067453526 ], [ 992813.382733493112028, 1005147.94131775200367 ], [ 992804.729974827030674, 1005152.567518059397116 ], [ 992796.398265947122127, 1005157.749694288126193 ], [ 992788.423332974431105, 1005163.465505575761199 ], [ 992780.839237485895865, 1005169.690731315291487 ], [ 992773.678709308966063, 1005176.398828780744225 ], [ 992766.972036976832896, 1005183.560712114558555 ], [ 992760.748288320144638, 1005191.145968577824533 ], [ 992755.033978955936618, 1005199.122084605623968 ], [ 992749.853405143134296, 1005207.45477755216416 ], [ 992745.228976749465801, 1005216.108437945717014 ], [ 992741.180551450699568, 1005225.046019016648643 ], [ 992737.725212894845754, 1005234.229368436150253 ], [ 992736.70104008493945, 1005237.360028990195133 ], [ 992709.125920747988857, 1005260.476024258765392 ], [ 992706.578005998744629, 1005262.661022083833814 ], [ 992699.41738169954624, 1005269.369016118813306 ], [ 992696.633081859094091, 1005272.228915929677896 ], [ 992690.306627418845892, 1005278.902774120448157 ], [ 992688.127923856722191, 1005281.201133506721817 ], [ 992663.749576240428723, 1005306.918231454095803 ], [ 992659.827332986518741, 1005311.220223417971283 ], [ 992653.60349389933981, 1005318.805488921352662 ], [ 992647.889204781735316, 1005326.781613292638212 ], [ 992642.708650846150704, 1005335.1142032740172 ], [ 992638.084241900127381, 1005343.767981121432967 ], [ 992634.035724553628825, 1005352.705568285658956 ], [ 992633.749306434416212, 1005353.466728523606434 ], [ 992630.850848590605892, 1005361.170006401371211 ], [ 992630.580404285457917, 1005361.888812391087413 ], [ 992627.733034433214925, 1005371.278455500374548 ], [ 992627.555242951028049, 1005372.041485458961688 ], [ 992621.159279651823454, 1005378.033288608188741 ], [ 992614.45263851666823, 1005385.195075199939311 ], [ 992608.22880972805433, 1005392.780344583909027 ], [ 992604.594800132326782, 1005397.852734612068161 ], [ 992602.514530666056089, 1005400.756472558132373 ], [ 992601.058881396544166, 1005402.977641843841411 ], [ 992589.365353326429613, 1005421.171524681034498 ], [ 992585.640460225287825, 1005427.283059856970794 ] ], [ [ 992433.417481785058044, 1005711.327703719609417 ], [ 992433.417481785058044, 1005711.327703719725832 ], [ 992433.417439602082595, 1005711.327748123556376 ], [ 992433.417481785058044, 1005711.327703719609417 ] ], [ [ 992815.174826911883429, 1005998.057130715926178 ], [ 992815.174826911883429, 1005998.057130715926178 ], [ 992815.174847126239911, 1005998.057148377411067 ], [ 992815.174826911883429, 1005998.057130715926178 ] ], [ [ 993100.648619877290912, 1005253.5236455850536 ], [ 993100.648619877290912, 1005253.523645584937185 ], [ 993100.648655827855691, 1005253.523657004581764 ], [ 993100.648619877290912, 1005253.5236455850536 ] ], [ [ 992954.260047565679997, 1005134.368286404991522 ], [ 992954.260047565679997, 1005134.368286404991522 ], [ 992954.26005596970208, 1005134.368261481286027 ], [ 992954.260047565679997, 1005134.368286404991522 ] ], [ [ 992604.594820826896466, 1005397.852753342944197 ], [ 992604.594820826896466, 1005397.852753343409859 ], [ 992604.594800132326782, 1005397.852734612068161 ], [ 992604.594820826896466, 1005397.852753342944197 ] ] ] } },
{ "type": "Feature", "properties": { "nombre": "Humedal de Tibanica", "id": 0, "cobertura": "Arbustales", "periodo": 1956, "fechaini": "1940-01-01T00:00:00", "fechafin": "1960-01-01T00:00:00", "Shape_Leng": 0.00033986094838100002, "Shape_Area": 6.7097817842999996e-09, "geometry_valid": true, "area_m2": 776851.75870252901, "area_ha": 77.685175870252905 }, "geometry": { "type": "Polygon", "coordinates": [ [ [ 985498.984009868116118, 1000677.845567682990804 ], [ 985498.708894659648649, 1000678.201407566433772 ], [ 985498.184384635649621, 1000678.879811804858036 ], [ 985497.160964002017863, 1000680.203549771220423 ], [ 985494.120763550396077, 1000684.135841062641703 ], [ 985487.905712130246684, 1000692.174600032158196 ], [ 985277.985161904827692, 1000963.693691001157276 ], [ 985271.736467664246447, 1000972.409135722904466 ], [ 985266.126666712108999, 1000981.548764227074571 ], [ 985261.184600601671264, 1000991.066126675810665 ], [ 985256.935337641858496, 1001000.912230574875139 ], [ 985253.400727977161296, 1001011.036978210904635 ], [ 985250.59884862031322, 1001021.388392696972005 ], [ 985248.543892736546695, 1001031.91383440955542 ], [ 985247.24672426469624, 1001042.558895036811009 ], [ 985246.713546757120639, 1001053.269609495531768 ], [ 985245.837425904232077, 1001116.008210149826482 ], [ 985246.080798132228665, 1001126.89250401512254 ], [ 985247.11321676382795, 1001137.730427689035423 ], [ 985248.929233648232184, 1001148.464700870448723 ], [ 985251.519517138716765, 1001159.039149822085164 ], [ 985252.529525422956795, 1001162.161789924022742 ], [ 985254.870186129934154, 1001169.397491083014756 ], [ 985258.963587239966728, 1001179.485653557581827 ], [ 985261.932956565287896, 1001185.50771384476684 ], [ 985263.437417940818705, 1001188.558810924761929 ], [ 985263.679278526920825, 1001189.049321788595989 ], [ 985263.778294488089159, 1001189.250119792413898 ], [ 985266.307266899035312, 1001193.559351093717851 ], [ 985269.288776704110205, 1001198.639474137919024 ], [ 985269.669486283441074, 1001199.191973927780055 ], [ 985269.669480958371423, 1001199.191980236908421 ], [ 985275.466063285130076, 1001207.604181517497636 ], [ 985277.375727061647922, 1001209.985425179358572 ], [ 985277.615353181026876, 1001210.284198657958768 ], [ 985277.813686662586406, 1001210.531506923842244 ], [ 985282.277522367890924, 1001216.09714031056501 ], [ 985289.687193671241403, 1001224.073461189051159 ], [ 985297.656232458422892, 1001231.49101988307666 ], [ 985298.5997762279585, 1001232.249324759235606 ], [ 985300.091898491489701, 1001233.448419239837676 ], [ 985306.14246577268932, 1001238.31089962029364 ], [ 985306.392829184420407, 1001238.483802978298627 ], [ 985307.083988873055205, 1001238.961036048247479 ], [ 985315.101058125728741, 1001244.496948648360558 ], [ 985324.485066454159096, 1001250.016554225352593 ], [ 985334.244774399790913, 1001254.840974467457272 ], [ 985344.32880174566526, 1001258.944342901580967 ], [ 985354.683993745595217, 1001262.305216629523784 ], [ 985365.255753848934546, 1001264.905802211957052 ], [ 985375.98837666073814, 1001266.732397887972184 ], [ 985386.825158939696848, 1001267.775504177901894 ], [ 985397.709176260628738, 1001268.029602551017888 ], [ 985408.582950142212212, 1001267.493155486532487 ], [ 985419.389113887446001, 1001266.169159265584312 ], [ 985430.070634409785271, 1001264.064591020578519 ], [ 985440.571367043303326, 1001261.190298042143695 ], [ 985450.835833726450801, 1001257.561882501933724 ], [ 985460.809999479795806, 1001253.198153128265403 ], [ 985470.441161615308374, 1001248.122231084736995 ], [ 985479.678726381971501, 1001242.360886315116659 ], [ 985488.473876011790708, 1001235.944427033886313 ], [ 985496.602167368982919, 1001229.057344544678926 ], [ 985496.78023447713349, 1001228.906478440156206 ], [ 985500.530757956323214, 1001225.229280502884649 ], [ 985501.932453530956991, 1001223.85495975415688 ], [ 985502.073877832386643, 1001223.716305106063373 ], [ 985502.604385099257343, 1001223.196187301422469 ], [ 985503.567497132928111, 1001222.251873366301879 ], [ 985504.277176894131117, 1001221.556064452626742 ], [ 985504.55397856188938, 1001221.284646197920665 ], [ 985511.754281386965886, 1001213.118747055530548 ], [ 985531.173709369613789, 1001189.41255431517493 ], [ 985571.04220490262378, 1001207.648496984969825 ], [ 985580.630313889239915, 1001211.643173278076574 ], [ 985590.47229223314207, 1001214.963477136101574 ], [ 985600.520867230254225, 1001217.593493469408713 ], [ 985610.727546186186373, 1001219.520403714384884 ], [ 985621.043393229134381, 1001220.734927961253561 ], [ 985630.583918505813926, 1001221.191556572797708 ], [ 985631.418474488891661, 1001221.231435647467151 ], [ 985632.881952792755328, 1001221.199875361053273 ], [ 985641.803078601253219, 1001221.007392456172965 ], [ 985652.147161943255924, 1001220.063692109426484 ], [ 985662.400903539382853, 1001218.405319812358357 ], [ 985672.515037697041407, 1001216.039804009255022 ], [ 985682.440743276267312, 1001212.978764570085332 ], [ 985692.130420291097835, 1001209.23691740736831 ], [ 985701.537246033665724, 1001204.832295719417743 ], [ 985710.616062784218229, 1001199.786028664326295 ], [ 985719.323155876249075, 1001194.122452020295896 ], [ 985721.547762492671609, 1001192.445078904624097 ], [ 985727.616586507763714, 1001187.868776318849996 ], [ 985735.456524674431421, 1001181.055197429610416 ], [ 985742.805138101684861, 1001173.714454224449582 ], [ 985755.747954202350229, 1001180.076876071980223 ], [ 985837.633278958848678, 1001224.598305568564683 ], [ 985842.049903363338672, 1001226.999571458087303 ], [ 985846.477729788864963, 1001229.407004566746764 ], [ 985853.511663351440802, 1001233.231455686618574 ], [ 985882.870956915314309, 1001249.194213247508742 ], [ 985892.48670457303524, 1001253.984225548920222 ], [ 985902.420677379355766, 1001258.073536559822969 ], [ 985912.622161957784556, 1001261.441034326795489 ], [ 985913.552290597115643, 1001261.675744331325404 ], [ 985923.038559312699363, 1001264.069477560464293 ], [ 985933.616272448329255, 1001265.945274332421832 ], [ 985939.965880261966959, 1001266.607083411188796 ], [ 985944.301261288812384, 1001267.058924284530804 ], [ 985955.038598742103204, 1001267.404797545168549 ], [ 985983.027401787461713, 1001267.302744725951925 ], [ 985991.237341978703626, 1001266.984916798421182 ], [ 985991.564706322853453, 1001266.972233234206215 ], [ 985992.298800954245962, 1001266.943813685444184 ], [ 985993.528255828190595, 1001266.896156539558433 ], [ 985994.886076404713094, 1001266.747957915998995 ], [ 986003.974941369262524, 1001265.755095601663925 ], [ 986014.315973142278381, 1001263.885210667620413 ], [ 986015.371510994504206, 1001263.616863498347811 ], [ 986016.01625614031218, 1001263.45290099165868 ], [ 986020.676939691998996, 1001262.267824569018558 ], [ 986024.500643206411041, 1001261.295578357763588 ], [ 986034.478910023113713, 1001257.998813770129345 ], [ 986044.201842297916301, 1001254.011291547096334 ], [ 986053.621507941395976, 1001249.352593017625622 ], [ 986062.691639826633036, 1001244.045506058610044 ], [ 986071.36796869779937, 1001238.116135630873032 ], [ 986079.607557352283038, 1001231.593682732316665 ], [ 986087.370021139853634, 1001224.51000185823068 ], [ 986094.617306122207083, 1001216.900043384870514 ], [ 986101.313577976776287, 1001208.801079496275634 ], [ 986118.373041732003912, 1001186.557672112365253 ], [ 986119.237339928979054, 1001185.356492647319101 ], [ 986123.720353371230885, 1001179.125975735485554 ], [ 986125.840812417445704, 1001175.763588495668955 ], [ 986128.331321932375431, 1001171.814130576094612 ], [ 986128.57428013801109, 1001171.428859553532675 ], [ 986128.604120760574006, 1001171.381525352946483 ], [ 986133.006262078764848, 1001163.353628195589408 ], [ 986136.910027076024562, 1001155.071923012845218 ], [ 986140.301106884842739, 1001146.567375110927969 ], [ 986143.166857201256789, 1001137.87172358087264 ], [ 986157.443745393655263, 1001089.644435398862697 ], [ 986158.662726755952463, 1001085.526602081023157 ], [ 986159.025164504535496, 1001084.302280728938058 ], [ 986159.066614180454053, 1001084.162285037338734 ], [ 986160.131226879544556, 1001080.565982040367089 ], [ 986196.489363767905161, 1000957.74782325711567 ], [ 986198.929251647787169, 1000948.411980735720135 ], [ 986200.763702868833207, 1000938.938459034077823 ], [ 986201.912153360783122, 1000929.93646668351721 ], [ 986201.984845693456009, 1000929.366515965899453 ], [ 986202.031320871901698, 1000928.624836444621906 ], [ 986202.148187382263131, 1000926.758046089555137 ], [ 986202.587915422162041, 1000919.735851163277403 ], [ 986202.581908994005062, 1000916.468384322128259 ], [ 986202.570144695346244, 1000910.086274504545145 ], [ 986201.93176222697366, 1000900.458037669886835 ], [ 986200.675437771016732, 1000890.890617871074937 ], [ 986198.80628236324992, 1000881.423934236750938 ], [ 986193.728117646183819, 1000859.451020518201403 ], [ 986191.743019616813399, 1000851.980799161130562 ], [ 986194.285707641742192, 1000844.178596385172568 ], [ 986209.162905277800746, 1000822.844685929012485 ], [ 986236.370770297362469, 1000791.947852923767641 ], [ 986243.337943123653531, 1000788.894132707966492 ], [ 986245.228720215614885, 1000788.065450009424239 ], [ 986258.864820861956105, 1000782.088686641072854 ], [ 986267.245613641338423, 1000778.101869336911477 ], [ 986269.196611166000366, 1000777.080419849138707 ], [ 986322.073192598880269, 1000748.898708395077847 ], [ 986331.480035435291938, 1000743.437888273154385 ], [ 986340.466547143412754, 1000737.309670744929463 ], [ 986348.985019207582809, 1000730.54591140919365 ], [ 986356.990628806408495, 1000723.182667469722219 ], [ 986364.441438518813811, 1000715.258207258651964 ], [ 986371.298174583353102, 1000706.814447832875885 ], [ 986373.223133193096146, 1000704.057315417565405 ], [ 986377.524781598243862, 1000697.895959656219929 ], [ 986383.088422394241206, 1000688.549524277099408 ], [ 986387.959921950940043, 1000678.824244835181162 ], [ 986392.113434480270371, 1000668.771435530972667 ], [ 986395.527441971353255, 1000658.443957991781645 ], [ 986398.183533616364002, 1000647.896221459959634 ], [ 986403.097698446712457, 1000624.887311743572354 ], [ 986404.949320873944089, 1000614.411812874255702 ], [ 986406.053366034291685, 1000603.831389737315476 ], [ 986406.404405593057163, 1000593.19945416378323 ], [ 986406.000783914350905, 1000582.569085641996935 ], [ 986404.600502239656635, 1000563.605010653147474 ], [ 986401.791706916643307, 1000525.565838378155604 ], [ 986401.228352327714674, 1000520.430853782920167 ], [ 986400.628322421573102, 1000514.961808248888701 ], [ 986398.713733939919621, 1000504.467382910777815 ], [ 986396.057826011441648, 1000494.135529346996918 ], [ 986392.674144942546263, 1000484.018882165197283 ], [ 986374.380632633343339, 1000435.173344092909247 ], [ 986372.485504173673689, 1000430.113563041202724 ], [ 986371.785699356347322, 1000428.423221299191937 ], [ 986371.703115201438777, 1000428.223780603613704 ], [ 986371.434242811519653, 1000427.574346212903038 ], [ 986368.559647849295288, 1000420.632191243697889 ], [ 986363.994468508521095, 1000411.441648815758526 ], [ 986358.811278356006369, 1000402.584837895352393 ], [ 986353.03438543563243, 1000394.10333310929127 ], [ 986346.69098257063888, 1000386.036939321318641 ], [ 986339.810592476511374, 1000378.423249324318022 ], [ 986332.425511690904386, 1000371.297975578927435 ], [ 986324.570477584027685, 1000364.694507896667346 ], [ 986316.28211353183724, 1000358.643802962382324 ], [ 986307.599261795752682, 1000353.17427369474899 ], [ 986298.562761498964392, 1000348.311346946982667 ], [ 986289.214671962661669, 1000344.077905971324071 ], [ 986243.565501587931067, 1000325.264922435046174 ], [ 986242.069941008463502, 1000324.672685303958133 ], [ 986232.922938806237653, 1000321.234077033004723 ], [ 986223.570536324987188, 1000318.401714235544205 ], [ 986214.052793741459027, 1000316.187643423909321 ], [ 986204.410547568579204, 1000314.601367587922141 ], [ 986194.685188681120053, 1000313.649735625833273 ], [ 986184.918218441773206, 1000313.336721285828389 ], [ 986175.151803557062522, 1000313.663865389535204 ], [ 986171.615561976330355, 1000314.015025951317511 ], [ 986165.427777302684262, 1000314.6295019115787 ], [ 986155.787861592136323, 1000316.229753196937963 ], [ 986146.969564829254523, 1000318.077454496757127 ], [ 986093.418648228165694, 1000328.554822276346385 ], [ 986081.913525869022124, 1000330.669282877235673 ], [ 986081.134635380585678, 1000327.302096803905442 ], [ 986080.308931092498824, 1000323.73324375890661 ], [ 986079.971855258336291, 1000322.276196176069789 ], [ 986079.695786768454127, 1000321.082793291658163 ], [ 986079.49434572563041, 1000320.212108494364657 ], [ 986076.33307466795668, 1000309.954885600716807 ], [ 986072.445589480921626, 1000299.950248370529152 ], [ 986067.852205309900455, 1000290.249503231141716 ], [ 986062.576233073021285, 1000280.902407951885834 ], [ 986056.644756178953685, 1000271.956839777063578 ], [ 986053.704776961356401, 1000268.146234500454739 ], [ 986050.178864692570642, 1000263.575996109517291 ], [ 986050.088297615759075, 1000263.458795454469509 ], [ 986042.940486963838339, 1000255.451617234502919 ], [ 986035.237727563362569, 1000247.97665640746709 ], [ 986027.019973135087639, 1000241.072167351376265 ], [ 986018.329063317505643, 1000234.773528989520855 ], [ 986009.209611355443485, 1000229.113134041777812 ], [ 985999.70844924740959, 1000224.119946791790426 ], [ 985989.874294767156243, 1000219.819392553879879 ], [ 985979.757529678521678, 1000216.233910632086918 ], [ 985969.410088485805318, 1000213.381516762892716 ], [ 985958.885014822240919, 1000211.277130178059451 ], [ 985948.236350254504941, 1000209.931357228080742 ], [ 985937.51869053801056, 1000209.35115492506884 ], [ 985927.077909992774948, 1000209.534360887715593 ], [ 985926.78696362732444, 1000209.539499276201241 ], [ 985916.096318716416135, 1000210.495495839044452 ], [ 985910.344228135072626, 1000211.428499982343055 ], [ 985909.367191950674169, 1000211.58700787066482 ], [ 985907.424741791444831, 1000211.902087159571238 ], [ 985905.501460426836275, 1000212.214158710557967 ], [ 985900.286044992040843, 1000213.448845636332408 ], [ 985899.278532162075862, 1000213.687352995737456 ], [ 985895.056870766566135, 1000214.686742223217152 ], [ 985884.815921371104196, 1000217.900519929942675 ], [ 985874.831206422881223, 1000221.838895139633678 ], [ 985865.15409888245631, 1000226.481953907175921 ], [ 985855.833973586559296, 1000231.805691092042252 ], [ 985846.918762172106653, 1000237.782563182758167 ], [ 985838.454287477768958, 1000244.382483644876629 ], [ 985830.483930291375145, 1000251.571053688414395 ], [ 985823.048407885595225, 1000259.31188450823538 ], [ 985816.185995599837042, 1000267.564827960799448 ], [ 985535.860269097378477, 1000630.148323321132921 ], [ 985513.944539015763439, 1000658.495060321991332 ], [ 985508.714494414743967, 1000665.259799577645026 ], [ 985508.064322216552682, 1000666.100729421479627 ], [ 985505.930227020988241, 1000668.861018180847168 ], [ 985503.243332938756794, 1000672.336318924790248 ], [ 985498.988402703311294, 1000677.839885742287152 ], [ 985498.984009868116118, 1000677.845567682990804 ] ], [ [ 986125.840752930846065, 1001175.763551113195717 ], [ 986125.840752930846065, 1001175.763551112497225 ], [ 986125.840812417445704, 1001175.763588495668955 ], [ 986125.840752930846065, 1001175.763551113195717 ] ] ] } },
{ "type": "Feature", "properties": { "nombre": "Humedal de la Conejera", "id": 0, "cobertura": "Arbustales", "periodo": 2014, "fechaini": "2000-01-01T00:00:00", "fechafin": "2020-01-01T00:00:00", "Shape_Leng": 2.2578071018399999e-05, "Shape_Area": 1.28508279848e-11, "geometry_valid": true, "area_m2": 1868131.4258574597, "area_ha": 186.81314258574596 }, "geometry": { "type": "Polygon", "coordinates": [ [ [ 996155.094541022786871, 1017813.784495850210078 ], [ 996154.327302868710831, 1017814.042853744118474 ], [ 996145.144758946029469, 1017817.499885136261582 ], [ 996136.207974644610658, 1017821.5501773301512 ], [ 996136.160494201816618, 1017821.575060659903102 ], [ 996129.526655491557904, 1017825.057509918813594 ], [ 996059.56859289330896, 1017864.058900297852233 ], [ 996057.597162485239096, 1017865.177648558514193 ], [ 996049.455314830876887, 1017870.241725294035859 ], [ 996049.265505174640566, 1017870.359947170130908 ], [ 996046.472394685377367, 1017872.272384643671103 ], [ 995852.534775530337356, 1018008.317701505497098 ], [ 995852.098580972990021, 1018008.623667565057985 ], [ 995835.561419342993759, 1018020.224389346316457 ], [ 995830.379588835989125, 1018024.027805394609459 ], [ 995822.795522890170105, 1018030.252986722975038 ], [ 995815.635046785580926, 1018036.96105704375077 ], [ 995810.091675466741435, 1018042.880590323242359 ], [ 995808.928445076802745, 1018044.122931513702497 ], [ 995802.704670977196656, 1018051.708198408363387 ], [ 995796.990347833023407, 1018059.684345058165491 ], [ 995791.809880093438551, 1018068.016979018109851 ], [ 995787.185453345184214, 1018076.670712748193182 ], [ 995783.136923344456591, 1018085.608278932282701 ], [ 995779.68170512386132, 1018094.791636336944066 ], [ 995776.834329224540852, 1018104.181085160933435 ], [ 995774.607329265680164, 1018113.736925718840212 ], [ 995773.010021540685557, 1018123.417799803195521 ], [ 995772.049281707732007, 1018133.182349343900569 ], [ 995771.729100998607464, 1018142.988995282445103 ], [ 995772.051251852186397, 1018152.795495207537897 ], [ 995773.013956687296741, 1018162.559938662219793 ], [ 995774.613108257297426, 1018172.240525920293294 ], [ 995776.842047759215347, 1018181.795899734715931 ], [ 995779.691342959180474, 1018191.184813613537699 ], [ 995783.148455467424355, 1018200.367458811029792 ], [ 995783.219465217436664, 1018200.53863575856667 ], [ 995801.588562139426358, 1018244.718543449882418 ], [ 995798.365827181842178, 1018246.965303106000647 ], [ 995766.100579396937974, 1018278.041714276885614 ], [ 995766.371072356356308, 1018288.551297427387908 ], [ 995766.658130595344119, 1018299.704687822260894 ], [ 995766.700488686212339, 1018301.346495723701082 ], [ 995772.706790445139632, 1018317.691945774364285 ], [ 995774.054110990138724, 1018321.358437201823108 ], [ 995776.568117816466838, 1018328.200114492792636 ], [ 995777.459526076680049, 1018330.625901627354324 ], [ 995780.488490445888601, 1018339.205235475790687 ], [ 995780.866403602063656, 1018340.27564795082435 ], [ 995781.045818064943887, 1018340.784315050346777 ], [ 995788.121440825634636, 1018344.990352407796308 ], [ 995830.508169339271262, 1018372.53499218064826 ], [ 995831.034004399785772, 1018372.352835064171813 ], [ 995833.634742695605382, 1018374.83979220490437 ], [ 995854.549537234008312, 1018375.435357108013704 ], [ 995856.207271018531173, 1018375.267514543724246 ], [ 995860.813872444326989, 1018383.883811163716018 ], [ 995865.99600241414737, 1018392.215439036372118 ], [ 995871.711944325477816, 1018400.190411686431617 ], [ 995877.937179014319554, 1018407.774450136581436 ], [ 995884.645301501266658, 1018414.935044837882742 ], [ 995891.807133511989377, 1018421.641676856670529 ], [ 995899.392498455592431, 1018427.865375461056828 ], [ 995907.368557394715026, 1018433.579713452840224 ], [ 995915.701251248479821, 1018438.760254145483486 ], [ 995924.354967929190025, 1018443.384662005351856 ], [ 995933.292542405775748, 1018447.433144940645434 ], [ 995942.475811370299198, 1018450.888454288011417 ], [ 995951.865391353145242, 1018453.735774242435582 ], [ 995961.421233417117037, 1018455.962721800431609 ], [ 995971.10206849151291, 1018457.560010323068127 ], [ 995980.866627641255036, 1018458.520785947795957 ], [ 995990.673309279489331, 1018458.840848760562949 ], [ 996000.479846339323558, 1018458.518763431231491 ], [ 996010.2441937798867, 1018457.556080296402797 ], [ 996019.924861387349665, 1018455.95689303916879 ], [ 996029.480137193924747, 1018453.727949278545566 ], [ 996038.869085920974612, 1018450.878761155065149 ], [ 996048.051770869526081, 1018447.42160525242798 ], [ 996056.988588251173496, 1018443.371301534352824 ], [ 996065.641376565559767, 1018438.745213231770322 ], [ 996073.972972857300192, 1018433.563025757088326 ], [ 996081.947878321865574, 1018427.847078381921165 ], [ 996082.910224552731961, 1018427.102259684819728 ], [ 996214.847084315144457, 1018324.130225825705566 ], [ 996221.468803580850363, 1018318.649789182120003 ], [ 996228.629399362020195, 1018311.941756371990778 ], [ 996235.336016389308497, 1018304.779807688901201 ], [ 996241.559701375314035, 1018297.194575620698743 ], [ 996247.274052650434896, 1018289.218461859156378 ], [ 996252.454554568626918, 1018280.885858484078199 ], [ 996255.155653107562102, 1018275.998446641257033 ], [ 996278.165606698370539, 1018232.467073797481135 ], [ 996292.373084212187678, 1018220.723687964258716 ], [ 996295.635912560625002, 1018223.670317718409933 ], [ 996303.221152929356322, 1018229.894055920420215 ], [ 996311.197312873671763, 1018235.608435600996017 ], [ 996319.530000516446307, 1018240.78890935680829 ], [ 996328.183603808633052, 1018245.413252022699453 ], [ 996337.121290558483452, 1018249.461781895486638 ], [ 996346.304564619204029, 1018252.917139540193602 ], [ 996350.379710313864052, 1018254.235303156892769 ], [ 996359.339964812272228, 1018256.993122087675147 ], [ 996361.729034655261785, 1018259.78520263871178 ], [ 996368.43701350374613, 1018266.94572863553185 ], [ 996375.598927486105822, 1018273.652405433706008 ], [ 996383.184267316828482, 1018279.876151546603069 ], [ 996391.160305112483911, 1018285.590428984491155 ], [ 996399.492981871473603, 1018290.770911428029649 ], [ 996408.146685586078092, 1018295.395263119833544 ], [ 996417.084362223977223, 1018299.443802309571765 ], [ 996426.267626626649871, 1018302.89905894245021 ], [ 996427.666239944519475, 1018303.323296603397466 ], [ 996429.683589681866579, 1018303.934963682084344 ], [ 996429.801928986446001, 1018303.970844550407492 ], [ 996430.864401575294323, 1018304.293061704840511 ], [ 996435.657095359405503, 1018305.746438120841049 ], [ 996445.212941352860071, 1018307.97344601561781 ], [ 996454.893784580286592, 1018309.57079571345821 ], [ 996458.21461310912855, 1018309.89752226381097 ], [ 996457.354349975707009, 1018313.588676807819866 ], [ 996455.757071349653415, 1018323.269536549341865 ], [ 996454.796358165913261, 1018333.034187989076599 ], [ 996454.476202010759152, 1018342.840830943547189 ], [ 996454.79826476238668, 1018352.647333598113619 ], [ 996455.546136572724208, 1018360.705294829327613 ], [ 996458.547382628545165, 1018385.695017215446569 ], [ 996458.762237008078955, 1018387.401397306588478 ], [ 996460.36151917593088, 1018397.081998773268424 ], [ 996462.59047755622305, 1018406.637392429518513 ], [ 996465.439680321956985, 1018416.026331705856137 ], [ 996468.896811342332512, 1018425.208897141623311 ], [ 996472.947113902890123, 1018434.145722330547869 ], [ 996477.573168855975382, 1018442.798546801088378 ], [ 996482.755338391056284, 1018451.130216037621722 ], [ 996486.848316875169985, 1018456.950619552866556 ], [ 996520.839366785134189, 1018502.92893106804695 ], [ 996522.462370273075067, 1018505.083214860409498 ], [ 996528.687642585486174, 1018512.667305910727009 ], [ 996535.395583724370226, 1018519.827846757252701 ], [ 996540.719590574852191, 1018524.813303763745353 ], [ 996560.557321356493048, 1018569.079581107827835 ], [ 996562.915189454331994, 1018574.090717481565662 ], [ 996567.541225848137401, 1018582.743547590798698 ], [ 996572.723487112438306, 1018591.075223086751066 ], [ 996578.439229369279929, 1018599.050137719605118 ], [ 996584.664488518261351, 1018606.634122843039222 ], [ 996591.372527151019312, 1018613.794779254239984 ], [ 996598.534500153618865, 1018620.50136658793781 ], [ 996606.119787529925816, 1018626.725135015440173 ], [ 996614.095883493078873, 1018632.439435841049999 ], [ 996622.428507403586991, 1018637.619942674180493 ], [ 996623.293286030646414, 1018638.115201080916449 ], [ 996639.364184969221242, 1018647.249668736709282 ], [ 996647.776476949220523, 1018665.511467007105239 ], [ 996671.220857465290464, 1018716.405234975041822 ], [ 996672.935660016722977, 1018720.001396146137267 ], [ 996677.561786142643541, 1018728.654122510110028 ], [ 996677.857345062424429, 1018729.1636713296175 ], [ 996705.835044923587702, 1018777.174833411234431 ], [ 996707.586170691181906, 1018780.179924357798882 ], [ 996719.516343220486306, 1018800.652665864909068 ], [ 996722.766978800762445, 1018809.979340528720059 ], [ 996725.833403223427013, 1018818.026037079864182 ], [ 996729.883655197569169, 1018826.962876462261193 ], [ 996734.509768476244062, 1018835.615606438368559 ], [ 996739.691994535503909, 1018843.947293578996323 ], [ 996745.407922459300607, 1018851.922220969339833 ], [ 996751.633144560619257, 1018859.506330528180115 ], [ 996758.341145446989685, 1018866.666891241678968 ], [ 996765.503080183174461, 1018873.37349440343678 ], [ 996771.456502776942216, 1018878.327314622118138 ], [ 996790.450436573475599, 1018893.319438357255422 ], [ 996792.082262087264098, 1018894.589403697522357 ], [ 996800.058427179814316, 1018900.303724053665064 ], [ 996808.391120239510201, 1018905.48414066049736 ], [ 996817.044729673303664, 1018910.108428144128993 ], [ 996825.982423723558895, 1018914.157015139469877 ], [ 996835.165706703090109, 1018917.612320804502815 ], [ 996844.55519555544015, 1018920.459639449603856 ], [ 996854.111063613672741, 1018922.686698195640929 ], [ 996863.791931225219741, 1018924.28398874681443 ], [ 996873.556529804482125, 1018925.244767341180705 ], [ 996883.363147112075239, 1018925.564833597978577 ], [ 996893.169627316645347, 1018925.242751683690585 ], [ 996902.934036553720944, 1018924.280071442015469 ], [ 996912.614662923617288, 1018922.680775494663976 ], [ 996922.170016539981589, 1018920.451832140795887 ], [ 996927.278826200403273, 1018918.984757041907869 ], [ 996976.25767536519561, 1018903.975948591134511 ], [ 996980.537791256909259, 1018902.593726192251779 ], [ 996989.720352711854503, 1018899.136682816664688 ], [ 996998.657166283112019, 1018895.086267414037138 ], [ 997007.309959556907415, 1018890.46017451339867 ], [ 997015.641569554223679, 1018885.277978471596725 ], [ 997023.616497412906028, 1018879.562128707068041 ], [ 997031.200575566501357, 1018873.336843886645511 ], [ 997038.361189615679905, 1018866.628775412566029 ], [ 997045.067722084582783, 1018859.466896818950772 ], [ 997047.940412592841312, 1018855.965982340625487 ], [ 997049.437654816778377, 1018854.141051959595643 ], [ 997051.29155237309169, 1018851.881619135267101 ], [ 997057.005834928364493, 1018843.905564950197004 ], [ 997062.186275782063603, 1018835.572904911474325 ], [ 997066.810688765835948, 1018826.919136572629213 ], [ 997070.859217440360226, 1018817.981526715448126 ], [ 997074.314445980242454, 1018808.798226681887172 ], [ 997077.161842956440523, 1018799.408714708755724 ], [ 997078.457944280700758, 1018794.197711794869974 ], [ 997098.441302553517744, 1018707.240501386579126 ], [ 997099.372123336885124, 1018702.895701241563074 ], [ 997100.969475065474398, 1018693.21485441585537 ], [ 997101.930154893081635, 1018683.450210643932223 ], [ 997102.250281352899037, 1018673.643680604058318 ], [ 997101.928191731800325, 1018663.837064331397414 ], [ 997101.706786689348519, 1018661.590821575839072 ], [ 997101.338555138558149, 1018657.855709015624598 ], [ 997100.965551438159309, 1018654.072714660665952 ], [ 997099.366355551872402, 1018644.39209968294017 ], [ 997097.137372585362755, 1018634.836797998752445 ], [ 997094.288144496735185, 1018625.447835195111111 ], [ 997090.830986639251933, 1018616.265241546323523 ], [ 997089.776549170957878, 1018613.938637448824011 ], [ 997093.590844033285975, 1018612.209986055386253 ], [ 997102.243675083387643, 1018607.583904439583421 ], [ 997110.575322357239202, 1018602.401608747662976 ], [ 997118.550286864396185, 1018596.685769506148063 ], [ 997126.134289924171753, 1018590.46049476088956 ], [ 997133.294827926321886, 1018583.75243586616125 ], [ 997140.001505110412836, 1018576.59056630730629 ], [ 997146.225256998674013, 1018569.005297091556713 ], [ 997151.939570702263154, 1018561.029140178230591 ], [ 997154.060351878404617, 1018557.763576414086856 ], [ 997160.428232503356412, 1018547.673621973604895 ], [ 997161.322196124936454, 1018548.463807399151847 ], [ 997167.254428396467119, 1018553.400960903731175 ], [ 997174.956178199034184, 1018593.171805003541522 ], [ 997175.105417086975649, 1018593.931718631298281 ], [ 997177.334391472977586, 1018603.487133024609648 ], [ 997180.183499217848293, 1018612.875988232670352 ], [ 997180.99663897335995, 1018615.035844875266775 ], [ 997182.650988244684413, 1018619.430089385830797 ], [ 997183.640646483632736, 1018622.058585852733813 ], [ 997187.690966017078608, 1018630.995448758359998 ], [ 997188.844909735722467, 1018633.28522675333079 ], [ 997244.19077603763435, 1018740.812548051821068 ], [ 997244.483735558926128, 1018743.180428813677281 ], [ 997246.082911071367562, 1018752.861046959762461 ], [ 997248.311872056452557, 1018762.416353167383932 ], [ 997251.16107620310504, 1018771.805321909487247 ], [ 997254.618207860155962, 1018780.98792303679511 ], [ 997255.6394706441788, 1018783.393265011603944 ], [ 997265.593902704305947, 1018806.282156251487322 ], [ 997271.189258155995049, 1018878.368562622577883 ], [ 997272.114787186961621, 1018890.29302411316894 ], [ 997272.479164991527796, 1018894.986906847450882 ], [ 997273.654190239612944, 1018910.124847649363801 ], [ 997273.930867919232696, 1018913.262269025552087 ], [ 997277.40400265797507, 1018948.419908917159773 ], [ 997277.57132823811844, 1018950.113276372896507 ], [ 997277.719509968417697, 1018951.613283423823304 ], [ 997278.217241299455054, 1018956.651490240939893 ], [ 997279.954583945916966, 1018974.237277053296566 ], [ 997280.512990590883419, 1018979.08240565052256 ], [ 997282.11215676413849, 1018988.763025106396526 ], [ 997284.341106521431357, 1018998.3183328906307 ], [ 997287.190297603840008, 1019007.707303488045 ], [ 997288.999292882625014, 1019012.512357168830931 ], [ 997290.647525346721523, 1019016.889906731201336 ], [ 997294.45905706693884, 1019025.300303795258515 ], [ 997294.697811681660824, 1019025.826776054338552 ], [ 997296.709456694312394, 1019029.758114703465253 ], [ 997298.33245913439896, 1019032.817860142560676 ], [ 997313.675922198570333, 1019061.743569593760185 ], [ 997316.290201401803643, 1019066.465106301940978 ], [ 997321.472348349052481, 1019074.796611758181825 ], [ 997322.822847107308917, 1019076.680991640896536 ], [ 997323.929647141951136, 1019078.225132168387063 ], [ 997324.808489528135397, 1019079.451331981923431 ], [ 997325.059441821649671, 1019079.801452835323289 ], [ 997325.558569299988449, 1019080.497853405424394 ], [ 997327.188309180084616, 1019082.771582680987194 ], [ 997333.413565586786717, 1019090.355629045167007 ], [ 997337.605131954769604, 1019094.830071408534423 ], [ 997340.121602518483996, 1019097.516240797238424 ], [ 997347.283464416163042, 1019104.222787873004563 ], [ 997354.868753631366417, 1019110.446520129218698 ], [ 997362.84485391585622, 1019116.160899148089811 ], [ 997371.051791333477013, 1019121.268729010946117 ], [ 997390.055283518857323, 1019132.262468190863729 ], [ 997390.181088151060976, 1019132.335116249276325 ], [ 997398.834747373010032, 1019136.95935893105343 ], [ 997407.772383792209439, 1019141.007903276477009 ], [ 997416.955723842373118, 1019144.463168143178336 ], [ 997426.345273764105514, 1019147.31055812665727 ], [ 997435.900985234649852, 1019149.537578884395771 ], [ 997441.149425591458566, 1019150.403591527719982 ], [ 997445.58192253310699, 1019151.134942965698428 ], [ 997455.34648443502374, 1019152.095685138134286 ], [ 997465.153180754743516, 1019152.415715276496485 ], [ 997469.486582032870501, 1019152.273473891080357 ], [ 997474.959633904625662, 1019152.093597228871658 ], [ 997475.304978460189886, 1019152.059637161553837 ], [ 997484.72402107459493, 1019151.130880528711714 ], [ 997486.457840015878901, 1019150.844526809174567 ], [ 997494.40463048464153, 1019149.531768636428751 ], [ 997503.959972285781987, 1019147.302787219290622 ], [ 997507.135725930449553, 1019146.413936379132792 ], [ 997531.125433336128481, 1019139.414315012632869 ], [ 997537.33870904345531, 1019137.453938782331534 ], [ 997546.521267061121762, 1019133.996851461124606 ], [ 997555.458082273835316, 1019129.946500893798657 ], [ 997564.110882252571173, 1019125.320360169396736 ], [ 997572.442503997008316, 1019120.138224536902271 ], [ 997579.085240387707017, 1019115.37723938387353 ], [ 997580.417448587832041, 1019114.422321995138191 ], [ 997588.001437460072339, 1019108.197092128917575 ], [ 997595.162077986868098, 1019101.489075509714894 ], [ 997601.868641639128327, 1019094.32713488501031 ], [ 997608.092396755586378, 1019086.74190223577898 ], [ 997613.806719494285062, 1019078.765778787899762 ], [ 997618.987093843170442, 1019070.433156188693829 ], [ 997621.956258524791338, 1019065.03600076190196 ], [ 997632.949772260384634, 1019044.043223218410276 ], [ 997634.604959054850042, 1019040.786754531785846 ], [ 997638.653431544313207, 1019031.849063921603374 ], [ 997642.10882928268984, 1019022.665789313730784 ], [ 997644.956065885140561, 1019013.276298274053261 ], [ 997647.183161209686659, 1019003.720511176390573 ], [ 997647.54973909095861, 1019001.499240158125758 ], [ 997648.780464805429801, 1018994.03956476226449 ], [ 997649.741210555541329, 1018984.275038008810952 ], [ 997650.061294846353121, 1018974.468399252742529 ], [ 997649.739165601204149, 1018964.661890838528052 ], [ 997648.776487919734791, 1018954.897423285874538 ], [ 997647.177256578812376, 1018945.216907058260404 ], [ 997646.578552917344496, 1018942.354622184648179 ], [ 997640.859394422150217, 1018916.284328798763454 ], [ 997640.56971674435772, 1018894.017666312167421 ], [ 997640.533868075348437, 1018891.265087826177478 ], [ 997640.030615748371929, 1018852.58163036534097 ], [ 997639.721191332209855, 1018844.710858960286714 ], [ 997638.758510930580087, 1018834.94639182894025 ], [ 997638.471785778994672, 1018832.881282753893174 ], [ 997634.900630303192884, 1018808.409275730606169 ], [ 997641.614929738803767, 1018795.723881239187904 ], [ 997643.57651276118122, 1018791.885410740738735 ], [ 997647.624999603955075, 1018782.947721253032796 ], [ 997651.080298854503781, 1018773.764447708963417 ], [ 997653.927545960410498, 1018764.374957656604238 ], [ 997656.15464979945682, 1018754.819171487935819 ], [ 997657.751959863933735, 1018745.138225921895355 ], [ 997658.71259909204673, 1018735.3736999417888 ], [ 997659.032685718149878, 1018725.567061873385683 ], [ 997658.710667653707787, 1018715.760554059175774 ], [ 997657.747988128568977, 1018705.996087022824213 ], [ 997656.695096619892865, 1018699.20926286408212 ], [ 997651.694294906803407, 1018671.220904417918064 ], [ 997651.147950766026042, 1018668.327212824951857 ], [ 997648.919037463958375, 1018658.771895353798755 ], [ 997646.069767115055583, 1018649.382912296918221 ], [ 997642.61267666274216, 1018640.200293997535482 ], [ 997638.562410860904492, 1018631.263517834828235 ], [ 997633.936276959488168, 1018622.610734147834592 ], [ 997628.754133749753237, 1018614.279097940889187 ], [ 997623.03816969471518, 1018606.304105453193188 ], [ 997616.812902958947234, 1018598.720147010986693 ], [ 997610.104959469405003, 1018591.559622423490509 ], [ 997590.481397082912736, 1018571.939904654980637 ], [ 997590.243203617166728, 1018571.598545697517693 ], [ 997586.951096840202808, 1018566.880781393032521 ], [ 997578.505821533501148, 1018554.778517954749987 ], [ 997537.947459279675968, 1018449.33539666084107 ], [ 997536.606776770553552, 1018445.85000762110576 ], [ 997547.047299219062552, 1018444.58704776421655 ], [ 997548.627710425877012, 1018444.387286154204048 ], [ 997558.308299698401242, 1018442.788072494091466 ], [ 997567.863620756543241, 1018440.559099890873767 ], [ 997577.252627208363265, 1018437.709879651665688 ], [ 997586.435160210356116, 1018434.252798156114295 ], [ 997595.37194849527441, 1018430.202453384292312 ], [ 997598.8708663394209, 1018428.419209793675691 ], [ 997633.454454216407612, 1018410.218889134703204 ], [ 997661.415059973602183, 1018405.990371812018566 ], [ 997668.260433902265504, 1018404.792228876031004 ], [ 997677.81576285418123, 1018402.56327005487401 ], [ 997687.204777995240875, 1018399.714063368854113 ], [ 997696.387320475419983, 1018396.256995138712227 ], [ 997697.536953450064175, 1018395.775044475565664 ], [ 997702.639640553854406, 1018395.650154754985124 ], [ 997708.790240718401037, 1018395.372962678549811 ], [ 997718.554616386536509, 1018394.410276470938697 ], [ 997728.235215434920974, 1018392.810973777086474 ], [ 997737.790547590120696, 1018390.582022469141521 ], [ 997747.179566409555264, 1018387.732823163387366 ], [ 997749.04518702311907, 1018387.085642790654674 ], [ 997756.701363408123143, 1018384.372843152727 ], [ 997764.133811425766908, 1018386.571105218492448 ], [ 997773.689718725625426, 1018388.798168107750826 ], [ 997783.370523095596582, 1018390.395464444765821 ], [ 997791.534563726629131, 1018391.198716855491512 ], [ 997793.135177612304688, 1018391.356139377807267 ], [ 997802.94174795364961, 1018391.676213190658018 ], [ 997812.748299855971709, 1018391.35413895570673 ], [ 997816.449284709524363, 1018391.065193288843147 ], [ 997838.440300756483339, 1018389.073762619285844 ], [ 997844.503693678649142, 1018388.400037089828402 ], [ 997854.184296054416336, 1018386.800860925810412 ], [ 997863.739632561337203, 1018384.571925353258848 ], [ 997868.666559467557818, 1018383.160430784104392 ], [ 997870.335069237858988, 1018383.389510121196508 ], [ 997878.882401519920677, 1018384.265524100628681 ], [ 997885.908317757886834, 1018388.582890880992636 ], [ 997892.124027683632448, 1018391.904600851237774 ], [ 997894.561919755768031, 1018393.207299559842795 ], [ 997898.019669348956086, 1018394.77359767688904 ], [ 997903.499505460960791, 1018397.255790721741505 ], [ 997912.682801042799838, 1018400.711114720557816 ], [ 997922.072312466683798, 1018403.558454729500227 ], [ 997931.628102030255832, 1018405.785537324496545 ], [ 997941.309011812089011, 1018407.38285360916052 ], [ 997951.073662106180564, 1018408.343548674369231 ], [ 997960.880229520960711, 1018408.663532127975486 ], [ 997970.686779835494235, 1018408.341478116810322 ], [ 997980.451157004805282, 1018407.378825309919193 ], [ 997982.626637135865167, 1018407.075994612183422 ], [ 998023.609638282214291, 1018401.064355061738752 ], [ 998031.114762162556872, 1018399.767920223763213 ], [ 998040.670102118514478, 1018397.538896159734577 ], [ 998050.059131206478924, 1018394.689734035520814 ], [ 998055.326403222512454, 1018392.706755372462794 ], [ 998059.241690489114262, 1018391.232598819886334 ], [ 998068.178508586250246, 1018387.182309411698952 ], [ 998076.831312592956237, 1018382.556228057481349 ], [ 998078.939924277830869, 1018381.244692374835722 ], [ 998079.92553937190678, 1018380.631692977040075 ], [ 998085.162938991095871, 1018377.374039170332253 ], [ 998093.137888387427665, 1018371.658191660302691 ], [ 998100.721881709992886, 1018365.432903726701625 ], [ 998105.328465005848557, 1018361.117550766910426 ], [ 998107.882414909196086, 1018358.724936880869791 ], [ 998114.589091761736199, 1018351.563043055706657 ], [ 998120.812847322202288, 1018343.977632878464647 ], [ 998124.67235473706387, 1018338.713395886705257 ], [ 998138.664674138301052, 1018318.730014477740042 ], [ 998140.519488591118716, 1018316.018168675363995 ], [ 998145.699972134898417, 1018307.685473256045952 ], [ 998150.324317636433989, 1018299.03177229326684 ], [ 998152.008930015726946, 1018295.31286124442704 ], [ 998154.372778917197138, 1018290.09422169579193 ], [ 998157.828161363955587, 1018280.910861965618096 ], [ 998160.675378202809952, 1018271.521392300608568 ], [ 998162.093351172399707, 1018265.437250978662632 ], [ 998162.90244889317546, 1018261.965622416464612 ], [ 998164.499722607550211, 1018252.284688974614255 ], [ 998165.460543833905831, 1018242.520060313632712 ], [ 998165.562531846691854, 1018239.394127861480229 ], [ 998170.778988699312322, 1018236.605237379437312 ], [ 998179.110637341509573, 1018231.423058992018923 ], [ 998187.085608955938369, 1018225.70722157030832 ], [ 998194.669624380185269, 1018219.481943251565099 ], [ 998199.43552748975344, 1018215.11616705765482 ], [ 998205.585671157226898, 1018213.606026457389817 ], [ 998213.097227907273918, 1018211.326536093954928 ], [ 998214.974617949686944, 1018210.756774216075428 ], [ 998222.695389726897702, 1018207.850169801502489 ], [ 998224.157206695294008, 1018207.29965904832352 ], [ 998233.09405495529063, 1018203.249389189179055 ], [ 998241.746778741129674, 1018198.623326797736809 ], [ 998243.686834660707973, 1018197.416722863330506 ], [ 998250.07843629445415, 1018193.441156212822534 ], [ 998257.645948937628418, 1018188.03695541084744 ], [ 998278.635947774164379, 1018172.041357777314261 ], [ 998279.043416156782769, 1018171.729618168785237 ], [ 998283.15148675837554, 1018168.357551240827888 ], [ 998286.627444377052598, 1018165.504238506080583 ], [ 998293.537741540465504, 1018159.030728774378076 ], [ 998293.788012554636225, 1018158.796178934513591 ], [ 998294.625907716690563, 1018157.90155248134397 ], [ 998300.494613376795314, 1018151.634301887708716 ], [ 998301.089225298026577, 1018150.909645328414626 ], [ 998302.503980169771239, 1018149.185420551570132 ], [ 998304.90612726600375, 1018149.421680926228873 ], [ 998314.712726205587387, 1018149.74182036484126 ], [ 998324.519311008276418, 1018149.419701230712235 ], [ 998334.283725494751707, 1018148.457093746052124 ], [ 998343.96425728010945, 1018146.857869161758572 ], [ 998344.989764272351749, 1018146.650063559180126 ], [ 998378.975381503230892, 1018139.639327254611999 ], [ 998387.505256692413241, 1018137.618262500036508 ], [ 998396.894219497684389, 1018134.769032668555155 ], [ 998406.076825512922369, 1018131.311939436127432 ], [ 998415.013581261853687, 1018127.261690945946611 ], [ 998422.868466532207094, 1018123.062180174980313 ], [ 998423.666435504215769, 1018122.635538677452132 ], [ 998431.998002648586407, 1018117.453388052410446 ], [ 998439.973004943458363, 1018111.73746665159706 ], [ 998447.557052156305872, 1018105.51210308028385 ], [ 998451.523460976895876, 1018101.905393313034438 ], [ 998502.766947246273048, 1018053.608603837201372 ], [ 998507.96585962746758, 1018048.708617383963428 ], [ 998512.185760852764361, 1018044.731456438079476 ], [ 998520.479461629758589, 1018036.914480841252953 ], [ 998523.673535223118961, 1018033.813259780872613 ], [ 998528.458535691257566, 1018028.703398234094493 ], [ 998530.380168453557417, 1018026.65129261254333 ], [ 998536.603880651644431, 1018019.066027667373419 ], [ 998542.318158162059262, 1018011.089976434246637 ], [ 998547.49870606220793, 1018002.757309059961699 ], [ 998552.123115397756919, 1017994.103633247432299 ], [ 998554.621566948248073, 1017988.774753862177022 ], [ 998562.626536856289022, 1017970.791218347963877 ], [ 998564.176610373193398, 1017967.182348303846084 ], [ 998567.631834712112322, 1017957.999118620879017 ], [ 998570.479224799084477, 1017948.609554593684152 ], [ 998572.706245154258795, 1017939.053797622793354 ], [ 998574.303466557641514, 1017929.372873728629202 ], [ 998575.264122307184152, 1017919.608361792983487 ], [ 998575.584219155367464, 1017909.801730087958276 ], [ 998575.262204508413561, 1017899.995220926357433 ], [ 998574.299521083361469, 1017890.230744844884612 ], [ 998573.425995487254113, 1017884.467452676501125 ], [ 998569.710368612781167, 1017862.805973876966164 ], [ 998568.656232367502525, 1017856.660170222749002 ], [ 998567.424902876839042, 1017849.48209980642423 ], [ 998566.699291852419265, 1017845.564859540667385 ], [ 998564.470358385005966, 1017836.009517808910459 ], [ 998561.621170165715739, 1017826.620503000216559 ], [ 998558.16393098293338, 1017817.437956197187304 ], [ 998554.113729036180303, 1017808.501133775687777 ], [ 998549.487538475659676, 1017799.848296840325929 ], [ 998544.305439751944505, 1017791.51671122550033 ], [ 998538.589510203106329, 1017783.541762823937461 ], [ 998532.364267818629742, 1017775.957621110719629 ], [ 998525.656227511470206, 1017768.797128511941992 ], [ 998518.494344819453545, 1017762.090584037010558 ], [ 998510.909017497324385, 1017755.866849109181203 ], [ 998502.932972993934527, 1017750.152462868252769 ], [ 998502.802507453481667, 1017750.065437445882708 ], [ 998481.809422466438264, 1017736.073146651848219 ], [ 998473.607293090550229, 1017730.979685402242467 ], [ 998464.953540672082454, 1017726.355322560993955 ], [ 998456.015906722517684, 1017722.306766438647173 ], [ 998446.832665596040897, 1017718.851488309795968 ], [ 998437.443090062122792, 1017716.004194844630547 ], [ 998427.887340389890596, 1017713.777159895631485 ], [ 998418.206353365909308, 1017712.17989271809347 ], [ 998408.441842312924564, 1017711.219138000160456 ], [ 998398.635187692358159, 1017710.898986428743228 ], [ 998388.828657415695488, 1017711.221095862332731 ], [ 998379.064297468517907, 1017712.183696107938886 ], [ 998369.383710020571016, 1017713.782915902324021 ], [ 998369.261012348229997, 1017713.807467695442028 ], [ 998343.532110908301547, 1017718.950188950053416 ], [ 998339.462062674807385, 1017719.763766874559224 ], [ 998331.370399498729967, 1017721.381153785972856 ], [ 998330.643685976276174, 1017721.526422105380334 ], [ 998224.311960623599589, 1017742.780385535093956 ], [ 998214.879231241298839, 1017744.984833953320049 ], [ 998205.490338260540739, 1017747.834085668437183 ], [ 998202.379311534110457, 1017748.928808946744539 ], [ 998162.066890577902086, 1017763.613937628688291 ], [ 998160.095306637464091, 1017764.332214475842193 ], [ 998159.411590724950656, 1017764.282579613733105 ], [ 998159.111390296369791, 1017764.260802183183841 ], [ 998157.95273776142858, 1017763.862403375795111 ], [ 998154.092154525802471, 1017762.610266625415534 ], [ 998083.108414631336927, 1017740.646127606742084 ], [ 998077.579413924366236, 1017739.051011352567002 ], [ 998068.023656515637413, 1017736.823910638340749 ], [ 998058.342775684664957, 1017735.226578300469555 ], [ 998053.225717057357542, 1017734.723118042340502 ], [ 998048.578151963767596, 1017734.265869414433837 ], [ 998047.289709237287752, 1017734.22377051517833 ], [ 998046.027339932275936, 1017734.182586686452851 ], [ 998042.11752250068821, 1017734.054933281731792 ], [ 998038.771609572810121, 1017733.945874462020583 ], [ 998038.576024856534787, 1017733.95174030889757 ], [ 998038.379887497401796, 1017733.95763940946199 ], [ 998036.597435285453685, 1017734.011173452250659 ], [ 998034.980172667070292, 1017734.059870938071981 ], [ 998029.788579973625019, 1017734.216035281540826 ], [ 997996.81200267910026, 1017736.198517911019735 ], [ 997995.988395405816846, 1017736.250291775446385 ], [ 997986.224043410853483, 1017737.213052676175721 ], [ 997976.543467145878822, 1017738.812211543903686 ], [ 997966.988046786165796, 1017741.041242918116041 ], [ 997957.599051487399265, 1017743.890525022172369 ], [ 997948.416529964306392, 1017747.34756097511854 ], [ 997940.761967501952313, 1017750.816720978473313 ], [ 997939.479754309635609, 1017751.397863414254971 ], [ 997930.82688710570801, 1017756.023959285696037 ], [ 997926.94094568840228, 1017758.440998934558593 ], [ 997925.78070639912039, 1017759.162631659419276 ], [ 997922.495314281550236, 1017761.206163895316422 ], [ 997916.647409447352402, 1017765.39737730845809 ], [ 997914.520313818240538, 1017766.922028057044372 ], [ 997912.461339093628339, 1017768.61210755771026 ], [ 997906.936276122345589, 1017773.147333281463943 ], [ 997899.775705515989102, 1017779.855317740351893 ], [ 997895.924692699336447, 1017783.852406809921376 ], [ 997882.931396472966298, 1017797.84801225992851 ], [ 997880.075814185664058, 1017801.01283513288945 ], [ 997873.852038076263852, 1017808.598263712483458 ], [ 997868.137703865882941, 1017816.574364566011354 ], [ 997862.957217022543773, 1017824.906967084505595 ], [ 997860.147068890626542, 1017830.16565812274348 ], [ 997858.332875096588396, 1017833.560684333671816 ], [ 997856.606556399259716, 1017837.371606738190167 ], [ 997854.284423967124894, 1017842.498360133497044 ], [ 997852.279914395068772, 1017847.825479144928977 ], [ 997850.829057876951993, 1017851.681621982133947 ], [ 997847.981752234161831, 1017861.07110221136827 ], [ 997847.349693340947852, 1017863.512768784188665 ], [ 997842.14970527542755, 1017884.321668119402602 ], [ 997841.354588116868399, 1017887.503795900847763 ], [ 997839.759493834688328, 1017894.61790764471516 ], [ 997838.162142565357499, 1017904.298847080790438 ], [ 997837.201469570631161, 1017914.063368539209478 ], [ 997836.881356291589327, 1017923.870003663934767 ], [ 997836.998719027033076, 1017927.442791698733345 ], [ 997836.969764516688883, 1017927.457389332586899 ], [ 997649.103732316521928, 1017946.430376867414452 ], [ 997643.538543078349903, 1017946.99245318910107 ], [ 997607.918439729721285, 1017950.589863696601242 ], [ 997603.398605757625774, 1017951.115821992978454 ], [ 997593.718064309563488, 1017952.715029454091564 ], [ 997584.162681581219658, 1017954.943998257163912 ], [ 997574.773726541898213, 1017957.793106431257911 ], [ 997565.591136836213991, 1017961.250299214269035 ], [ 997561.169753111433238, 1017963.254073735210113 ], [ 997556.654295269050635, 1017965.30053613812197 ], [ 997555.12736479123123, 1017966.075764146517031 ], [ 997554.83385142928455, 1017966.224839283386245 ], [ 997553.55728003277909, 1017966.872999366605654 ], [ 997543.626292518689297, 1017966.561365488916636 ], [ 997532.062401967123151, 1017966.19869662669953 ], [ 997524.729148906306364, 1017965.968591034063138 ], [ 997513.388927903375588, 1017966.162476596888155 ], [ 997510.205776106566191, 1017966.216986279468983 ], [ 997500.441348316613585, 1017967.179588125669397 ], [ 997494.589713232358918, 1017968.068415608024225 ], [ 997366.653059725300409, 1017990.092442816472612 ], [ 997362.824159735697322, 1017990.802842238219455 ], [ 997356.20319112285506, 1017992.27701694436837 ], [ 997337.222144159139134, 1017996.95595334272366 ], [ 997283.224180477205664, 1018010.267047734581865 ], [ 997280.289890027372167, 1018011.021873512421735 ], [ 997270.900952998548746, 1018013.871129635372199 ], [ 997261.718272610334679, 1018017.328248411533423 ], [ 997252.781453494913876, 1018021.378520951140672 ], [ 997245.764519870281219, 1018025.073536335024983 ], [ 997232.09065932512749, 1018032.742775420076214 ], [ 997173.281961057684384, 1018038.610077769029886 ], [ 997168.581306478590705, 1018039.154093294288032 ], [ 997158.900784970843233, 1018040.753355833003297 ], [ 997149.345425604027696, 1018042.982268460677005 ], [ 997139.956497278762981, 1018045.83143012097571 ], [ 997134.241040687542409, 1018047.983125766739249 ], [ 997132.327613567467779, 1018048.703549142344855 ], [ 997130.805110692046583, 1018049.276731228223071 ], [ 997130.77382655441761, 1018049.288564666989259 ], [ 997128.019832167658024, 1018050.53669554553926 ], [ 997121.837018017424271, 1018053.338852572604083 ], [ 997121.067121223080903, 1018053.721384406788275 ], [ 997119.580799067625776, 1018054.465103768277913 ], [ 997064.686520265531726, 1018081.935407790006138 ], [ 997045.571540455915965, 1018087.671916926279664 ], [ 997040.026944142766297, 1018087.205585802788846 ], [ 997030.22033114254009, 1018086.885498918709345 ], [ 997020.413743032375351, 1018087.207562586758286 ], [ 997010.649336499162018, 1018088.170227001653984 ], [ 997000.968824367388152, 1018089.769398983917199 ], [ 996991.41347561776638, 1018091.998441980220377 ], [ 996990.11207441741135, 1018092.362086505512707 ], [ 996980.024180633015931, 1018090.698114864411764 ], [ 996974.952321343589574, 1018082.557273009442724 ], [ 996969.236582345329225, 1018074.582329873228446 ], [ 996968.763961472199298, 1018073.969945827033371 ], [ 996962.114652628195472, 1018065.398008323740214 ], [ 996962.096393681131303, 1018063.756751994136721 ], [ 996962.254731911234558, 1018058.903525827103294 ], [ 996961.932733153924346, 1018049.09702218521852 ], [ 996960.970067716785707, 1018039.332565118209459 ], [ 996959.370841713971458, 1018029.652065040543675 ], [ 996957.141823796089739, 1018020.09665818628855 ], [ 996954.292666997760534, 1018010.707701881881803 ], [ 996950.835464980802499, 1018001.525115782860667 ], [ 996946.785195784643292, 1017992.588266538456082 ], [ 996942.159056218573824, 1017983.935525486594997 ], [ 996936.976905564544722, 1017975.603826304897666 ], [ 996931.261043744976632, 1017967.628886161139235 ], [ 996925.035767543013208, 1017960.044874022481963 ], [ 996918.327703409828246, 1017952.884300029487349 ], [ 996916.120608745608479, 1017950.722512088483199 ], [ 996891.118233978981152, 1017926.734541979734786 ], [ 996886.163429664098658, 1017922.189715267973952 ], [ 996878.578095793491229, 1017915.96603054064326 ], [ 996870.602056374889798, 1017910.25170289655216 ], [ 996862.269370587076992, 1017905.071169654838741 ], [ 996853.615650679217651, 1017900.446877613663673 ], [ 996844.677951021469198, 1017896.398398343939334 ], [ 996835.494768137810752, 1017892.943091722438112 ], [ 996826.10515314899385, 1017890.095774198649451 ], [ 996822.169129920424893, 1017889.178439056151547 ], [ 996816.549377421149984, 1017887.868718771147542 ], [ 996815.10949739406351, 1017887.631138033117168 ], [ 996806.868488794192672, 1017886.27143383200746 ], [ 996806.623646295745857, 1017886.239375274744816 ], [ 996803.246690651052631, 1017883.840883436147124 ], [ 996800.021936955279671, 1017878.656273680971935 ], [ 996794.306053651380353, 1017870.681343834265135 ], [ 996788.080756009556353, 1017863.097342887194827 ], [ 996781.372781510697678, 1017855.936780933407135 ], [ 996774.519284959649667, 1017849.501421979279257 ], [ 996757.514550962019712, 1017834.509109920589253 ], [ 996757.206130375736393, 1017834.237865495495498 ], [ 996749.620888226898387, 1017828.014082981157117 ], [ 996749.246126453974284, 1017827.745495371520519 ], [ 996741.644719059113413, 1017822.299768775585108 ], [ 996736.483610289520584, 1017819.091011400218122 ], [ 996733.312125883763656, 1017817.119360146578401 ], [ 996724.658388200332411, 1017812.494972079293802 ], [ 996715.720782353891991, 1017808.446507839835249 ], [ 996706.537472103955224, 1017804.99110607476905 ], [ 996697.147952408529818, 1017802.143804316059686 ], [ 996687.592161882901564, 1017799.916764922789298 ], [ 996677.911259368527681, 1017798.319496225100011 ], [ 996668.146625485504046, 1017797.358741968055256 ], [ 996658.340084489784203, 1017797.038591893040575 ], [ 996648.533460552222095, 1017797.360702912439592 ], [ 996639.259145299321972, 1017798.25947660044767 ], [ 996630.969058377551846, 1017791.155172814615071 ], [ 996629.276518833823502, 1017789.782372594578192 ], [ 996624.666633676621132, 1017786.04335814085789 ], [ 996621.31862286478281, 1017783.644762462587096 ], [ 996616.690561712137423, 1017780.329167491639964 ], [ 996608.357844510348514, 1017775.14866184652783 ], [ 996599.704094476881437, 1017770.524287860491313 ], [ 996595.265014687436633, 1017768.438135679811239 ], [ 996594.617563349776901, 1017768.133953557000495 ], [ 996556.631081529194489, 1017751.144516221596859 ], [ 996556.165352059877478, 1017750.943941530538723 ], [ 996552.780104484176263, 1017749.486292141373269 ], [ 996547.805309066083282, 1017747.614474577829242 ], [ 996543.596779720857739, 1017746.031020440626889 ], [ 996539.19929591845721, 1017744.697507765959017 ], [ 996538.943283011205494, 1017744.619873274932615 ], [ 996534.207246630336158, 1017743.18362802057527 ], [ 996528.254104185267352, 1017741.796204803744331 ], [ 996524.651443899492733, 1017740.956608904409222 ], [ 996514.970530417282134, 1017739.359360741334967 ], [ 996505.515296183293685, 1017738.428912531235255 ], [ 996505.205997783108614, 1017738.398516602930613 ], [ 996495.399337501265109, 1017738.078608492971398 ], [ 996488.559313094592653, 1017738.303181680617854 ], [ 996485.592817505239509, 1017738.400629724143073 ], [ 996475.828372788149863, 1017739.363251388305798 ], [ 996466.147827285923995, 1017740.962490592617542 ], [ 996463.034585648565553, 1017741.616505125770345 ], [ 996415.486986871110275, 1017752.132511935080402 ], [ 996400.977582255844027, 1017755.341615923913196 ], [ 996355.683414911618456, 1017765.35935346770566 ], [ 996355.491218368755654, 1017765.40185521019157 ], [ 996347.117214872851036, 1017767.253948263707571 ], [ 996272.271410190267488, 1017777.444359274348244 ], [ 996263.232760206679814, 1017778.957670804928057 ], [ 996253.677393497317098, 1017781.18658434622921 ], [ 996245.055593451717868, 1017783.777498581097461 ], [ 996174.126698519219644, 1017807.436205617967062 ], [ 996170.019744868273847, 1017808.806013397057541 ], [ 996155.094541022786871, 1017813.784495850210078 ] ], [ [ 997101.33850861643441, 1018657.855731058050878 ], [ 997101.33850861643441, 1018657.855731057934463 ], [ 997101.338555138558149, 1018657.855709015624598 ], [ 997101.33850861643441, 1018657.855731058050878 ] ], [ [ 997134.241069601848722, 1018047.983183581964113 ], [ 997134.241069601848722, 1018047.983183582080528 ], [ 997134.241040687542409, 1018047.983125766739249 ], [ 997134.241069601848722, 1018047.983183581964113 ] ] ] } },
{ "type": "Feature", "properties": { "nombre": "Humedal del Burro", "id": 0, "cobertura": "Arbustales", "periodo": 2014, "fechaini": "2000-01-01T00:00:00", "fechafin": "2020-01-01T00:00:00", "Shape_Leng": 0.000121962001736, "Shape_Area": 1.00758792705e-09, "geometry_valid": true, "area_m2": 683826.41099351679, "area_ha": 68.382641099351673 }, "geometry": { "type": "Polygon", "coordinates": [ [ [ 991559.213855890207924, 1005037.842615502886474 ], [ 991556.162170831928961, 1005040.594435967388563 ], [ 991530.646739627816714, 1005064.243298540590331 ], [ 991529.175376594881527, 1005065.60703948198352 ], [ 991525.066515613812953, 1005069.563430525362492 ], [ 991518.359835242736153, 1005076.725200720829889 ], [ 991512.136086068931036, 1005084.310557639808394 ], [ 991506.421783190453425, 1005092.286655541975051 ], [ 991505.781451676273718, 1005093.316350512439385 ], [ 991501.241222390555777, 1005100.619321962236427 ], [ 991497.114464445388876, 1005108.341685139806941 ], [ 991496.616812996799126, 1005109.27294707740657 ], [ 991492.568301202612929, 1005118.210704967961647 ], [ 991490.155019923462532, 1005124.62437033536844 ], [ 991489.112991926143877, 1005127.393890079343691 ], [ 991488.903580292477272, 1005128.084052847931162 ], [ 991486.265637999982573, 1005136.783354834187776 ], [ 991484.069493641494773, 1005146.206365940161049 ], [ 991484.038551116129383, 1005146.33928844158072 ], [ 991482.441268836148083, 1005156.020111104939133 ], [ 991481.600870181107894, 1005164.091335800243542 ], [ 991478.605828624102287, 1005203.076116242678836 ], [ 991478.485513412160799, 1005204.769466141937301 ], [ 991478.165357986465096, 1005214.576102999038994 ], [ 991478.487419755198061, 1005224.382670191465877 ], [ 991479.450029542320408, 1005234.147036293870769 ], [ 991481.049299129168503, 1005243.827623045071959 ], [ 991483.278233523014933, 1005253.383073697215877 ], [ 991486.127396718948148, 1005262.77203179395292 ], [ 991489.584467996493913, 1005271.954578744713217 ], [ 991492.865696165245026, 1005279.309009003103711 ], [ 991490.736104759620503, 1005282.363062722608447 ], [ 991489.44721170864068, 1005284.211685345624574 ], [ 991484.26677665382158, 1005292.544353521429002 ], [ 991479.64226982020773, 1005301.198090871446766 ], [ 991476.913373833405785, 1005307.047493122168817 ], [ 991453.422234437079169, 1005314.396538940258324 ], [ 991449.980596253299154, 1005315.519096291158348 ], [ 991440.797989382408559, 1005318.976215863600373 ], [ 991431.86110575881321, 1005323.026469724834897 ], [ 991423.208334597060457, 1005327.652492271037772 ], [ 991414.876622414332815, 1005332.834706424619071 ], [ 991406.901694858446717, 1005338.550660105771385 ], [ 991399.317612970946357, 1005344.775800333474763 ], [ 991395.531833593966439, 1005348.322237187647261 ], [ 991392.156995128258131, 1005351.48380500706844 ], [ 991385.450462177046575, 1005358.645808825618587 ], [ 991379.226637498824857, 1005366.231066834996454 ], [ 991379.212548176641576, 1005366.250641336315311 ], [ 991373.512257987051271, 1005374.207064980873838 ], [ 991371.871611544396728, 1005376.830905735725537 ], [ 991368.719449565978721, 1005381.872117204591632 ], [ 991354.717390671488829, 1005405.843891595723107 ], [ 991354.329671603860334, 1005406.511626369436271 ], [ 991349.70529685204383, 1005415.165371963870712 ], [ 991345.656817986164242, 1005424.102917502517812 ], [ 991342.20142889872659, 1005433.286220900714397 ], [ 991339.354104173718952, 1005442.675802782410756 ], [ 991337.127044380409643, 1005452.231520580244251 ], [ 991335.529676081147045, 1005461.912457988713868 ], [ 991334.568984702345915, 1005471.677035488886759 ], [ 991334.248848900897428, 1005481.483673920622095 ], [ 991334.570817164028995, 1005491.290241486392915 ], [ 991335.533553136629052, 1005501.05471730325371 ], [ 991335.906948656425811, 1005503.315849952632561 ], [ 991337.132724670693278, 1005510.735191421234049 ], [ 991339.361669614911079, 1005520.290528225246817 ], [ 991340.008358477964066, 1005522.627268607728183 ], [ 991345.910403120680712, 1005543.302734963130206 ], [ 991345.910404992057011, 1005543.30273184820544 ], [ 991345.910404992057011, 1005543.30273184820544 ], [ 991346.128058159025386, 1005544.065193019341677 ], [ 991347.997851644759066, 1005550.615270327194594 ], [ 991350.200443621957675, 1005557.667594402679242 ], [ 991351.343531735707074, 1005560.703854870982468 ], [ 991351.343533855164424, 1005560.703860500594601 ], [ 991352.613892206572928, 1005564.078300490044057 ], [ 991353.657518507679924, 1005566.85024669545237 ], [ 991357.707737136865035, 1005575.787010779371485 ], [ 991362.333896945929155, 1005584.439848542097025 ], [ 991367.516021596267819, 1005592.771496268222108 ], [ 991371.196113470010459, 1005597.90617234678939 ], [ 991373.231915834709071, 1005600.746459774323739 ], [ 991379.457165486644953, 1005608.330572130274959 ], [ 991386.165248381905258, 1005615.491104186396115 ], [ 991393.327090687002055, 1005622.197759882546961 ], [ 991400.614343365421519, 1005628.176996276946738 ], [ 991400.912398193497211, 1005628.421459675417282 ], [ 991408.888436025707051, 1005634.135888835415244 ], [ 991417.2211380363442, 1005639.316391504835337 ], [ 991418.518184437416494, 1005640.056593893212266 ], [ 991519.503456806414761, 1005697.013970700907521 ], [ 991526.860146920196712, 1005700.898241500137374 ], [ 991535.797754691797309, 1005704.946777346311137 ], [ 991544.981065043481067, 1005708.402017087559216 ], [ 991549.00712279509753, 1005709.622957800049335 ], [ 991554.370576261542737, 1005711.249368281103671 ], [ 991563.926343070692383, 1005713.476450157002546 ], [ 991573.607310943887569, 1005715.073757158475928 ], [ 991583.371870903065428, 1005716.034548319177702 ], [ 991593.178525211755186, 1005716.35462601785548 ], [ 991602.984999747364782, 1005716.032667820109054 ], [ 991612.749464488239028, 1005715.069894599728286 ], [ 991622.430089744040743, 1005713.470734082278796 ], [ 991631.985378929064609, 1005711.241825553355739 ], [ 991641.374390534241684, 1005708.392683375510387 ], [ 991648.858297762228176, 1005705.627234244369902 ], [ 991679.847982936305925, 1005693.229285559849814 ], [ 991682.914047270314768, 1005692.002614307450131 ], [ 991714.168041311670095, 1005679.498904745909385 ], [ 991754.887687742244452, 1005663.208395566209219 ], [ 991763.987131512141787, 1005659.56797030067537 ], [ 991768.312137443921529, 1005657.837693589623086 ], [ 991778.791384359588847, 1005653.645218299236149 ], [ 991780.490048836218193, 1005652.953573229955509 ], [ 991789.42691195209045, 1005648.903358402778395 ], [ 991798.079668296733871, 1005644.277265042881481 ], [ 991806.411371701979078, 1005639.094980440218933 ], [ 991814.386296799522825, 1005633.379177474649623 ], [ 991821.970382661442272, 1005627.153855808195658 ], [ 991829.131011050310917, 1005620.445890068309382 ], [ 991831.448304082266986, 1005618.076326237642206 ], [ 991859.860410752124153, 1005588.373684569727629 ], [ 991862.586223068996333, 1005586.851687720161863 ], [ 991869.69643527676817, 1005582.881290518445894 ], [ 991878.300692873657681, 1005580.178668586304411 ], [ 991881.578670215909369, 1005579.107456665718928 ], [ 991890.761265023611486, 1005575.650277668144554 ], [ 991899.698031542124227, 1005571.600075720692985 ], [ 991908.350913753267378, 1005566.973994831787422 ], [ 991916.6825216015568, 1005561.791832882794552 ], [ 991924.65746247919742, 1005556.075930907391012 ], [ 991932.241564490250312, 1005549.850620277109556 ], [ 991934.818606551853009, 1005547.436468522879295 ], [ 991939.402098355116323, 1005543.142665003309958 ], [ 991940.89274225931149, 1005541.550910205463879 ], [ 991946.108776003820822, 1005535.980819307384081 ], [ 991951.194372530677356, 1005529.782638374250382 ], [ 991952.332530024112202, 1005528.3953854291467 ], [ 991957.722455640789121, 1005520.872294986969791 ], [ 991958.046845226548612, 1005520.419429888017476 ], [ 991963.227425582706928, 1005512.086682466324419 ], [ 991967.851861498900689, 1005503.432973799412139 ], [ 991971.900295479921624, 1005494.495350682875142 ], [ 991975.355644013150595, 1005485.312076022499241 ], [ 991978.203042811364867, 1005475.92251831642352 ], [ 991979.843397000688128, 1005469.176980703137815 ], [ 992054.130096639390104, 1005387.15721134620253 ], [ 992055.737561495276168, 1005385.353462037281133 ], [ 992061.961338155902922, 1005377.768148080445826 ], [ 992067.675675567938015, 1005369.792090589879081 ], [ 992072.856277641141787, 1005361.459351052995771 ], [ 992077.480623733717948, 1005352.80576010083314 ], [ 992081.529189101536758, 1005343.868143285275437 ], [ 992084.984446322894655, 1005334.684763529570773 ], [ 992087.831863929051906, 1005325.295321036479436 ], [ 992090.058907639817335, 1005315.739515805034898 ], [ 992091.656261049793102, 1005306.058595662354492 ], [ 992092.617048808606341, 1005296.294029395212419 ], [ 992092.937058503157459, 1005286.487285500043072 ], [ 992092.615073656896129, 1005276.680827441159636 ], [ 992091.652429708396085, 1005266.916454952792265 ], [ 992090.053236009203829, 1005257.235746337450109 ], [ 992089.656505830353126, 1005255.535040673334152 ], [ 992089.925227470579557, 1005255.383848503814079 ], [ 992098.256991353468038, 1005250.201706927735358 ], [ 992101.101047807722352, 1005248.163401173078455 ], [ 992105.071898484602571, 1005245.317293941276148 ], [ 992106.231866225949489, 1005244.485824561561458 ], [ 992108.207515506772324, 1005242.943122701020911 ], [ 992176.165057613980025, 1005188.958108004764654 ], [ 992181.773562841233797, 1005184.275523001677357 ], [ 992188.934151477180421, 1005177.567370790056884 ], [ 992195.640772359678522, 1005170.405547923524864 ], [ 992201.864579724729992, 1005162.820245933602564 ], [ 992207.578947164351121, 1005154.844199519022368 ], [ 992212.759467521333136, 1005146.511470130877569 ], [ 992217.224539948627353, 1005138.180028406786732 ], [ 992218.061126346932724, 1005137.902053865371272 ], [ 992219.078122483566403, 1005137.564015639363788 ], [ 992228.260783493285999, 1005134.106877526966855 ], [ 992237.197617433848791, 1005130.056604917626828 ], [ 992245.850346094928682, 1005125.430452245054767 ], [ 992254.182022976223379, 1005120.24832776049152 ], [ 992262.157033252296969, 1005114.532461779424921 ], [ 992264.814428856945597, 1005112.351173372473568 ], [ 992266.510847675148398, 1005110.958698129281402 ], [ 992269.741093753254972, 1005108.307185530429706 ], [ 992276.901696834363975, 1005101.599262854317203 ], [ 992279.685765832546167, 1005098.739348174771294 ], [ 992315.677661212976091, 1005060.771044186316431 ], [ 992319.60023144131992, 1005056.468924604705535 ], [ 992325.823948867968284, 1005048.883632984594442 ], [ 992331.538337212521583, 1005040.907485553645529 ], [ 992336.71887830493506, 1005032.574875474558212 ], [ 992341.343273144913837, 1005023.921190933906473 ], [ 992345.391774895251729, 1005014.983478614012711 ], [ 992348.847077875165269, 1005005.800333092454821 ], [ 992351.694428440299816, 1004996.410791036556475 ], [ 992353.882473539561033, 1004987.022640262497589 ], [ 992353.921514068730175, 1004986.854884130530991 ], [ 992354.601168500608765, 1004982.735984142520465 ], [ 992355.518796284683049, 1004977.174081364879385 ], [ 992355.988124109106138, 1004972.404650148702785 ], [ 992356.479621429578401, 1004967.409409110550769 ], [ 992356.79966603347566, 1004957.602778219850734 ], [ 992356.66868131805677, 1004953.61101543076802 ], [ 992356.477713425992988, 1004947.796320381690748 ], [ 992355.5149879634846, 1004938.031835345900618 ], [ 992353.91582081199158, 1004928.351343723828904 ], [ 992351.686873174505308, 1004918.795981271425262 ], [ 992348.837691144086421, 1004909.406883465358987 ], [ 992347.278895759955049, 1004905.266306321253069 ], [ 992345.470382184605114, 1004900.462706117425114 ], [ 992345.38059468427673, 1004900.224411462550052 ], [ 992341.347546729026362, 1004891.325305882492103 ], [ 992341.330344702466391, 1004891.287599221570417 ], [ 992336.704254079493694, 1004882.634706381591968 ], [ 992332.901157202315517, 1004876.52024527429603 ], [ 992331.522076677763835, 1004874.30310769577045 ], [ 992325.806118224165402, 1004866.328076628502458 ], [ 992319.580903504742309, 1004858.744001794024371 ], [ 992319.336994242039509, 1004858.483605908928439 ], [ 992312.872843457967974, 1004851.583391713444144 ], [ 992307.742704194504768, 1004846.691099163144827 ], [ 992254.74336898967158, 1004798.490346627077088 ], [ 992239.474802734795958, 1004782.008113623829558 ], [ 992249.941135122440755, 1004765.809084767359309 ], [ 992253.860290987067856, 1004759.396180723793805 ], [ 992255.605342931696214, 1004756.288112269248813 ], [ 992286.687216268852353, 1004699.356421169242822 ], [ 992288.263511763187125, 1004696.320469306665473 ], [ 992289.566460014204495, 1004693.810802210005932 ], [ 992292.60703278996516, 1004687.098531470168382 ], [ 992293.614973499905318, 1004684.87319872318767 ], [ 992294.089525635819882, 1004683.612300580600277 ], [ 992295.322920398670249, 1004680.334098424063995 ], [ 992296.040203370153904, 1004678.427821913501248 ], [ 992297.070285539841279, 1004675.68983066547662 ], [ 992299.917642514570616, 1004666.300398192601278 ], [ 992302.144731836160645, 1004656.744601257843897 ], [ 992303.742125947377644, 1004647.063577077235095 ], [ 992304.670692728250287, 1004637.626008571591228 ], [ 992304.702838385710493, 1004637.299015581724234 ], [ 992305.022989455726929, 1004627.492385214311071 ], [ 992304.768359881476499, 1004619.738980017486028 ], [ 992304.700918687740341, 1004617.685817729332484 ], [ 992303.738294320064597, 1004607.921444564824924 ], [ 992302.139114670455456, 1004598.240844037150964 ], [ 992299.910151962190866, 1004588.685483625507914 ], [ 992297.060952371102758, 1004579.296609378303401 ], [ 992295.71701769286301, 1004575.726724145351909 ], [ 992293.603835871792398, 1004570.113918959046714 ], [ 992289.553563522174954, 1004561.177109797601588 ], [ 992284.92744828783907, 1004552.524330939631909 ], [ 992279.745355068007484, 1004544.192625371040776 ], [ 992278.588907542871311, 1004542.579021398210898 ], [ 992274.02947876858525, 1004536.21770887915045 ], [ 992272.813570728176273, 1004534.736366442055441 ], [ 992267.804122378583997, 1004528.633638322353363 ], [ 992261.742536858073436, 1004522.162998431362212 ], [ 992261.096140792244114, 1004521.473032759968191 ], [ 992259.419860368943773, 1004519.903159962035716 ], [ 992253.934275017119944, 1004514.766409998992458 ], [ 992251.848657642723992, 1004513.055033221025951 ], [ 992247.556160123553127, 1004509.533151334617287 ], [ 992246.34893029066734, 1004508.542628973722458 ], [ 992242.886585191939957, 1004506.06207188044209 ], [ 992238.372952753328718, 1004502.828336727339774 ], [ 992234.717783281346783, 1004500.555803040391766 ], [ 992230.040186943719164, 1004497.647747409180738 ], [ 992225.748559332685545, 1004495.329717392916791 ], [ 992222.577885705162771, 1004493.617232251213863 ], [ 992172.202020014403388, 1004468.222296593361534 ], [ 992171.010608034557663, 1004467.628370747552253 ], [ 992162.073005368351005, 1004463.579872764530592 ], [ 992152.889800573000684, 1004460.124560081982054 ], [ 992143.500274333520792, 1004457.277246799552813 ], [ 992133.944372853147797, 1004455.05020355945453 ], [ 992124.263484509312548, 1004453.452825712272897 ], [ 992114.498886502464302, 1004452.492075805319473 ], [ 992104.692299565649591, 1004452.171930637676269 ], [ 992100.202631873311475, 1004452.319344439310953 ], [ 992100.202625499106944, 1004452.319351831800304 ], [ 992094.885777073679492, 1004452.493934134021401 ], [ 992085.121372102177702, 1004453.456644508056343 ], [ 992075.440804564277641, 1004455.055855443235487 ], [ 992065.885350285447203, 1004457.284817272331566 ], [ 992062.032572398311459, 1004458.453943161759526 ], [ 992056.496395741589367, 1004460.133905161987059 ], [ 992047.313773730420507, 1004463.591061647632159 ], [ 992046.235979916062206, 1004464.079499071114697 ], [ 992038.376983875641599, 1004467.641243557678536 ], [ 992029.724194055888802, 1004472.267417367082089 ], [ 992021.392462256364524, 1004477.449563970207237 ], [ 992013.41751471394673, 1004483.165452719083987 ], [ 992013.048387373215519, 1004483.44979554915335 ], [ 992010.094772354117595, 1004484.22295051056426 ], [ 992007.387618128443137, 1004484.931606348487549 ], [ 991992.249479892430827, 1004488.89429564087186 ], [ 991974.228548193001188, 1004493.611664742231369 ], [ 991973.92564184544608, 1004493.69098267541267 ], [ 991973.074730470892973, 1004493.916324284975417 ], [ 991963.68567255907692, 1004496.765534 ], [ 991954.503169723087922, 1004500.222701473161578 ], [ 991945.56627772981301, 1004504.273004698916338 ], [ 991942.140869628754444, 1004506.104255522135645 ], [ 991939.04714752943255, 1004507.758307997253723 ], [ 991937.085915993433446, 1004508.806835580267943 ], [ 991936.913497264031321, 1004508.899078330607153 ], [ 991928.581775343394838, 1004514.081234964658506 ], [ 991923.03596577886492, 1004518.055886737070978 ], [ 991920.606838137260638, 1004519.797022761893459 ], [ 991913.022747264010832, 1004526.022441904293373 ], [ 991911.395932339015417, 1004527.54642399365548 ], [ 991905.862232483923435, 1004532.730396406608634 ], [ 991899.155582294566557, 1004539.892242402769625 ], [ 991892.931753488257527, 1004547.477456266875379 ], [ 991887.217483463697135, 1004555.453634702949785 ], [ 991882.036957335425541, 1004563.786273642908782 ], [ 991877.412473830510862, 1004572.439984556403942 ], [ 991873.364001336041838, 1004581.377609857590869 ], [ 991869.908734172116965, 1004590.560886439634487 ], [ 991867.061314481426962, 1004599.950445644557476 ], [ 991864.834276128094643, 1004609.506255554850213 ], [ 991863.236935064429417, 1004619.187068213359453 ], [ 991862.396601793938316, 1004627.259392807958648 ], [ 991861.122197032091208, 1004643.847985260072164 ], [ 991860.378231292706914, 1004653.532358931610361 ], [ 991860.195233516278677, 1004655.915068492642604 ], [ 991859.507722930167802, 1004664.863969675148837 ], [ 991856.160146388341673, 1004708.44247588631697 ], [ 991856.073672270635143, 1004709.567501828540117 ], [ 991854.783535964903422, 1004726.363105214782991 ], [ 991852.92919612780679, 1004731.516401362838224 ], [ 991850.081894781324081, 1004740.905851035611704 ], [ 991847.854751795879565, 1004750.461661884677596 ], [ 991846.257415971951559, 1004760.142585895722732 ], [ 991845.822731074295007, 1004763.792709481902421 ], [ 991842.836557363858446, 1004791.781893881387077 ], [ 991842.310588864726014, 1004797.896228096797131 ], [ 991842.285996163380332, 1004798.279727749875747 ], [ 991833.649935947731137, 1004802.204945581033826 ], [ 991824.997194954543374, 1004806.831143090967089 ], [ 991816.665512111503631, 1004812.013312595780008 ], [ 991808.690613438608125, 1004817.729112787754275 ], [ 991801.106449402635917, 1004823.954433221020736 ], [ 991793.945860591484234, 1004830.6623990269145 ], [ 991787.239246317767538, 1004837.824366261251271 ], [ 991781.015452218824066, 1004845.409590102965012 ], [ 991776.193173019681126, 1004852.065450313966721 ], [ 991761.181306142592803, 1004874.028203897527419 ], [ 991760.289349160622805, 1004875.348310414119624 ], [ 991755.108747025835328, 1004883.6809589616023 ], [ 991750.484407730400562, 1004892.334789146436378 ], [ 991746.435855669900775, 1004901.272422219743021 ], [ 991742.980506954714656, 1004910.45570559753105 ], [ 991740.13322550279554, 1004919.845160002238117 ], [ 991737.906101258820854, 1004929.400974692194723 ], [ 991737.037032841937616, 1004934.175317748449743 ], [ 991727.368621185189113, 1004992.640958664356731 ], [ 991727.044403802021407, 1004992.630376965506002 ], [ 991717.237838614382781, 1004992.952428716002032 ], [ 991709.79713527392596, 1004993.627319196704775 ], [ 991640.825356581248343, 1005001.62083362811245 ], [ 991638.501726516406052, 1005001.908593163010664 ], [ 991628.821123942616396, 1005003.507749969721772 ], [ 991619.265748371835798, 1005005.736657074186951 ], [ 991609.876764046843164, 1005008.585910604684614 ], [ 991600.694225299288519, 1005012.043010498397052 ], [ 991591.757409502170049, 1005016.093355704215355 ], [ 991583.104595096549019, 1005020.719359557260759 ], [ 991574.772950700833462, 1005025.901555617223494 ], [ 991573.439350925502367, 1005026.857234649593011 ], [ 991566.797980224015191, 1005031.617381318705156 ], [ 991559.213855890207924, 1005037.842615502886474 ] ], [ [ 991530.646749859675765, 1005064.243302329210564 ], [ 991530.646749859675765, 1005064.24330232932698 ], [ 991530.646739627816714, 1005064.243298540590331 ], [ 991530.646749859675765, 1005064.243302329210564 ] ], [ [ 991488.903690983424895, 1005128.084083024878055 ], [ 991488.903690983424895, 1005128.08408302499447 ], [ 991488.903580292477272, 1005128.084052847931162 ], [ 991488.903690983424895, 1005128.084083024878055 ] ], [ [ 991490.736173688434064, 1005282.363098991452716 ], [ 991490.736173688434064, 1005282.363098991569132 ], [ 991490.736104759620503, 1005282.363062722608447 ], [ 991490.736173688434064, 1005282.363098991452716 ] ], [ [ 991335.907053666654974, 1005503.315676684724167 ], [ 991335.907053666654974, 1005503.315676685539074 ], [ 991335.906948656425811, 1005503.315849952632561 ], [ 991335.907053666654974, 1005503.315676684724167 ] ], [ [ 991400.614424259401858, 1005628.176973799359985 ], [ 991400.614424259401858, 1005628.176973799592815 ], [ 991400.614343365421519, 1005628.176996276946738 ], [ 991400.614424259401858, 1005628.176973799359985 ] ], [ [ 991957.722418194520287, 1005520.872261565877125 ], [ 991957.722418194520287, 1005520.872261565527879 ], [ 991957.722455640789121, 1005520.872294986969791 ], [ 991957.722418194520287, 1005520.872261565877125 ] ], [ [ 992288.263470681500621, 1004696.320448028156534 ], [ 992288.263470681500621, 1004696.320448027923703 ], [ 992288.263511763187125, 1004696.320469306665473 ], [ 992288.263470681500621, 1004696.320448028156534 ] ], [ [ 992294.089437962858938, 1004683.612245067022741 ], [ 992294.089437962858938, 1004683.612245066673495 ], [ 992294.089525635819882, 1004683.612300580600277 ], [ 992294.089437962858938, 1004683.612245067022741 ] ], [ [ 992304.76834908593446, 1004619.738971170969307 ], [ 992304.76834908593446, 1004619.738971170270815 ], [ 992304.768359881476499, 1004619.738980017486028 ], [ 992304.76834908593446, 1004619.738971170969307 ] ], [ [ 992295.716982022160664, 1004575.726763390470296 ], [ 992295.716982022160664, 1004575.72676339012105 ], [ 992295.71701769286301, 1004575.726724145351909 ], [ 992295.716982022160664, 1004575.726763390470296 ] ], [ [ 991859.507786196307279, 1004664.864037615130655 ], [ 991859.507786196307279, 1004664.864037615247071 ], [ 991859.507722930167802, 1004664.863969675148837 ], [ 991859.507786196307279, 1004664.864037615130655 ] ], [ [ 991573.4394355971599, 1005026.857313259039074 ], [ 991573.4394355971599, 1005026.85731325938832 ], [ 991573.439350925502367, 1005026.857234649593011 ], [ 991573.4394355971599, 1005026.857313259039074 ] ] ] } },
{ "type": "Feature", "properties": { "nombre": "Humedal del Meandro del Say", "id": 0, "cobertura": "Pastos", "periodo": 2014, "fechaini": "2000-01-01T00:00:00", "fechafin": "2020-01-01T00:00:00", "Shape_Leng": 0.054208163595599997, "Shape_Area": 2.9833353871300001e-06, "geometry_valid": true, "area_m2": 1787447.3912400047, "area_ha": 178.74473912400046 }, "geometry": { "type": "Polygon", "coordinates": [ [ [ 990118.238022358156741, 1008240.005651842220686 ], [ 990116.443295358680189, 1008244.697421340271831 ], [ 990111.55779243237339, 1008257.46879728406202 ], [ 990098.038732486777008, 1008292.80968148005195 ], [ 990057.56030844792258, 1008277.009152216953225 ], [ 990011.936193856061436, 1008259.200141579145566 ], [ 990008.682463479810394, 1008257.930083906045184 ], [ 990001.844347751233727, 1008255.260962382773869 ], [ 989991.956219397252426, 1008251.401156077277847 ], [ 989982.09909745445475, 1008247.944196445285343 ], [ 989972.025373783661053, 1008245.181830005371012 ], [ 989961.783647520816885, 1008243.127541580353864 ], [ 989951.423848771722987, 1008241.791166582726873 ], [ 989940.996018237434328, 1008241.179554695612751 ], [ 989930.551083716447465, 1008241.295353342662565 ], [ 989920.13941783295013, 1008242.138113697641529 ], [ 989909.811725597479381, 1008243.703737685806118 ], [ 989899.618156784097664, 1008245.98447806132026 ], [ 989889.608084082021378, 1008248.969491371070035 ], [ 989879.830102993990295, 1008252.644174453685991 ], [ 989870.331699084606953, 1008256.990827986621298 ], [ 989861.159025983302854, 1008261.988103589508682 ], [ 989852.35646166279912, 1008267.611888565705158 ], [ 989843.966830337652937, 1008273.834863517666236 ], [ 989836.030736766988412, 1008280.627055363729596 ], [ 989828.586899032467045, 1008287.955173820606433 ], [ 989821.671372048440389, 1008295.783717282814905 ], [ 989815.317658437532373, 1008304.074641114915721 ], [ 989809.556486711022444, 1008312.788021152256988 ], [ 989804.416033090674318, 1008321.881279582972638 ], [ 989783.495026741991751, 1008362.098629369516857 ], [ 989783.130751223070547, 1008362.798880919930525 ], [ 989778.614800217677839, 1008371.480031812563539 ], [ 989775.064197484520264, 1008378.947642590617761 ], [ 989774.000236932886764, 1008381.185293851536699 ], [ 989770.341706398990937, 1008390.558022045879625 ], [ 989770.092702320194803, 1008391.196001016767696 ], [ 989766.912271781126037, 1008401.460951188812032 ], [ 989764.47513716481626, 1008411.92728406318929 ], [ 989762.793939688010141, 1008422.541365742334165 ], [ 989761.877326155896299, 1008433.248457053559832 ], [ 989761.729949052096345, 1008443.993819362833165 ], [ 989762.352577482932247, 1008454.722161664860323 ], [ 989763.741986272390932, 1008465.378304093144834 ], [ 989765.891067006392404, 1008475.90750961669255 ], [ 989768.788828054908663, 1008486.255926404264756 ], [ 989772.420394579297863, 1008496.370145477005281 ], [ 989776.766897638095543, 1008506.198085376759991 ], [ 989781.806361945578828, 1008515.689655551803298 ], [ 989787.512596222455613, 1008524.79587182123214 ], [ 989793.856413803994656, 1008533.469851463683881 ], [ 989800.80529986473266, 1008541.667366160312667 ], [ 989808.32341129926499, 1008549.345957345911302 ], [ 989816.372242638492025, 1008556.466484252479859 ], [ 989824.910293080145493, 1008562.992239304818213 ], [ 989833.893954186467454, 1008568.889500896329992 ], [ 989843.257981045171618, 1008574.117804733803496 ], [ 989843.276844244333915, 1008574.128307550097816 ], [ 989849.471113549428992, 1008577.025850118254311 ], [ 989853.010917713399976, 1008578.681683705304749 ], [ 989879.317629227880388, 1008589.854878722922876 ], [ 989934.37834688811563, 1008616.902916886843741 ], [ 989941.115523603977636, 1008620.008069184958003 ], [ 989947.998114261426963, 1008622.776260608923621 ], [ 989955.009364289580844, 1008625.200416120700538 ], [ 989997.294070627074689, 1008638.660416501457803 ], [ 990038.48471505753696, 1008655.97999422380235 ], [ 990048.005842870799825, 1008659.607852015877143 ], [ 990057.75145277986303, 1008662.580817008391023 ], [ 990067.676385840284638, 1008664.884961729403585 ], [ 990077.734928805264644, 1008666.509786787675694 ], [ 990110.61968690098729, 1008670.680957793374546 ], [ 990139.723781870445237, 1008675.911883332766593 ], [ 990145.418042839039117, 1008676.73555094061885 ], [ 990141.141944692702964, 1008681.874937411746942 ], [ 990138.607900367467664, 1008685.254526504897512 ], [ 990123.904908793745562, 1008705.450943029369228 ], [ 990118.584209155989811, 1008713.266321176080965 ], [ 990113.766495288582519, 1008721.401327906060033 ], [ 990109.471179570420645, 1008729.823781377519481 ], [ 990109.155503415502608, 1008730.552665967028588 ], [ 990107.06656185281463, 1008735.378277774434537 ], [ 990105.71512228762731, 1008738.500173066859134 ], [ 990102.513297429890372, 1008747.396220651338808 ], [ 990101.308777973521501, 1008751.547392677515745 ], [ 990099.878681647940539, 1008756.476204496342689 ], [ 990092.743698397069238, 1008784.317402850836515 ], [ 990090.91058266395703, 1008792.390659280004911 ], [ 990089.525945056811906, 1008800.552877123467624 ], [ 990088.593776521971449, 1008808.778953782632016 ], [ 990085.395807561813854, 1008846.217599591822363 ], [ 990084.577195686171763, 1008853.108829170465469 ], [ 990063.584594469517469, 1008826.871326915221289 ], [ 990059.618135361000896, 1008822.118474134826101 ], [ 990014.313264404190704, 1008770.054282399476506 ], [ 989983.458245744346641, 1008732.694752963259816 ], [ 989980.222850964521058, 1008728.907299877610058 ], [ 989932.385017827269621, 1008674.753926794161089 ], [ 989925.472663593711331, 1008667.439059735741466 ], [ 989918.085052538430318, 1008660.604511418147013 ], [ 989910.255696099018678, 1008654.28090879204683 ], [ 989883.131757837836631, 1008633.838622778188437 ], [ 989874.904704158194363, 1008628.060132858925499 ], [ 989866.308918542345054, 1008622.846211739466526 ], [ 989857.383126329281367, 1008618.219966083299369 ], [ 989848.167383990250528, 1008614.202290767920204 ], [ 989838.703190054162405, 1008610.811094728996977 ], [ 989833.731029615039006, 1008609.397511990391649 ], [ 989829.032819382962771, 1008608.061854010913521 ], [ 989826.897268857457675, 1008607.606646064668894 ], [ 989819.200099788955413, 1008605.966726961429231 ], [ 989797.044596795807593, 1008602.017317564808764 ], [ 989787.413233800092712, 1008600.621376836672425 ], [ 989777.711720098392107, 1008599.852998151443899 ], [ 989767.980664797243662, 1008599.715714837540872 ], [ 989758.261231346870773, 1008600.209963829140179 ], [ 989748.594360967632383, 1008601.333749282872304 ], [ 989739.02066163753625, 1008603.082089652889408 ], [ 989729.580741053563543, 1008605.447902334621176 ], [ 989720.314096971531399, 1008608.421119136735797 ], [ 989699.354384996811859, 1008615.904631649609655 ], [ 989689.22024046711158, 1008619.944417587365024 ], [ 989679.406622046837583, 1008624.710242538014427 ], [ 989669.96545212296769, 1008630.177218606811948 ], [ 989660.946877253940329, 1008636.316034838440828 ], [ 989652.398602584959008, 1008643.094505461747758 ], [ 989644.365669890772551, 1008650.476574686006643 ], [ 989630.260107584763318, 1008664.419274687534198 ], [ 989629.068530638585798, 1008665.597018681932241 ], [ 989622.115159750217572, 1008672.95030611474067 ], [ 989619.33637595793698, 1008676.31755991128739 ], [ 989615.673671050695702, 1008680.755916207795963 ], [ 989612.064856844255701, 1008685.784993488923647 ], [ 989609.773461956530809, 1008688.978126993402839 ], [ 989604.441266833571717, 1008697.579779298393987 ], [ 989599.701489717699587, 1008706.521502639399841 ], [ 989595.575649667764083, 1008715.762599924695678 ], [ 989592.082602705340832, 1008725.260936884908006 ], [ 989589.238208951312117, 1008734.973273817449808 ], [ 989582.051613437943161, 1008762.986152146011591 ], [ 989574.546796446898952, 1008792.52786742313765 ], [ 989567.275969988550059, 1008821.148406020365655 ], [ 989559.91580137994606, 1008840.41661192337051 ], [ 989553.487752209999599, 1008842.380852769711055 ], [ 989538.282351732836105, 1008847.0274377388414 ], [ 989532.784925949992612, 1008848.698292517103255 ], [ 989522.477777846739627, 1008852.226241186726838 ], [ 989512.454322330304421, 1008856.494055959628895 ], [ 989502.767480457085185, 1008861.478839178802446 ], [ 989493.468397570191883, 1008867.154486514045857 ], [ 989484.606443199794739, 1008873.490802358952351 ], [ 989476.228434500284493, 1008880.454384526819922 ], [ 989468.378414340433665, 1008888.008513774489984 ], [ 989461.098206031136215, 1008896.112932500196621 ], [ 989454.426303973188624, 1008904.7251719343476 ], [ 989448.397762552485801, 1008913.799335721996613 ], [ 989443.044640176347457, 1008923.287758614635095 ], [ 989438.395111520309001, 1008933.139900774345733 ], [ 989434.473911529057659, 1008943.304006421240047 ], [ 989431.301669632317498, 1008953.726108727278188 ], [ 989428.895242710597813, 1008964.351246159756556 ], [ 989427.267160359187983, 1008975.123130786581896 ], [ 989426.426290638744831, 1008985.984811728121713 ], [ 989426.376952569000423, 1008996.879006977542304 ], [ 989427.119359873584472, 1009007.747882222989574 ], [ 989428.649732086108997, 1009018.534046015935019 ], [ 989430.959850771934725, 1009029.180549880140461 ], [ 989434.037503354484215, 1009039.631109393318184 ], [ 989437.866483122925274, 1009049.83021476038266 ], [ 989442.426478462060913, 1009059.724126075976528 ], [ 989447.693405635771342, 1009069.260541516938247 ], [ 989453.639408877817914, 1009078.389039686997421 ], [ 989460.233082290971652, 1009087.061300731031224 ], [ 989467.439580895123072, 1009095.231438058312051 ], [ 989468.499980746069923, 1009096.341867943876423 ], [ 989475.308186946320347, 1009103.047403656179085 ], [ 989482.534173123072833, 1009109.300603944808245 ], [ 989490.147978943539783, 1009115.075265074730851 ], [ 989499.196214539348148, 1009121.251366806332953 ], [ 989504.489111768663861, 1009124.334227760322392 ], [ 989513.486038001603447, 1009129.331314712762833 ], [ 989517.744649868924171, 1009131.60773196676746 ], [ 989522.116415755474009, 1009133.765811688615941 ], [ 989560.103065261966549, 1009151.75502894888632 ], [ 989569.6303238280816, 1009155.869276614044793 ], [ 989579.419225644436665, 1009159.314802209846675 ], [ 989589.423058266751468, 1009162.074914225377142 ], [ 989599.59388931223657, 1009164.136570489034057 ], [ 989609.883010158664547, 1009165.489714619121514 ], [ 989620.240936030633748, 1009166.127828931435943 ], [ 989657.226287340396084, 1009167.123787413351238 ], [ 989667.234956161584705, 1009167.05909631436225 ], [ 989672.243462310056202, 1009166.691743096103892 ], [ 989677.217019239789806, 1009166.326938216458075 ], [ 989687.128096787491813, 1009164.930304683512077 ], [ 989696.923698510741815, 1009162.875615329365246 ], [ 989706.560554927564226, 1009160.172054125461727 ], [ 989715.995507836691104, 1009156.831458961940371 ], [ 989725.186619929037988, 1009152.868985004955903 ], [ 989734.092841750825755, 1009148.301998936920427 ], [ 989770.076439557014965, 1009128.306508997338824 ], [ 989779.387610631878488, 1009122.680986026185565 ], [ 989788.266319797141477, 1009116.395236887969077 ], [ 989796.666082942276262, 1009109.482110333396122 ], [ 989804.542302576242946, 1009101.978325207252055 ], [ 989811.853710005176254, 1009093.923143277643248 ], [ 989825.894076793454587, 1009077.279411025694571 ], [ 989921.210041001671925, 1009167.232733518467285 ], [ 989928.290974113275297, 1009173.505013238172978 ], [ 989935.753407559124753, 1009179.318219247157685 ], [ 989943.567492584581487, 1009184.649465069640428 ], [ 989951.702160216402262, 1009189.477412534411997 ], [ 990038.672181476606056, 1009237.449681228608824 ], [ 990047.325480525032617, 1009241.863332774839364 ], [ 990056.24643063149415, 1009245.707565410528332 ], [ 990065.39752843149472, 1009248.966017894330435 ], [ 990074.740494294790551, 1009251.625204204232432 ], [ 990114.725497288629413, 1009261.617268823087215 ], [ 990123.65840552514419, 1009263.562154536601156 ], [ 990132.693096901522949, 1009264.959316708729602 ], [ 990141.796285606455058, 1009265.803119926829822 ], [ 990150.93390949931927, 1009266.09047222242225 ], [ 990160.072017673053779, 1009265.820493253762834 ], [ 990203.564683775999583, 1009263.206498510669917 ], [ 990209.305575650767423, 1009262.861535757081583 ], [ 990210.051715181092732, 1009262.816656374023296 ], [ 990219.812511493335478, 1009261.909102108562365 ], [ 990228.049345724633895, 1009260.59579440462403 ], [ 990229.493010710459203, 1009260.365603212965652 ], [ 990239.051940169534646, 1009258.192910326411948 ], [ 990248.448471284238622, 1009255.400206806138158 ], [ 990257.642441522795707, 1009251.999551028013229 ], [ 990284.630558931617998, 1009241.001254258211702 ], [ 990293.721820350154303, 1009236.93944705859758 ], [ 990302.523204709519632, 1009232.283078701468185 ], [ 990310.996214738930576, 1009227.052943258546293 ], [ 990319.10346291679889, 1009221.271825114032254 ], [ 990326.809115348267369, 1009214.965494174975902 ], [ 990332.946324133081362, 1009209.221777604077943 ], [ 990334.079113567364402, 1009208.16159999568481 ], [ 990336.954274807940237, 1009205.286116731818765 ], [ 990366.063116803066805, 1009176.171191833913326 ], [ 990373.414979181601666, 1009168.268550709937699 ], [ 990380.179183281492442, 1009159.857417198363692 ], [ 990386.32078484329395, 1009150.981475276639685 ], [ 990391.807946440880187, 1009141.686620153370313 ], [ 990396.612381370039657, 1009132.021179429255426 ], [ 990400.708798743202351, 1009122.035249636275694 ], [ 990400.746840734500438, 1009121.919576401473023 ], [ 990401.45311276987195, 1009119.768784166197293 ], [ 990404.076345868757926, 1009111.780364350415766 ], [ 990406.697387836640701, 1009101.309826063574292 ], [ 990413.002309698262252, 1009071.625801738235168 ], [ 990421.735562168527395, 1009078.433580509619787 ], [ 990429.184829617966898, 1009083.880256088334136 ], [ 990436.955020329216495, 1009088.858247360214591 ], [ 990463.356790943071246, 1009104.648635159130208 ], [ 990468.432512653060257, 1009107.684258411056362 ], [ 990497.500620866776444, 1009125.069473855081014 ], [ 990469.199628397007473, 1009149.41308730840683 ], [ 990469.199641869985498, 1009149.413096968783066 ], [ 990469.199641869985498, 1009149.413096969015896 ], [ 990466.633199509815313, 1009151.620672257151455 ], [ 990447.158186055370606, 1009168.372490617213771 ], [ 990439.688249764847569, 1009175.251483492203988 ], [ 990432.701012052712031, 1009182.620295190950856 ], [ 990426.228644593036734, 1009190.445304772350937 ], [ 990399.221481458167545, 1009225.461698317434639 ], [ 990393.25866666121874, 1009233.763255595928058 ], [ 990387.875397828640416, 1009242.451667580171488 ], [ 990383.096522905281745, 1009251.486679296242073 ], [ 990381.800531611312181, 1009254.401333054411225 ], [ 990378.944115795660764, 1009260.826266841497272 ], [ 990378.788060576072894, 1009261.253574168891646 ], [ 990375.437809293391183, 1009270.427079612971283 ], [ 990372.593685543630272, 1009280.24432990886271 ], [ 990370.425052810227498, 1009290.23256689379923 ], [ 990368.941779761691578, 1009300.345455509144813 ], [ 990368.151183066307567, 1009310.535886975820176 ], [ 990367.153803641209379, 1009333.526739991735667 ], [ 990367.068793640239164, 1009344.118938568630256 ], [ 990367.731811591656879, 1009354.690697629353963 ], [ 990369.139633092912845, 1009365.189270065980963 ], [ 990371.285150495357811, 1009375.562130440026522 ], [ 990374.157594927237369, 1009385.757749016396701 ], [ 990377.742647179984488, 1009395.725149427424185 ], [ 990405.738373375614174, 1009465.694541248260066 ], [ 990409.369816214079037, 1009474.028644269099459 ], [ 990413.499730531824753, 1009482.127478612004779 ], [ 990418.112912311800756, 1009489.96118914464023 ], [ 990423.192271517706104, 1009497.501026772893965 ], [ 990428.719275873736478, 1009504.719016673276201 ], [ 990486.78221702366136, 1009575.963737120386213 ], [ 990486.782238581683487, 1009575.963722572894767 ], [ 990496.179467006702907, 1009587.494372852612287 ], [ 990501.024845763342455, 1009593.439783772453666 ], [ 990507.623835784033872, 1009601.536884323810227 ], [ 990511.796640977496281, 1009606.657087199622765 ], [ 990516.694837107439525, 1009612.6672748652054 ], [ 990521.62950373836793, 1009618.419139303499833 ], [ 990526.84839339798782, 1009623.914198524900712 ], [ 990532.338412250392139, 1009629.138631447101943 ], [ 990616.312407255056314, 1009705.100042278296314 ], [ 990616.492054336820729, 1009705.253729330492206 ], [ 990621.330541627248749, 1009709.394545306684449 ], [ 990622.574089918169193, 1009710.458745340467431 ], [ 990629.120649688993581, 1009715.465322144678794 ], [ 990635.932446581544355, 1009720.104625427396968 ], [ 990636.937840142869391, 1009720.711266839527525 ], [ 990642.988842204678804, 1009724.36261384037789 ], [ 990732.957949970732443, 1009775.333489177050069 ], [ 990742.170717522269115, 1009780.139051993144676 ], [ 990751.69417824211996, 1009784.295021472033113 ], [ 990761.482618455425836, 1009787.781387853203341 ], [ 990771.488993527600542, 1009790.581569540081546 ], [ 990781.665371615672484, 1009792.681970734149218 ], [ 990791.962600835016929, 1009794.072423808043823 ], [ 990841.943138619419187, 1009799.065487752202898 ], [ 990851.386738265166059, 1009799.708626723499037 ], [ 990856.862917640595697, 1009799.808170349686407 ], [ 990915.839368404820561, 1009799.802370476536453 ], [ 990926.075146489776671, 1009799.4516274392372 ], [ 990936.263134769862518, 1009798.402788439532742 ], [ 990946.355736508499831, 1009796.661056333221495 ], [ 990956.306020955904387, 1009794.234287861152552 ], [ 990966.067279663984664, 1009791.133988899528049 ], [ 990975.594246866763569, 1009787.374540263670497 ], [ 990984.84221189271193, 1009782.973640140146017 ], [ 990993.768239534576423, 1009777.951419283635914 ], [ 991002.330504466895945, 1009772.331768095726147 ], [ 991010.489178700954653, 1009766.140677784336731 ], [ 991018.206209712545387, 1009759.406903874827549 ], [ 991019.598373993183486, 1009758.105859039002098 ], [ 991027.098688954487443, 1009751.096098903566599 ], [ 991034.39354751072824, 1009744.278222601278685 ], [ 991038.676875694654882, 1009740.275000253459439 ], [ 991047.141802907455713, 1009732.363447173382156 ], [ 991052.071681120432913, 1009727.756042910856195 ], [ 991079.176370005239733, 1009702.423620081623085 ], [ 991080.87494539108593, 1009700.811142957536504 ], [ 991082.142632857430726, 1009699.57414040947333 ], [ 991141.25120415946003, 1009641.211834357702173 ], [ 991146.616717437631451, 1009635.914245893014595 ], [ 991160.104000177234411, 1009622.597118246136233 ], [ 991167.111010332941078, 1009615.191656087525189 ], [ 991170.893234287621453, 1009610.606506303185597 ], [ 991173.598388848709874, 1009607.326896771090105 ], [ 991174.858142783865333, 1009605.568945922306739 ], [ 991179.536516112508252, 1009599.039777826983482 ], [ 991184.897658706526272, 1009590.368121255422011 ], [ 991189.657190091209486, 1009581.352292069699615 ], [ 991251.535919147194363, 1009453.812674948945642 ], [ 991298.039770556846634, 1009382.252762332675047 ], [ 991351.080327029922046, 1009302.240057719754986 ], [ 991368.58458747016266, 1009284.083796515013091 ], [ 991375.736598574207164, 1009276.11470327724237 ], [ 991382.301515630446374, 1009267.65546668251045 ], [ 991388.246058046119288, 1009258.749106574920006 ], [ 991393.539719275548123, 1009249.441407029749826 ], [ 991398.15565424237866, 1009239.77958930330351 ], [ 991402.070346600958146, 1009229.812975332024507 ], [ 991405.263608649605885, 1009219.592324264580384 ], [ 991407.719358018599451, 1009209.169942966196686 ], [ 991409.425062800524756, 1009198.598801405285485 ], [ 991416.416688420576975, 1009142.620434910291806 ], [ 991417.304458583472297, 1009133.003925643744878 ], [ 991417.571120509062894, 1009123.350218747160397 ], [ 991417.215901712654158, 1009113.699344905093312 ], [ 991416.24013779044617, 1009104.091334571596235 ], [ 991414.647938112379052, 1009094.566217916086316 ], [ 991413.515370651264675, 1009089.730491543770768 ], [ 991412.445741937495768, 1009085.163140201708302 ], [ 991412.288577969651669, 1009084.644860789529048 ], [ 991409.642873283242807, 1009075.921356974053197 ], [ 991388.645170981646515, 1009013.948235219810158 ], [ 991385.413424592814408, 1009005.29656460811384 ], [ 991381.655348345986567, 1008996.860476176021621 ], [ 991377.384925463120453, 1008988.671594838262536 ], [ 991372.618580092792399, 1008980.761213498655707 ], [ 991367.374178598402068, 1008973.159297914709896 ], [ 991361.671806294005364, 1008965.894597223028541 ], [ 991349.59126247453969, 1008951.444116852479056 ], [ 991344.665698989410885, 1008945.552203770843334 ], [ 991305.687496750848368, 1008898.926865761401132 ], [ 991299.42550037195906, 1008891.896997057134286 ], [ 991292.734609953709878, 1008885.274117621826008 ], [ 991285.641345790703781, 1008879.084211321431212 ], [ 991237.349267463898286, 1008839.542489156359807 ], [ 991232.229714416898787, 1008835.350688887061551 ], [ 991178.499562339857221, 1008791.356376163312234 ], [ 991159.552745301858522, 1008770.308509286260232 ], [ 991159.13507076445967, 1008769.84455556049943 ], [ 991151.611224218853749, 1008762.069741700892337 ], [ 991143.546328876633197, 1008754.857851159758866 ], [ 991134.982328724348918, 1008748.246145390323363 ], [ 991134.188631676719524, 1008747.720087591558695 ], [ 991125.963941288995557, 1008742.26923155633267 ], [ 991116.537991837249137, 1008736.958288535359316 ], [ 991106.753635269473307, 1008732.340845726896077 ], [ 991096.661801347276196, 1008728.441004285588861 ], [ 991086.314972762949765, 1008725.278994797030464 ], [ 991046.224678630824201, 1008714.592320822761394 ], [ 991004.035519737517461, 1008700.234705391339958 ], [ 990993.639758267672732, 1008697.111859671538696 ], [ 990985.120434952201322, 1008695.149022295256145 ], [ 990871.893195991753601, 1008672.515155657427385 ], [ 990847.273306656978093, 1008667.593613393022679 ], [ 990795.895026413723826, 1008652.050535401562229 ], [ 990731.383950926014222, 1008613.492782220244408 ], [ 990706.063427776098251, 1008591.341511533595622 ], [ 990693.963926579570398, 1008574.808989146840759 ], [ 990680.558834786759689, 1008547.012986926012672 ], [ 990672.59846705046948, 1008510.74599385377951 ], [ 990671.320047367829829, 1008504.921805069083348 ], [ 990641.271358616882935, 1008368.021308165392838 ], [ 990638.953916143393144, 1008358.90765835926868 ], [ 990624.775852691498585, 1008309.675816147471778 ], [ 990619.95496087113861, 1008292.935975346714258 ], [ 990616.912628937279806, 1008283.54551666113548 ], [ 990613.258975383010693, 1008274.375742220785469 ], [ 990609.009981921990402, 1008265.466349037713371 ], [ 990580.016035379841924, 1008209.491475149756297 ], [ 990575.603609941783361, 1008201.569266882492229 ], [ 990570.720335319056176, 1008193.928325147833675 ], [ 990565.384078157367185, 1008186.596625050529838 ], [ 990563.6610513611231, 1008184.381659464910626 ], [ 990558.061962680192664, 1008177.184237884357572 ], [ 990554.47952633339446, 1008172.578940897714347 ], [ 990537.230826921295375, 1008150.406179760349914 ], [ 990536.300798832322471, 1008149.292734161484987 ], [ 990530.545743226772174, 1008142.403414208907634 ], [ 990529.411214636056684, 1008141.168132386635989 ], [ 990528.060632893117145, 1008139.697779971407726 ], [ 990513.034498652210459, 1008123.735689611290582 ], [ 990505.620087765040807, 1008116.389317510183901 ], [ 990497.712556181242689, 1008109.57667367591057 ], [ 990489.350297512253746, 1008103.330596360843629 ], [ 990480.573591353953816, 1008097.681601363117807 ], [ 990471.425379756372422, 1008092.65666553482879 ], [ 990465.420729613746516, 1008089.88356558419764 ], [ 990461.94960311613977, 1008088.280443369643763 ], [ 990460.190700586768799, 1008087.612302067107521 ], [ 990452.192309531848878, 1008084.574050483293831 ], [ 990416.034890807932243, 1008072.279354981495999 ], [ 990406.913765183300711, 1008069.229966438142583 ], [ 990397.606648228480481, 1008066.806715744314715 ], [ 990388.156480181030929, 1008065.020766448928043 ], [ 990386.260706481756642, 1008064.722981950035319 ], [ 990375.731539641972631, 1008063.069533347035758 ], [ 990366.600771040306427, 1008061.921493462170474 ], [ 990365.149831712478772, 1008061.829004936851561 ], [ 990357.416703353752382, 1008061.335769477998838 ], [ 990354.464474137639627, 1008061.328946233028546 ], [ 990348.214065224630758, 1008061.314568755566142 ], [ 990339.027474089758471, 1008061.857887028949335 ], [ 990300.379100443795323, 1008065.33693546068389 ], [ 990289.844643482123502, 1008066.662682354683056 ], [ 990279.430440961732529, 1008068.73064050253015 ], [ 990269.188639602973126, 1008071.530298101832159 ], [ 990259.170719970134087, 1008075.047715364373289 ], [ 990249.42671975644771, 1008079.265414053108543 ], [ 990240.005677574779838, 1008084.161935074487701 ], [ 990230.954856390249915, 1008089.712944416794926 ], [ 990222.319410566356964, 1008095.890569703537039 ], [ 990214.142940730205737, 1008102.663842437905259 ], [ 990191.81988555600401, 1008122.529340103152208 ], [ 990187.586186747066677, 1008126.296950500109233 ], [ 990179.773735622991808, 1008133.771048508235253 ], [ 990172.520222410093993, 1008141.788696963805705 ], [ 990165.863365709432401, 1008150.30831222445704 ], [ 990163.435181294451468, 1008153.925637176027521 ], [ 990161.166097605368122, 1008157.3062015628675 ], [ 990159.837555143400095, 1008159.28543593280483 ], [ 990154.474406187538989, 1008168.67339845362585 ], [ 990126.789443249930628, 1008221.467968533630483 ], [ 990125.491390893468633, 1008223.943284508655779 ], [ 990124.516700314241461, 1008225.907561238505878 ], [ 990122.512190012028441, 1008229.947256390820257 ], [ 990118.238022358156741, 1008240.005651842220686 ] ], [ [ 990057.560265252483077, 1008277.009171942598186 ], [ 990057.560265252483077, 1008277.009171942481771 ], [ 990057.56030844792258, 1008277.009152216953225 ], [ 990057.560265252483077, 1008277.009171942598186 ] ], [ [ 990283.831391314743087, 1008745.265732727595605 ], [ 990260.542267489014193, 1008754.788291534758173 ], [ 990275.348346669692546, 1008748.734302968950942 ], [ 990283.831391314743087, 1008745.265732727595605 ] ], [ [ 990584.627021578024141, 1008780.717849414213561 ], [ 990593.91552973119542, 1008789.67219368473161 ], [ 990590.210202322923578, 1008786.100296407239512 ], [ 990584.627021578024141, 1008780.717849414213561 ] ], [ [ 990576.452262690640055, 1008772.837341849924996 ], [ 990564.28255476069171, 1008761.105533935013227 ], [ 990584.627021578024141, 1008780.717849414213561 ], [ 990576.452262690640055, 1008772.837341849924996 ] ], [ [ 990213.230014651431702, 1009079.044681405299343 ], [ 990212.115332092274912, 1009079.397577299037948 ], [ 990181.890319449012168, 1009088.965708857635036 ], [ 990213.230014651431702, 1009079.044681405299343 ] ], [ [ 990526.573645910713822, 1008882.656067367875949 ], [ 990539.95668067492079, 1008892.347930777119473 ], [ 990509.26435384969227, 1008870.121405277284794 ], [ 990516.668799958191812, 1008875.483388986904174 ], [ 990525.485781805822626, 1008881.868304360541515 ], [ 990526.573645910713822, 1008882.656067367875949 ] ], [ [ 991197.583038907614537, 1009032.335770074045286 ], [ 991196.590423157438636, 1009024.070890271454118 ], [ 991197.251426587346941, 1009029.574138448690064 ], [ 991197.583038907614537, 1009032.335770074045286 ] ], [ [ 990839.425856759189628, 1009100.366563892690465 ], [ 990844.862619742751122, 1009107.61325492837932 ], [ 990853.250508101074956, 1009118.793857203098014 ], [ 990839.425856759189628, 1009100.366563892690465 ] ], [ [ 990568.823291000793688, 1008960.031840524519794 ], [ 990563.176373073831201, 1008955.515401539043523 ], [ 990560.345507223159075, 1008953.251029369421303 ], [ 990568.823291000793688, 1008960.031840524519794 ] ], [ [ 990215.873680789489299, 1009066.037718875333667 ], [ 990218.548654696787708, 1009063.788481201278046 ], [ 990217.499055805732496, 1009064.671055636135861 ], [ 990215.873680789489299, 1009066.037718875333667 ] ], [ [ 990673.269718108465895, 1009487.16976078262087 ], [ 990679.484995403559878, 1009493.110797652858309 ], [ 990679.144227098091505, 1009492.785175052820705 ], [ 990673.269718108465895, 1009487.16976078262087 ] ], [ [ 990881.833017806871794, 1009686.984937912668101 ], [ 990886.255403448129073, 1009690.915381691535003 ], [ 990881.494362170342356, 1009686.684195098117925 ], [ 990881.833017806871794, 1009686.984937912668101 ] ], [ [ 990941.268356726504862, 1009706.249751821975224 ], [ 990941.267532248515636, 1009697.257461656699888 ], [ 990941.268024500808679, 1009702.441204321803525 ], [ 990941.268356726504862, 1009706.249751821975224 ] ] ] } },
{ "type": "Feature", "properties": { "nombre": "Humedal del Salitre", "id": 0, "cobertura": "Arbustales", "periodo": 1990, "fechaini": "1970-01-01T00:00:00", "fechafin": "1990-01-01T00:00:00", "Shape_Leng": 0.0015427136875000001, "Shape_Area": 1.38298636726e-07, "geometry_valid": true, "area_m2": 682514.65798184532, "area_ha": 68.251465798184526 }, "geometry": { "type": "Polygon", "coordinates": [ [ [ 998432.244565314264037, 1007369.422776996041648 ], [ 998427.337783795781434, 1007376.271526822354645 ], [ 998426.530286857159808, 1007377.398812070605345 ], [ 998421.349703074316494, 1007385.731573110446334 ], [ 998416.725336697418243, 1007394.385231107240543 ], [ 998413.361710684956051, 1007401.810854938463308 ], [ 998413.263077470241114, 1007402.028592144022696 ], [ 998412.687365706544369, 1007403.299407784710638 ], [ 998412.67682560859248, 1007403.322851305361837 ], [ 998409.221477617276832, 1007412.506061440333724 ], [ 998408.958644784288481, 1007413.28765766788274 ], [ 998402.613051007734612, 1007432.330715874093585 ], [ 998400.028567065717652, 1007440.938773700268939 ], [ 998397.801484027761035, 1007450.494398211827502 ], [ 998397.342526812921278, 1007453.275645933230408 ], [ 998396.204175528255291, 1007460.175298861926422 ], [ 998395.243297700304538, 1007469.940007372759283 ], [ 998394.923287584679201, 1007479.746613198658451 ], [ 998394.92790468968451, 1007526.294619546155445 ], [ 998395.031205185339786, 1007531.844266702537425 ], [ 998396.085048233042471, 1007560.223437389708124 ], [ 998396.472396854893304, 1007570.655732670333236 ], [ 998396.647381422342733, 1007575.366639394778758 ], [ 998397.343574322178029, 1007594.114588739466853 ], [ 998397.688449800130911, 1007603.402796815382317 ], [ 998397.898933190037496, 1007609.069990155403502 ], [ 998388.545205621048808, 1007628.561741888406686 ], [ 998385.193798903841525, 1007636.066211860626936 ], [ 998381.73857546353247, 1007645.249423799104989 ], [ 998378.891269217245281, 1007654.639079195796512 ], [ 998377.859933736152016, 1007658.717240369645879 ], [ 998367.285255761118606, 1007703.15059557929635 ], [ 998366.089407430146821, 1007708.628170882468112 ], [ 998364.492108236881904, 1007718.308962271083146 ], [ 998363.531348594580777, 1007728.073561258846894 ], [ 998363.211232665576972, 1007737.880278463591821 ], [ 998363.533201712067239, 1007747.686761084594764 ], [ 998363.689912342932075, 1007749.837128147599287 ], [ 998367.336223535356112, 1007795.359527573920786 ], [ 998365.212538591586053, 1007798.453867131844163 ], [ 998360.032100329990499, 1007806.786633241805248 ], [ 998359.89341465337202, 1007807.046060660039075 ], [ 998355.407765787094831, 1007815.440295901033096 ], [ 998351.359283657744527, 1007824.377809751662426 ], [ 998347.903961636126041, 1007833.561134252347983 ], [ 998345.056666382937692, 1007842.95068079046905 ], [ 998342.829601667937823, 1007852.506418493110687 ], [ 998341.232197404024191, 1007862.187321316683665 ], [ 998340.271442497032695, 1007871.952031546854414 ], [ 998339.951330131618306, 1007881.758528059814125 ], [ 998340.273412517388351, 1007891.565121533465572 ], [ 998340.318801998277195, 1007892.026245971443132 ], [ 998341.236024222103879, 1007901.329569820431061 ], [ 998341.46040538395755, 1007902.963076939806342 ], [ 998343.57769806846045, 1007917.773561860783957 ], [ 998344.952572986017913, 1007925.82077933778055 ], [ 998347.181482578627765, 1007935.375980517012067 ], [ 998350.030724661890417, 1007944.764964477857575 ], [ 998353.487760524149053, 1007953.947479840600863 ], [ 998357.53805436741095, 1007962.884381089825183 ], [ 998362.164074675412849, 1007971.537075686152093 ], [ 998367.346181936445646, 1007979.868851048056968 ], [ 998373.062073797453195, 1007987.843658127472736 ], [ 998379.287339896545745, 1007995.427770150941797 ], [ 998385.99535087600816, 1008002.588455624878407 ], [ 998393.157258396619, 1008009.294973561773077 ], [ 998399.514396078535356, 1008014.566269605071284 ], [ 998436.792502649128437, 1008043.783836769405752 ], [ 998492.738708503544331, 1008143.709391427226365 ], [ 998493.724554168875329, 1008145.443181920913048 ], [ 998498.906746834283695, 1008153.774855718831532 ], [ 998504.622612559585832, 1008161.749783285311423 ], [ 998510.847852035192773, 1008169.333795474725775 ], [ 998517.555836025392637, 1008176.494381902040914 ], [ 998524.717716310638934, 1008183.201022709952667 ], [ 998530.53526030050125, 1008187.974390657036565 ], [ 998532.303091411478817, 1008189.424856775673106 ], [ 998540.279118971084245, 1008195.139124083798379 ], [ 998543.019340784521773, 1008196.842804235173389 ], [ 998539.131798714399338, 1008203.095715732430108 ], [ 998538.955944560584612, 1008203.378586853505112 ], [ 998534.33150288334582, 1008212.032239814754575 ], [ 998530.283021011040546, 1008220.969855883042328 ], [ 998526.827695657964796, 1008230.153173393919133 ], [ 998523.980393523932435, 1008239.542714345268905 ], [ 998521.753318390343338, 1008249.098447888623923 ], [ 998521.361147143761627, 1008251.475186539813876 ], [ 998520.156011166982353, 1008258.779347994830459 ], [ 998519.195238929940388, 1008268.543946386198513 ], [ 998518.875105879735202, 1008278.350553683354519 ], [ 998519.197164308628999, 1008288.157038241508417 ], [ 998519.842364560230635, 1008294.701911128009669 ], [ 998520.159859849372879, 1008297.921489645028487 ], [ 998521.75908623659052, 1008307.601997567689978 ], [ 998523.987963430117816, 1008317.157425794517621 ], [ 998526.837170440936461, 1008326.546306448290125 ], [ 998530.294279682449996, 1008335.728941005188972 ], [ 998534.344533580821007, 1008344.665741596138105 ], [ 998538.97062273544725, 1008353.318557975348085 ], [ 998544.15279682725668, 1008361.650235175620764 ], [ 998549.868753713089973, 1008369.625166422687471 ], [ 998551.547165893018246, 1008371.771524988231249 ], [ 998588.843004647758789, 1008418.580384127795696 ], [ 998593.389916654326953, 1008424.018043927499093 ], [ 998600.09787123487331, 1008431.178748415433802 ], [ 998607.259832049370743, 1008437.88528656901326 ], [ 998614.845064893946983, 1008444.109018398681656 ], [ 998622.821171369985677, 1008449.823405005969107 ], [ 998631.153866956825368, 1008455.003897986607626 ], [ 998639.807535772677511, 1008459.628271158668213 ], [ 998648.745119654689915, 1008463.676731162122451 ], [ 998657.928450995008461, 1008467.132138580665924 ], [ 998667.317919855122454, 1008469.979455087217502 ], [ 998676.873694480513223, 1008472.206517439335585 ], [ 998686.554611752391793, 1008473.803816375206225 ], [ 998696.319175755721517, 1008474.764607150107622 ], [ 998706.125779682653956, 1008475.084688376868144 ], [ 998715.932372959097847, 1008474.762623217422515 ], [ 998718.06941490911413, 1008474.552040625363588 ], [ 998725.69679411011748, 1008473.799960487755015 ], [ 998735.377325510024093, 1008472.200792383519001 ], [ 998744.932693378534168, 1008469.971865016850643 ], [ 998754.321623951778747, 1008467.122689011273906 ], [ 998763.504285886883736, 1008463.665539517300203 ], [ 998772.440958793507889, 1008459.615345604484901 ], [ 998781.09380848321598, 1008454.989137357100844 ], [ 998789.425444595399313, 1008449.806930543156341 ], [ 998797.400362943299115, 1008444.0910630983999 ], [ 998804.652870652033016, 1008438.155813549994491 ], [ 998805.225153415463865, 1008437.656860401621088 ], [ 998808.210311360307969, 1008437.293885790975764 ], [ 998817.890848961076699, 1008435.694617372006178 ], [ 998827.446223629289307, 1008433.465700139408 ], [ 998836.835161594324745, 1008430.616534111788496 ], [ 998846.017831454635598, 1008427.159394378191791 ], [ 998854.954623763565905, 1008423.109209970221855 ], [ 998863.607371428399347, 1008418.483121517929249 ], [ 998871.939016895717941, 1008413.300923583214171 ], [ 998879.914055961184204, 1008407.584954057470895 ], [ 998879.98628494143486, 1008407.529441037564538 ], [ 999042.436070191441104, 1008282.69531140034087 ], [ 999044.569328402401879, 1008281.055912434472702 ], [ 999075.15635776182171, 1008257.551416367292404 ], [ 999082.668085628072731, 1008251.381646290654317 ], [ 999089.828644469962455, 1008244.673569617327303 ], [ 999096.535293512511998, 1008237.511782400659285 ], [ 999102.759074544766918, 1008229.926473642117344 ], [ 999108.473359351279214, 1008221.950375703163445 ], [ 999113.653960645431653, 1008213.61765847238712 ], [ 999118.278355404501781, 1008204.964039968559518 ], [ 999122.326794407097623, 1008196.026454589795321 ], [ 999125.782080307137221, 1008186.84316367842257 ], [ 999125.939959684852511, 1008186.322985886246897 ], [ 999126.808462672750466, 1008183.458579992759041 ], [ 999128.629456701804884, 1008177.453534389846027 ], [ 999130.856497185770422, 1008167.897818508557975 ], [ 999131.283302217372693, 1008165.31141983543057 ], [ 999132.453881990746595, 1008158.216931299190037 ], [ 999133.414621349307708, 1008148.45234090986196 ], [ 999133.734721202752553, 1008138.645736638340168 ], [ 999133.659470009384677, 1008136.35161083668936 ], [ 999133.412739392602816, 1008128.839139515883289 ], [ 999132.450007581617683, 1008119.074791720020585 ], [ 999130.850853135576472, 1008109.394271927303635 ], [ 999128.621822475106455, 1008099.838937618187629 ], [ 999125.772679670946673, 1008090.449925121967681 ], [ 999122.315518781892024, 1008081.267375492607243 ], [ 999118.265318660996854, 1008072.330545126693323 ], [ 999115.986638595815748, 1008068.068422935786657 ], [ 999113.6391662604874, 1008063.677805738057941 ], [ 999113.522774774231948, 1008063.476548481616192 ], [ 999124.119459441746585, 1008038.477791774086654 ], [ 999148.519940784084611, 1007989.004847427713685 ], [ 999180.921859156456776, 1007923.309059521532618 ], [ 999180.931844684411772, 1007923.288822972448543 ], [ 999184.98030550731346, 1007914.351241524447687 ], [ 999188.435611288412474, 1007905.167954082717188 ], [ 999191.283005543984473, 1007895.778438367880881 ], [ 999193.510061772423796, 1007886.222724991035648 ], [ 999195.107349200756289, 1007876.541729206801392 ], [ 999195.900024001253769, 1007868.485849367920309 ], [ 999196.019285790272988, 1007867.273431160137989 ], [ 999196.068099919240922, 1007866.777140313875861 ], [ 999196.388208852265961, 1007856.970647604088299 ], [ 999196.080773175810464, 1007847.606266726506874 ], [ 999196.066233807010576, 1007847.164050944615155 ], [ 999195.103506412939169, 1007837.399592510424554 ], [ 999193.666466278373264, 1007828.700261244201101 ], [ 999193.504354018718004, 1007827.71907213923987 ], [ 999191.275323051144369, 1007818.163736733724363 ], [ 999188.426177564542741, 1007808.774833208182827 ], [ 999184.96901163237635, 1007799.592170882271603 ], [ 999180.918804132263176, 1007790.655337902833708 ], [ 999176.292642048909329, 1007782.002595414291136 ], [ 999171.110497166868299, 1007773.670988160185516 ], [ 999169.085243106936105, 1007770.845206794911064 ], [ 999165.394671290181577, 1007765.695902121136896 ], [ 999159.16935244621709, 1007758.111838631564751 ], [ 999152.461391563876532, 1007750.951308500138111 ], [ 999150.935993765480816, 1007749.447857280494645 ], [ 999123.624066758551635, 1007722.910338044748642 ], [ 999111.795124563970603, 1007711.416949259350076 ], [ 999093.677092565805651, 1007676.836071776342578 ], [ 999053.565116894314997, 1007600.277084489935078 ], [ 999052.783946136943996, 1007598.78605694253929 ], [ 999044.359184910543263, 1007582.706375344190747 ], [ 999042.711714969249442, 1007579.713061601505615 ], [ 999041.388901262311265, 1007577.30980744457338 ], [ 999037.332260302151553, 1007570.787532135378569 ], [ 999036.206839400227182, 1007568.97820951777976 ], [ 999030.490873856586404, 1007561.00324430258479 ], [ 999026.243297384236939, 1007555.828519585891627 ], [ 999024.265636593685485, 1007553.419191897846758 ], [ 999017.557645790278912, 1007546.258563094306737 ], [ 999010.395749665098265, 1007539.551988754188642 ], [ 999002.810460751294158, 1007533.328219829360023 ], [ 998994.834399685496464, 1007527.613906192593277 ], [ 998991.836084898328409, 1007525.749759852187708 ], [ 998986.501740474486724, 1007522.433375475229695 ], [ 998979.937919564894401, 1007518.925811867811717 ], [ 998977.847988563473336, 1007517.809075388940983 ], [ 998968.910424660309218, 1007513.760578506509773 ], [ 998959.727106128702872, 1007510.305135137517937 ], [ 998950.337643678067252, 1007507.457783946068957 ], [ 998940.781869916012511, 1007505.230799015378579 ], [ 998937.396898388280533, 1007504.672186608542688 ], [ 998931.101059816312045, 1007503.633468699757941 ], [ 998921.336377389030531, 1007502.672648540465161 ], [ 998911.529763279831968, 1007502.352540092775598 ], [ 998901.723269065259956, 1007502.674580327584408 ], [ 998896.870500306016766, 1007503.153052044799551 ], [ 998892.53512608143501, 1007503.5804839853663 ], [ 998892.330273977480829, 1007503.600708082667552 ], [ 998892.303201447473839, 1007503.603380827815272 ], [ 998892.26850561669562, 1007503.606806186493486 ], [ 998891.958835317753255, 1007503.63733110553585 ], [ 998889.357429788331501, 1007504.066977604059502 ], [ 998882.278291619732045, 1007505.236479119746946 ], [ 998872.722912741708569, 1007507.465499435318634 ], [ 998863.333973396220244, 1007510.314660222036764 ], [ 998855.208463150309399, 1007513.373687542392872 ], [ 998854.151416793232784, 1007513.771686279913411 ], [ 998845.21452038642019, 1007517.821980181965046 ], [ 998838.022028843872249, 1007521.61558922380209 ], [ 998833.148224220960401, 1007524.357754252385348 ], [ 998813.605637051165104, 1007528.340645428863354 ], [ 998773.33675087755546, 1007411.736267400439829 ], [ 998770.131172697641887, 1007403.287771634408273 ], [ 998769.415054155047983, 1007401.707682174048387 ], [ 998766.080897277221084, 1007394.351071499637328 ], [ 998763.656935882521793, 1007389.817042345181108 ], [ 998763.123041599988937, 1007388.818613549694419 ], [ 998761.454776816768572, 1007385.698243729420938 ], [ 998756.27256147551816, 1007377.36655409715604 ], [ 998752.997474032803439, 1007372.797042157268152 ], [ 998752.996085274848156, 1007372.795104516204447 ], [ 998752.180505156633444, 1007371.657179863075726 ], [ 998750.556664314353839, 1007369.391609646845609 ], [ 998744.331495587714016, 1007361.807690391200595 ], [ 998737.623462698655203, 1007354.646975284791552 ], [ 998730.461524993181229, 1007347.94042681902647 ], [ 998728.374007288715802, 1007346.227603073930368 ], [ 998722.876306126825511, 1007341.716574685066007 ], [ 998714.90020502533298, 1007336.002289796480909 ], [ 998706.567506810184568, 1007330.821789079112932 ], [ 998699.147420881548896, 1007326.856566018541344 ], [ 998697.913828051765449, 1007326.197409540647641 ], [ 998689.331836630473845, 1007322.309945637360215 ], [ 998688.976227703737095, 1007322.148944765678607 ], [ 998687.282953519374132, 1007321.45971796719823 ], [ 998677.765290809329599, 1007317.653659114497714 ], [ 998675.49643704702612, 1007316.746395360329188 ], [ 998672.774453569902107, 1007315.657856085686944 ], [ 998666.12384994677268, 1007312.998481398914009 ], [ 998658.633880059700459, 1007310.232299827970564 ], [ 998654.023512049461715, 1007308.834185095853172 ], [ 998649.244271603412926, 1007307.385095432400703 ], [ 998639.688575693173334, 1007305.158036751206964 ], [ 998630.007623642100953, 1007303.560633142478764 ], [ 998620.243023400311358, 1007302.599850561469793 ], [ 998610.43649383704178, 1007302.279779825708829 ], [ 998600.629864717833698, 1007302.601747167762369 ], [ 998593.2384802516317, 1007303.27897098986432 ], [ 998592.917381033534184, 1007303.308502059313469 ], [ 998587.98672407749109, 1007303.889033812563866 ], [ 998567.346512627322227, 1007306.319329579360783 ], [ 998556.948850974673405, 1007307.543659206246957 ], [ 998554.896879762411118, 1007307.799693534034304 ], [ 998547.646082909195684, 1007308.936164520215243 ], [ 998524.372424390632659, 1007313.169996139709838 ], [ 998521.942660347558558, 1007313.632715496467426 ], [ 998512.387379155959934, 1007315.861779699916951 ], [ 998512.127860202686861, 1007315.940518750110641 ], [ 998502.998429801897146, 1007318.7108730066102 ], [ 998493.815866503980942, 1007322.167941192747094 ], [ 998484.878966724849306, 1007326.218276070430875 ], [ 998476.226231185835786, 1007330.844294334528968 ], [ 998467.894496227381751, 1007336.026422218536027 ], [ 998459.919599518063478, 1007341.742321434197947 ], [ 998452.335492442012765, 1007347.967773833312094 ], [ 998445.174905830179341, 1007354.675686149392277 ], [ 998438.468351338990033, 1007361.837638189201243 ], [ 998432.244565314264037, 1007369.422776996041648 ] ] ] } },
{ "type": "Feature", "properties": { "nombre": "Humedal el Tunjo", "id": 0, "cobertura": "Pastos", "periodo": 2014, "fechaini": "2000-01-01T00:00:00", "fechafin": "2020-01-01T00:00:00", "Shape_Leng": 0.0053392334250900002, "Shape_Area": 2.0390137838199999e-07, "geometry_valid": true, "area_m2": 884419.1476535378, "area_ha": 88.441914765353786 }, "geometry": { "type": "Polygon", "coordinates": [ [ [ 992174.627932273084298, 997315.926301588886417 ], [ 992148.836869519669563, 997322.127145585487597 ], [ 992148.550468647619709, 997322.196287160273641 ], [ 992132.12752868863754, 997326.178836441482417 ], [ 992128.642897465731949, 997327.068254840211011 ], [ 992127.036355101619847, 997327.55574570375029 ], [ 992123.574488288722932, 997328.606279202969745 ], [ 992119.25397920794785, 997329.917427503387444 ], [ 992110.071410684264265, 997333.374446924077347 ], [ 992101.134473217418417, 997337.424822975997813 ], [ 992092.481670998735353, 997342.050858735106885 ], [ 992084.150065441499464, 997347.232977529871278 ], [ 992076.175053118146025, 997352.948838303796947 ], [ 992068.591031680814922, 997359.174109608051367 ], [ 992061.430401087389328, 997365.882137992302887 ], [ 992054.723785558249801, 997373.044058553874493 ], [ 992048.500033617718145, 997380.629237235873006 ], [ 992045.397130990750156, 997384.822904688073322 ], [ 992031.750024008564651, 997403.954742219182663 ], [ 992031.596577339689247, 997404.170170162804425 ], [ 992020.394754311768338, 997419.932681363075972 ], [ 991997.432571741403081, 997452.06275590590667 ], [ 991994.74333121383097, 997455.954054365167394 ], [ 991989.562872269190848, 997464.286774271982722 ], [ 991984.938393896794878, 997472.940456541487947 ], [ 991980.889866405981593, 997481.878054281696677 ], [ 991977.434596715611406, 997491.061304492177442 ], [ 991974.587228411925025, 997500.450838641612791 ], [ 991972.360074661322869, 997510.006735517294146 ], [ 991970.762785258237273, 997519.68752607004717 ], [ 991969.802013883716427, 997529.452183874091133 ], [ 991969.481861894135363, 997539.258798132883385 ], [ 991969.803878355072811, 997549.065347735653631 ], [ 991970.766505244304426, 997558.829701318754815 ], [ 991972.049432424944825, 997566.873265097965486 ], [ 991976.985913905198686, 997593.204306974075735 ], [ 991978.368994624819607, 997600.762629524455406 ], [ 991979.338605418452062, 997606.061041065375321 ], [ 991981.035451721400023, 997615.333012497168966 ], [ 991981.165353955002502, 997616.033643358503468 ], [ 991984.822907050838694, 997635.496933843474835 ], [ 991984.995442514307797, 997636.414963510236703 ], [ 991985.545364390360191, 997639.408015743712895 ], [ 991991.158384291571565, 997669.955018388107419 ], [ 991991.277849543723278, 997670.597042161505669 ], [ 991994.906971683260053, 997689.875333424191922 ], [ 991997.870510842767544, 997705.836359413922764 ], [ 991998.234784274362028, 997707.729808670817874 ], [ 992000.463742413907312, 997717.285147470072843 ], [ 992003.312878783908673, 997726.67422021809034 ], [ 992006.769982750876807, 997735.856665997998789 ], [ 992010.820291590993293, 997744.793561685015447 ], [ 992015.446379443514161, 997753.446316197398119 ], [ 992020.628490321920253, 997761.778107999125496 ], [ 992026.344316146103665, 997769.753000452299602 ], [ 992032.569551645894535, 997777.337158186128363 ], [ 992039.277561383787543, 997784.497741287807003 ], [ 992043.263815799262375, 997788.230564775527455 ], [ 992043.883347489289008, 997788.810731206438504 ], [ 992046.439490863820538, 997791.204342863988131 ], [ 992054.024821289582178, 997797.428214914514683 ], [ 992057.204476431244984, 997799.706317729549482 ], [ 992061.127774655353278, 997802.51701733993832 ], [ 992062.000814728206024, 997803.142489520949312 ], [ 992064.980242474819534, 997804.994874079362489 ], [ 992070.333512931596488, 997808.322952849790454 ], [ 992078.987182401004247, 997812.947492279578 ], [ 992080.956602999474853, 997813.839578102109954 ], [ 992087.924869251204655, 997816.995985762798227 ], [ 992092.254520468763076, 997818.625083941384219 ], [ 992097.108066368615255, 997820.451297092018649 ], [ 992106.497601101058535, 997823.298612321144901 ], [ 992110.659634172799997, 997824.349829539656639 ], [ 992130.837017898331396, 997829.139659476815723 ], [ 992134.407243152963929, 997829.987134797498584 ], [ 992135.504399247001857, 997830.243243676610291 ], [ 992155.446952675236389, 997834.819349077180959 ], [ 992173.396967418957502, 997839.263399743358605 ], [ 992176.899277514778078, 997840.086113390978426 ], [ 992202.690565106109716, 997845.818559439387172 ], [ 992228.152862648130395, 997851.8675299360184 ], [ 992229.32414572883863, 997852.140772984595969 ], [ 992229.49293027294334, 997852.179460029816255 ], [ 992240.073312615742907, 997854.603479635086842 ], [ 992251.518035256769508, 997857.225357334245928 ], [ 992255.764274571440183, 997858.133702685241587 ], [ 992256.629830798250623, 997858.276600352721289 ], [ 992259.350836472120136, 997858.725463900831528 ], [ 992265.445187784149311, 997859.730995726888068 ], [ 992275.209818938514218, 997860.691775120329112 ], [ 992285.016444293083623, 997861.011953432462178 ], [ 992294.823007435188629, 997860.689876013202593 ], [ 992304.58734132500831, 997859.727205674862489 ], [ 992314.267944947001524, 997858.128037916263565 ], [ 992323.823317524860613, 997855.89912218041718 ], [ 992333.212291455012746, 997853.049972384120338 ], [ 992342.394920004880987, 997849.592866852646694 ], [ 992351.331811502575874, 997845.542627212125808 ], [ 992359.984573193476535, 997840.916507773799822 ], [ 992364.331223970395513, 997838.213149324175902 ], [ 992365.193521849229001, 997839.0935160133522 ], [ 992372.355418615741655, 997845.80014647776261 ], [ 992379.940717969206162, 997852.024049168452621 ], [ 992387.916793099371716, 997857.738356023677625 ], [ 992396.249463927932084, 997862.918853094335645 ], [ 992404.903108040802181, 997867.543206436559558 ], [ 992413.840771698392928, 997871.591846766765229 ], [ 992423.023947850917466, 997875.047195393941365 ], [ 992432.413574897916988, 997877.894438202609308 ], [ 992438.12595370458439, 997879.30502540699672 ], [ 992465.289353535161354, 997885.449452213244513 ], [ 992490.257578132557683, 997891.345618648570962 ], [ 992511.586782909580506, 997896.40934610250406 ], [ 992516.984767729998566, 997897.586420509032905 ], [ 992526.665670451940969, 997899.183745155925862 ], [ 992536.430293135112152, 997900.144445873564109 ], [ 992542.206692872918211, 997900.332999183796346 ], [ 992546.236912086140364, 997900.464545665774494 ], [ 992551.938936138059944, 997900.355642612441443 ], [ 992552.299993646331131, 997901.234731177799404 ], [ 992556.350232752622105, 997910.171543327276595 ], [ 992560.976362514775246, 997918.824328814866021 ], [ 992561.682890666765161, 997920.03479769686237 ], [ 992571.33853469544556, 997936.39994753152132 ], [ 992571.659945233492181, 997936.941987703088671 ], [ 992579.711072367965244, 997950.457715460914187 ], [ 992590.758884762180969, 997969.059800218325108 ], [ 992590.885073748650029, 997969.271883655339479 ], [ 992601.76151509094052, 997987.516807886539027 ], [ 992605.890751908882521, 997994.054219506098889 ], [ 992611.606613169191405, 998002.029153262847103 ], [ 992617.831885405932553, 998009.613245455315337 ], [ 992624.539933511172421, 998016.77376657736022 ], [ 992631.701792350155301, 998023.480420098174363 ], [ 992634.964360162033699, 998026.259471902740188 ], [ 992648.059433807735331, 998037.095241812057793 ], [ 992648.191716230241582, 998037.204705218435265 ], [ 992659.844107176177204, 998046.824325123336166 ], [ 992664.034516779356636, 998050.159517175867222 ], [ 992672.010662449290976, 998055.873852158314548 ], [ 992680.343293829704635, 998061.054378627217375 ], [ 992688.99701061763335, 998065.67887307330966 ], [ 992693.611307410756126, 998067.769102070480585 ], [ 992697.93463727470953, 998069.727434361819178 ], [ 992706.015397132374346, 998072.767904259962961 ], [ 992707.117888863082044, 998073.182704805978574 ], [ 992715.043573327595368, 998075.629920460865833 ], [ 992726.461001051939093, 998078.812294994131662 ], [ 992736.007926523103379, 998081.473229151568376 ], [ 992753.754950206493959, 998086.53989090223331 ], [ 992756.123592699528672, 998087.195202111266553 ], [ 992765.679354047519155, 998089.422328075394034 ], [ 992775.360228073433973, 998091.019572027493268 ], [ 992785.124823840800673, 998091.980413474258967 ], [ 992794.931528712273575, 998092.300543539808132 ], [ 992799.876194289303385, 998092.218487254576758 ], [ 992816.372000259929337, 998091.672605264582671 ], [ 992831.092239264515229, 998091.236693858518265 ], [ 992831.711764185107313, 998091.2169546012301 ], [ 992833.131910804891959, 998091.169055616948754 ], [ 992848.134886595187709, 998090.66268155106809 ], [ 992852.897553127841093, 998090.425941495224833 ], [ 992861.17570158734452, 998089.609882204793394 ], [ 992862.661975518916734, 998089.463339184760116 ], [ 992872.015769438468851, 998087.918121312046424 ], [ 992872.015772995306179, 998087.918113003950566 ], [ 992872.3425613444997, 998087.864128328743391 ], [ 992881.897920896415599, 998085.635168651933782 ], [ 992891.286886624759063, 998082.786084363353439 ], [ 992895.933791542542167, 998081.036603372194804 ], [ 992900.469511805451475, 998079.328932348755188 ], [ 992909.406293851789087, 998075.278755129664205 ], [ 992909.957551847212017, 998075.005459359148517 ], [ 992937.47595411981456, 998061.29091819608584 ], [ 992945.577688985737041, 998056.938047234085388 ], [ 992953.909274333622307, 998051.755906705628149 ], [ 992961.884277612436563, 998046.04002207366284 ], [ 992969.468301399261691, 998039.814834757125936 ], [ 992976.443092929781415, 998033.292348469025455 ], [ 992986.873048152425326, 998022.896886667236686 ], [ 992987.059012032463215, 998022.711204094695859 ], [ 992987.267832971410826, 998022.501855085138232 ], [ 993002.11287213943433, 998007.595390728209168 ], [ 993018.781385463429615, 997990.872469662572257 ], [ 993032.809579791384749, 997976.890432964311913 ], [ 993032.995100053958595, 997976.705192863708362 ], [ 993033.252964265528135, 997976.446741539984941 ], [ 993046.456964316777885, 997963.175817950977944 ], [ 993052.905752935213968, 997956.272321023512632 ], [ 993059.129442559438758, 997948.687109840335324 ], [ 993064.843872534576803, 997940.711038202862255 ], [ 993070.024411151884124, 997932.378388379933313 ], [ 993074.648757058079354, 997923.724658855120651 ], [ 993077.999878367059864, 997916.44324500428047 ], [ 993084.048676788224839, 997902.317602841532789 ], [ 993096.022569854743779, 997888.358536070911214 ], [ 993100.98581193794962, 997882.242179966182448 ], [ 993101.180094271083362, 997882.002754384302534 ], [ 993105.656957664294168, 997875.754074754659086 ], [ 993106.894422340556048, 997874.02679660951253 ], [ 993108.334683645050973, 997871.71021260228008 ], [ 993112.074969741282985, 997865.694039199850522 ], [ 993114.976854735054076, 997860.425247615901753 ], [ 993128.734495854354464, 997834.216376199037768 ], [ 993130.456966423778795, 997830.831330708111636 ], [ 993134.505492677912116, 997821.893792211194523 ], [ 993137.960880004917271, 997812.710482558235526 ], [ 993140.808151102508418, 997803.320991095155478 ], [ 993141.757041673059575, 997799.587017555371858 ], [ 993150.187411794671789, 997764.531985909794457 ], [ 993151.465696097584441, 997758.710096657159738 ], [ 993153.063012354890816, 997749.029331224039197 ], [ 993154.023703480837867, 997739.264689248986542 ], [ 993154.343888991978019, 997729.458081389777362 ], [ 993154.110696118907072, 997721.113849617075175 ], [ 993153.221591047942638, 997705.19009285280481 ], [ 993153.186250978847966, 997704.578801876865327 ], [ 993151.7414956248831, 997680.47217947174795 ], [ 993151.688047296484001, 997679.621260144398548 ], [ 993150.725344557198696, 997669.856783587252721 ], [ 993149.126140826498158, 997660.176293058204465 ], [ 993146.897319354349747, 997650.620813688496128 ], [ 993144.048093799385242, 997641.231923349085264 ], [ 993142.345114522264339, 997636.480718625127338 ], [ 993137.794530356535688, 997624.427847715443932 ], [ 993137.732041583280079, 997624.262865636730567 ], [ 993131.405468236189336, 997607.565507876570337 ], [ 993129.713736989884637, 997603.299091344699264 ], [ 993125.663547486183234, 997594.362140854354948 ], [ 993122.547526301117614, 997588.533774402341805 ], [ 993121.037461179541424, 997585.709434475400485 ], [ 993115.855344244744629, 997577.377683615894057 ], [ 993115.102562059066258, 997576.327225286280736 ], [ 993111.972833515610546, 997571.960740128532052 ], [ 993111.045661789248697, 997570.667134865070693 ], [ 993110.139393140561879, 997569.402714835945517 ], [ 993103.914134510676377, 997561.818585195462219 ], [ 993097.206203298410401, 997554.658024605945684 ], [ 993091.748378286953084, 997549.46869091806002 ], [ 993073.770139796193689, 997533.214784460607916 ], [ 993073.683578431955539, 997533.136610925430432 ], [ 993060.707473497721367, 997521.423408892820589 ], [ 993039.941058368072845, 997502.672603464801796 ], [ 993039.914836591575295, 997501.018086807220243 ], [ 993040.027057379134931, 997497.578884796588682 ], [ 993039.705061545944773, 997487.772443539113738 ], [ 993038.902055565966293, 997479.625981722027063 ], [ 993041.540793902473524, 997477.571923015755601 ], [ 993048.315536193666048, 997471.972263972624205 ], [ 993055.134597770054825, 997465.584266843274236 ], [ 993055.476127864094451, 997465.264325105352327 ], [ 993062.182713168906048, 997458.102379180374555 ], [ 993068.406554190441966, 997450.51717020268552 ], [ 993074.120910523226485, 997442.540990162175149 ], [ 993079.301483195391484, 997434.208342444268055 ], [ 993079.870660358807072, 997433.213613357511349 ], [ 993088.524805919150822, 997417.952519068261608 ], [ 993089.019312163698487, 997417.073464672197588 ], [ 993089.573841975536197, 997416.080174487316981 ], [ 993097.078857229789719, 997402.635590885416605 ], [ 993108.022023147903383, 997383.220642349799164 ], [ 993111.885394137818366, 997375.901147003285587 ], [ 993115.933942117611878, 997366.963498286437243 ], [ 993119.389236798742786, 997357.780299709294923 ], [ 993122.236633657361381, 997348.39069826004561 ], [ 993124.463707600370981, 997338.834946579649113 ], [ 993126.061029678559862, 997329.153960532625206 ], [ 993127.021834231447428, 997319.389319279347546 ], [ 993127.342018833500333, 997309.582822913653217 ], [ 993127.340295177535154, 997308.89644433662761 ], [ 993127.261497471947223, 997292.030355500639416 ], [ 993136.997887691832148, 997283.943363273865543 ], [ 993140.069138541584834, 997281.321877708542161 ], [ 993147.229755150852725, 997274.613837159355171 ], [ 993150.058285934734158, 997271.593395176460035 ], [ 993153.936364867957309, 997267.452010204433464 ], [ 993160.160229635424912, 997259.866698491503485 ], [ 993165.874498011427931, 997251.890636308002286 ], [ 993171.055092842667364, 997243.557884667650796 ], [ 993175.679490623180754, 997234.904273776570335 ], [ 993179.728053079918027, 997225.966628814931028 ], [ 993183.183361397590488, 997216.783433502889238 ], [ 993186.030771001707762, 997207.393834833870642 ], [ 993188.257856723037548, 997197.838085430208594 ], [ 993189.855189583147876, 997188.157101153163239 ], [ 993190.815892912447453, 997178.392571733216755 ], [ 993191.136086146696471, 997168.585965498932637 ], [ 993190.813997145276517, 997158.779414101154543 ], [ 993189.851404762594029, 997149.015048903645948 ], [ 993188.252196191693656, 997139.334337616688572 ], [ 993186.023254770319909, 997129.779079450294375 ], [ 993183.174127028207295, 997120.390078166383319 ], [ 993179.717022661236115, 997111.207473831367679 ], [ 993175.666703604510985, 997102.270632237428799 ], [ 993171.040705901803449, 997093.617813128279522 ], [ 993165.858562978333794, 997085.286170271341689 ], [ 993160.142693298286758, 997077.311198476934806 ], [ 993153.91740171215497, 997069.727065417566337 ], [ 993147.209434275282547, 997062.566501009860076 ], [ 993140.047534292913042, 997055.85980220278725 ], [ 993132.462220486020669, 997049.63604938914068 ], [ 993124.486230772919953, 997043.921779402880929 ], [ 993116.153523538378067, 997038.741206756792963 ], [ 993107.499832536210306, 997034.116776492446661 ], [ 993098.562222951091826, 997030.068279582075775 ], [ 993089.378980411216617, 997026.612852928577922 ], [ 993079.989389103138819, 997023.765532265766524 ], [ 993070.433620734605938, 997021.538478141883388 ], [ 993068.460463816765696, 997021.159908224944957 ], [ 993050.097164450446144, 997017.764113180688582 ], [ 993048.007913275039755, 997017.139731451869011 ], [ 993033.416556364390999, 997012.779120869934559 ], [ 993029.27601114124991, 997011.605992694268934 ], [ 993025.791867167456076, 997010.717554448638111 ], [ 993001.156529750092886, 997004.748315908596851 ], [ 993000.591357117285952, 997004.612571527250111 ], [ 992975.475411594496109, 996998.629892094992101 ], [ 992947.806571573833935, 996991.875477359862998 ], [ 992946.956315440591425, 996991.670534592238255 ], [ 992919.847442816244438, 996985.220289420802146 ], [ 992890.817765512503684, 996978.186244135722518 ], [ 992887.300664143287577, 996977.334085532696918 ], [ 992887.076281653018668, 996977.279920647619292 ], [ 992882.7122533749789, 996976.229565287241712 ], [ 992870.23627645149827, 996973.2269564087037 ], [ 992854.007051583612338, 996969.32112484658137 ], [ 992848.16013348964043, 996968.036803331808187 ], [ 992838.47923597577028, 996966.439438481349498 ], [ 992828.714614263852127, 996965.478588816011325 ], [ 992818.907992987660691, 996965.158452707575634 ], [ 992809.101429473608732, 996965.480463947751559 ], [ 992799.336980763357133, 996966.443181177717634 ], [ 992789.656481727375649, 996968.042398520978168 ], [ 992780.101101180189289, 996970.271366763743572 ], [ 992770.712118627387099, 996973.120461534126662 ], [ 992761.529481728677638, 996976.577625797362998 ], [ 992752.592693980783224, 996980.62781682505738 ], [ 992743.939816059195437, 996985.253890962107107 ], [ 992735.608131614979357, 996990.436050652293488 ], [ 992727.63314852968324, 996996.151955132023431 ], [ 992720.049153826083057, 997002.377162670134567 ], [ 992712.888547842390835, 997009.085241255816072 ], [ 992706.181844171951525, 997016.2469944950426 ], [ 992699.958113700035028, 997023.832341474597342 ], [ 992694.243763801641762, 997031.808437005616724 ], [ 992689.06320426473394, 997040.14110907597933 ], [ 992684.438847271259874, 997048.794748324318789 ], [ 992680.390219703316689, 997057.732418683241121 ], [ 992676.934961800230667, 997066.915636105579324 ], [ 992674.087606610264629, 997076.305253376136534 ], [ 992671.860467682010494, 997085.860907080350444 ], [ 992671.601479854201898, 997087.19509544048924 ], [ 992660.462801377871074, 997097.613882153877057 ], [ 992640.153737575048581, 997116.535677290521562 ], [ 992639.796340495464392, 997116.86977666511666 ], [ 992615.543505911366083, 997139.614298894419335 ], [ 992593.095521050971001, 997160.544683935469948 ], [ 992570.192625615163706, 997180.778123356518336 ], [ 992563.430945080588572, 997187.134751219186001 ], [ 992556.724380817147903, 997194.296628329670057 ], [ 992552.703695006668568, 997199.196865549078211 ], [ 992550.500567552633584, 997201.881987725617364 ], [ 992544.786245438270271, 997209.857984140166081 ], [ 992539.605713200755417, 997218.190666683600284 ], [ 992537.38019862305373, 997222.355149380746298 ], [ 992535.83868126955349, 997225.239809546386823 ], [ 992534.981271926313639, 997226.844315378693864 ], [ 992530.932781284209341, 997235.781994081335142 ], [ 992527.511385233607143, 997244.874981159809977 ], [ 992522.172086247941479, 997243.99392650264781 ], [ 992519.028319384437054, 997243.475262713152915 ], [ 992509.26372710976284, 997242.514452506205998 ], [ 992499.457138009602204, 997242.194356108782813 ], [ 992489.650609272764996, 997242.516407135990448 ], [ 992479.886197785148397, 997243.479053491260856 ], [ 992470.205516330199316, 997245.078199722338468 ], [ 992464.352085642516613, 997246.36525652220007 ], [ 992451.036362521816045, 997249.573265708168037 ], [ 992450.159959006123245, 997249.787213083938695 ], [ 992435.872855677851476, 997253.320536679239012 ], [ 992412.153711511171423, 997259.176747867488302 ], [ 992409.273390962043777, 997259.91824907483533 ], [ 992399.884455241495743, 997262.767388384323567 ], [ 992390.701867293566465, 997266.224485717131756 ], [ 992381.765019451500848, 997270.274829914909787 ], [ 992373.112194083514623, 997274.900834798696451 ], [ 992364.780452691134997, 997280.08292381640058 ], [ 992358.977007297798991, 997284.163270071847364 ], [ 992347.010093507473357, 997293.007612711866386 ], [ 992331.158172414987348, 997294.620969796436839 ], [ 992330.341679931501858, 997294.706417151144706 ], [ 992301.942330810707062, 997297.754122598678805 ], [ 992298.910950548597611, 997298.079504574183375 ], [ 992295.276345495483838, 997298.469564447645098 ], [ 992294.677347933873534, 997298.535086503252387 ], [ 992273.40794586611446, 997300.904139079619199 ], [ 992252.582838780479506, 997303.056746368296444 ], [ 992252.014467842644081, 997303.11662612168584 ], [ 992217.947839082917199, 997306.76912910991814 ], [ 992214.34697807347402, 997307.199310456169769 ], [ 992204.666309198481031, 997308.798489135573618 ], [ 992200.652914774604142, 997309.683311617234722 ], [ 992199.638243633322418, 997309.90703018498607 ], [ 992199.339750955114141, 997309.972831591847353 ], [ 992198.64987944776658, 997310.124948508222587 ], [ 992195.332910617580637, 997310.927983486209996 ], [ 992193.318691475433297, 997311.415645873639733 ], [ 992191.14142591250129, 997311.942757034557872 ], [ 992183.230835216585547, 997313.85802790930029 ], [ 992174.627932273084298, 997315.926301588886417 ] ] ] } }
]
}
