{
"type": "FeatureCollection",
"name": "humedales_boundary",
"crs": { "type": "name", "properties": { "name": "urn:ogc:def:crs:EPSG::4686" } },
"features": [
{ "type": "Feature", "properties": { "nombre": "Humedal de Capellania o Cofradia", "id": 0, "cobertura": "Arbustales", "periodo": 2014, "fechaini": "2000-01-01T00:00:00", "fechafin": "2020-01-01T00:00:00", "Shape_Leng": 0.00015286422621600001, "Shape_Area": 9.1208844447399999e-10 }, "geometry": { "type": "Polygon", "coordinates": [ [ [ -74.135417491999988, 4.669423023000036 ], [ -74.135502114999952, 4.669448781000028 ], [ -74.135569618999966, 4.669473803000074 ], [ -74.135839894999947, 4.669582281000032 ], [ -74.135855155999934, 4.669588515000044 ], [ -74.135935704999952, 4.669625135000047 ], [ -74.136013694999974, 4.669666962000065 ], [ -74.136088790999963, 4.669713820000027 ], [ -74.136160672999949, 4.669765503000065 ], [ -74.136229030999971, 4.66982179200005 ], [ -74.136256524999965, 4.66984762900006 ], [ -74.136293573999978, 4.669882448000067 ], [ -74.136309711999957, 4.669899736000048 ], [ -74.136354024999946, 4.669947209000043 ], [ -74.136374143999944, 4.669971807000024 ], [ -74.136410124999941, 4.670015799000055 ], [ -74.136413878999974, 4.670021055000063 ], [ -74.136461632999954, 4.67008792300004 ], [ -74.136491092999961, 4.670135457000072 ], [ -74.136508330999959, 4.670163272000025 ], [ -74.136532835999958, 4.670209272000022 ], [ -74.136550016999934, 4.670241524000062 ], [ -74.136586511999951, 4.670322346000034 ], [ -74.136617660999946, 4.670405388000063 ], [ -74.136643330999959, 4.670490296000025 ], [ -74.136663410999972, 4.670576708000056 ], [ -74.136677814999985, 4.670664252000051 ], [ -74.13668648099997, 4.670752553000057 ], [ -74.136689373999957, 4.670841235000069 ], [ -74.136688268999933, 4.670875088000059 ], [ -74.136686478999934, 4.670929917000024 ], [ -74.136677809999981, 4.671018218000029 ], [ -74.136663402999943, 4.671105762000025 ], [ -74.136643320999951, 4.671192173000065 ], [ -74.136617648999959, 4.671277081000028 ], [ -74.136586496999939, 4.671360123000056 ], [ -74.136574073999952, 4.671389248000025 ], [ -74.13652166199995, 4.671508258000074 ], [ -74.13653243899995, 4.67153363400007 ], [ -74.136563588999934, 4.671616677000031 ], [ -74.136589257999958, 4.671701585000051 ], [ -74.136609337999971, 4.671787997000024 ], [ -74.136611885999969, 4.671803259000058 ], [ -74.136622910999961, 4.67186932200002 ], [ -74.136628756999983, 4.671912333000023 ], [ -74.136652121689991, 4.672084268824862 ], [ -74.13665999899996, 4.672142234000034 ], [ -74.13667135299994, 4.67222578600007 ], [ -74.13667229674212, 4.672232731626098 ], [ -74.136672972999975, 4.672237708000068 ], [ -74.136676960999978, 4.672267059000035 ], [ -74.136677791999944, 4.672273279000024 ], [ -74.136678504999963, 4.672280543000056 ], [ -74.136680287838246, 4.672298706925803 ], [ -74.136686418948429, 4.672361171946554 ], [ -74.136686418999943, 4.672361172000024 ], [ -74.136686458999975, 4.672361580000029 ], [ -74.136689350999973, 4.672450262000041 ], [ -74.136688451999987, 4.672477831000037 ], [ -74.13668645599995, 4.672538944000053 ], [ -74.13667778699994, 4.672627245000058 ], [ -74.136663380999948, 4.672714789000054 ], [ -74.136643298999957, 4.672801201000027 ], [ -74.136617625999975, 4.672886108000057 ], [ -74.136586474999945, 4.672969150000029 ], [ -74.136549976999959, 4.673049969000033 ], [ -74.136508288999948, 4.67312822100007 ], [ -74.136461588999964, 4.673203569000066 ], [ -74.136410077999983, 4.673275691000072 ], [ -74.136376113999972, 4.673318298000027 ], [ -74.136180420999949, 4.673553908000031 ], [ -74.136126511999976, 4.673647778000031 ], [ -74.136125925999977, 4.673648798000045 ], [ -74.136079225999936, 4.67372414600004 ], [ -74.136027714999955, 4.673796269000036 ], [ -74.135971612999981, 4.673864857000069 ], [ -74.135970967999981, 4.673865594000063 ], [ -74.135627795999937, 4.674257630000056 ], [ -74.135567987999934, 4.67432165200006 ], [ -74.135503442999948, 4.67438230700003 ], [ -74.135435081999958, 4.674438594000037 ], [ -74.135363198999983, 4.674490275000039 ], [ -74.135288100999958, 4.674537129000043 ], [ -74.135210108999956, 4.674578955000072 ], [ -74.135181572999954, 4.674592659000041 ], [ -74.135027331999936, 4.674664520000022 ], [ -74.134975316999942, 4.674687433000031 ], [ -74.134957673999963, 4.674694097000042 ], [ -74.13489255099995, 4.674718687000052 ], [ -74.134815002999972, 4.674742520000052 ], [ -74.134755910999957, 4.674758750000024 ], [ -74.134744659999967, 4.674761840000031 ], [ -74.134743867999987, 4.674762889000021 ], [ -74.134739094999986, 4.674769168000068 ], [ -74.134682992999956, 4.674837755000055 ], [ -74.134622538999963, 4.674902514000053 ], [ -74.134557993999977, 4.674963167000044 ], [ -74.134489632999987, 4.67501945600003 ], [ -74.134417748999965, 4.675071137000032 ], [ -74.13434265099994, 4.675117990000047 ], [ -74.134264658999939, 4.675159816000075 ], [ -74.134184107999943, 4.675196433000053 ], [ -74.134141122999949, 4.675213439000061 ], [ -74.134066344999951, 4.675241550000067 ], [ -74.134026563999953, 4.675255798000023 ], [ -74.133990691999941, 4.675266716000067 ], [ -74.133968097999968, 4.675273592000053 ], [ -74.133965899006029, 4.675274261224022 ], [ -74.133951320999984, 4.675278698000056 ], [ -74.133941938999953, 4.675281553000048 ], [ -74.13390308299995, 4.675291366000067 ], [ -74.133902095999986, 4.675291615000049 ], [ -74.133805088999964, 4.675342659000023 ], [ -74.133816750999983, 4.675395879000064 ], [ -74.133831154999939, 4.67548342300006 ], [ -74.133834923999984, 4.675521816000071 ], [ -74.133839820999981, 4.675571724000065 ], [ -74.133839956999964, 4.675573830000076 ], [ -74.133850586999984, 4.675591977000067 ], [ -74.133892272999958, 4.675670231000026 ], [ -74.133928767999976, 4.67575105100002 ], [ -74.133947488999979, 4.675800960000061 ], [ -74.13395991699997, 4.675834094000038 ], [ -74.133985586999984, 4.675919002000057 ], [ -74.13400566599995, 4.67600541500002 ], [ -74.134020069999963, 4.676092958000027 ], [ -74.134028735999948, 4.676181259000032 ], [ -74.134031627999946, 4.676269941000044 ], [ -74.13402873299998, 4.676358623000056 ], [ -74.134020063999969, 4.676446924000061 ], [ -74.134005656999989, 4.676534467000067 ], [ -74.133985573999951, 4.676620879000041 ], [ -74.133966387999976, 4.676684336000051 ], [ -74.133959901999958, 4.67670578700006 ], [ -74.133928748999949, 4.676788828000042 ], [ -74.133892250999963, 4.676869647000046 ], [ -74.133850561999964, 4.676947898000037 ], [ -74.133803861999979, 4.677023247000022 ], [ -74.133752349999952, 4.677095369000028 ], [ -74.133696247999978, 4.677163957000062 ], [ -74.133664759999988, 4.677198744000066 ], [ -74.133601960999954, 4.677265756000054 ], [ -74.133597148999968, 4.677307385000063 ], [ -74.133582741999987, 4.677394928000069 ], [ -74.133562658999949, 4.677481339000053 ], [ -74.133536985999967, 4.677566246000026 ], [ -74.133505833999948, 4.677649289000044 ], [ -74.133469335999962, 4.677730108000048 ], [ -74.133427646999962, 4.677808359000039 ], [ -74.133393510999952, 4.677863435000063 ], [ -74.133380945999988, 4.677883706000046 ], [ -74.133375303999969, 4.677891621000072 ], [ -74.133348238077701, 4.677929576517315 ], [ -74.133330705999981, 4.677954164000028 ], [ -74.133306379999965, 4.677986073000056 ], [ -74.133305108999934, 4.67798773800007 ], [ -74.133249005999971, 4.678056326000046 ], [ -74.133188551999979, 4.678121084000054 ], [ -74.133124006999935, 4.678181738000035 ], [ -74.133055644999956, 4.678238025000041 ], [ -74.132983760999934, 4.678289707000033 ], [ -74.132911496999952, 4.678334792000044 ], [ -74.132908662999967, 4.678336560000048 ], [ -74.132830669999976, 4.67837838500003 ], [ -74.132750117999933, 4.678415002000065 ], [ -74.132667351999942, 4.67844625500004 ], [ -74.132582726999942, 4.678472011000053 ], [ -74.132496601999947, 4.678492157000051 ], [ -74.13248952899994, 4.678493549000052 ], [ -74.132455053999934, 4.678524953000021 ], [ -74.132386691999955, 4.678581241000074 ], [ -74.132314807999933, 4.678632922000077 ], [ -74.132239708999975, 4.678679776000024 ], [ -74.132161716999974, 4.678721601000063 ], [ -74.132081164999988, 4.678758218000041 ], [ -74.13199839899994, 4.678789471000073 ], [ -74.131913772999951, 4.67881522600004 ], [ -74.131827647999955, 4.678835372000037 ], [ -74.131781043999979, 4.678843823000022 ], [ -74.131724014999975, 4.678853133000075 ], [ -74.131683365999947, 4.67885913300006 ], [ -74.13159535799997, 4.678867828000023 ], [ -74.131591283999967, 4.678867962000027 ], [ -74.131559852206522, 4.678868993908418 ], [ -74.131538651999961, 4.678869690000056 ], [ -74.131506971999954, 4.678870730000028 ], [ -74.131418584999949, 4.678867824000065 ], [ -74.131330577999961, 4.678859125000031 ], [ -74.131243325999947, 4.678844670000046 ], [ -74.131179545999942, 4.678830322000067 ], [ -74.131097290999946, 4.678809711000042 ], [ -74.131074946999945, 4.678803909000067 ], [ -74.130990322999935, 4.678778150000028 ], [ -74.130907557999933, 4.678746893000039 ], [ -74.130827006999937, 4.678710272000046 ], [ -74.130749016999971, 4.678668444000039 ], [ -74.130710919999956, 4.678644674000054 ], [ -74.130675564999933, 4.678622614000062 ], [ -74.130673919999936, 4.678621587000066 ], [ -74.130612108999969, 4.67857758100007 ], [ -74.130323779999969, 4.678359862000036 ], [ -74.130172638999966, 4.67824573200005 ], [ -74.130162567999946, 4.67823805300003 ], [ -74.130094208999935, 4.678181763000055 ], [ -74.130029665999984, 4.678121107000038 ], [ -74.12996921499996, 4.678056346000062 ], [ -74.129913114999965, 4.67798775600005 ], [ -74.129861606999953, 4.677915631000076 ], [ -74.129822974999968, 4.677854110000055 ], [ -74.129649674999939, 4.677560981000056 ], [ -74.129630545999987, 4.677557312000033 ], [ -74.129558733999943, 4.67754300200005 ], [ -74.129523515999949, 4.677535984000031 ], [ -74.129083858999934, 4.677448369000047 ], [ -74.129011591999983, 4.677455079000026 ], [ -74.128923204999978, 4.677457980000042 ], [ -74.128834818999962, 4.677455074000022 ], [ -74.128746811999974, 4.677446375000045 ], [ -74.128710955999964, 4.677440551000075 ], [ -74.128667886999949, 4.677433554000061 ], [ -74.128612215999965, 4.677617724000072 ], [ -74.128558085999941, 4.677796793000027 ], [ -74.128544527999964, 4.677839128000073 ], [ -74.128513374999955, 4.677922169000055 ], [ -74.128487446999941, 4.677980986000023 ], [ -74.128462040999977, 4.678035111000042 ], [ -74.128295076999962, 4.678390799000056 ], [ -74.128172731999939, 4.678651436000052 ], [ -74.128162160999977, 4.678673438000033 ], [ -74.128120471999978, 4.678751689000023 ], [ -74.128088932999958, 4.678803757000026 ], [ -74.1280397748897, 4.678880950339098 ], [ -74.128032209999958, 4.678892831000041 ], [ -74.127989344999946, 4.678960142000051 ], [ -74.127772329999971, 4.679300921000049 ], [ -74.12775716799996, 4.679324199000064 ], [ -74.127705654999943, 4.67939632100007 ], [ -74.12764955199998, 4.679464908000057 ], [ -74.127589096999941, 4.679529666000064 ], [ -74.127588817999936, 4.679529946000059 ], [ -74.127487701999939, 4.679631336000057 ], [ -74.127434662999974, 4.679684518000045 ], [ -74.127370395999947, 4.679744890000052 ], [ -74.127302033999968, 4.679801177000058 ], [ -74.127230149999946, 4.679852857000071 ], [ -74.127155049999942, 4.679899710000029 ], [ -74.127077057999941, 4.679941535000069 ], [ -74.126996504999966, 4.679978152000047 ], [ -74.126932971999963, 4.680002693000063 ], [ -74.126734575999933, 4.68007362000003 ], [ -74.12672287099997, 4.680077804000064 ], [ -74.126703636999935, 4.680084517000068 ], [ -74.126702802999944, 4.680084771000054 ], [ -74.126619010999946, 4.680110271000046 ], [ -74.12653288599995, 4.680130417000044 ], [ -74.126445632999946, 4.680144867000024 ], [ -74.126357625999958, 4.680153562000044 ], [ -74.126269238999953, 4.68015646300006 ], [ -74.126180851999948, 4.68015355700004 ], [ -74.12609284499996, 4.680144857000073 ], [ -74.126005592999945, 4.680130401000042 ], [ -74.125919468999939, 4.680110251000031 ], [ -74.125834843999939, 4.680084491000059 ], [ -74.125752079999984, 4.68005323400007 ], [ -74.125735166999959, 4.680045545000041 ], [ -74.125699639999937, 4.68002939400003 ], [ -74.125671528999987, 4.680016613000021 ], [ -74.125593538999965, 4.679974784000024 ], [ -74.125518442999976, 4.679927926000062 ], [ -74.125446560999933, 4.679876242000034 ], [ -74.125378201999979, 4.67981995100007 ], [ -74.125317346999964, 4.679762981000067 ], [ -74.12512950699994, 4.679575948000036 ], [ -74.125125818999948, 4.679572261000033 ], [ -74.12506536799998, 4.679507500000057 ], [ -74.125009268999975, 4.679438909000055 ], [ -74.124957760999962, 4.67936678500007 ], [ -74.124911063999946, 4.679291435000039 ], [ -74.124869378999961, 4.679213181000023 ], [ -74.124858897999957, 4.679189970000039 ], [ -74.124789087999943, 4.67917363600003 ], [ -74.124704463999933, 4.679147877000048 ], [ -74.124621698999988, 4.679116619000069 ], [ -74.124541148999981, 4.67907999800002 ], [ -74.124463158999959, 4.679038169000023 ], [ -74.124388062999969, 4.678991311000061 ], [ -74.124316180999983, 4.678939627000034 ], [ -74.124247821999973, 4.678883335000023 ], [ -74.124183279999954, 4.678822678000074 ], [ -74.124122828999987, 4.678757917000041 ], [ -74.124066729999981, 4.678689327000029 ], [ -74.124028339999938, 4.678636539000024 ], [ -74.123825750608148, 4.678343385150773 ], [ -74.123824507392328, 4.678341586218585 ], [ -74.123816292999948, 4.678329700000063 ], [ -74.123628341999961, 4.678057728000056 ], [ -74.123615223999934, 4.67803839100003 ], [ -74.12358949299994, 4.677996872000051 ], [ -74.12358044826145, 4.677982276600666 ], [ -74.123572409999952, 4.677969306000023 ], [ -74.123568527999964, 4.677963041000055 ], [ -74.123526842999979, 4.677884787000039 ], [ -74.123503397999968, 4.677832866000074 ], [ -74.123490348999951, 4.677803966000056 ], [ -74.12348269499995, 4.677783562000059 ], [ -74.123459199999957, 4.677720923000038 ], [ -74.123433531999979, 4.677636014000029 ], [ -74.123413453999945, 4.677549601000067 ], [ -74.123399051999968, 4.677462057000071 ], [ -74.123390386999972, 4.677373756000065 ], [ -74.123387495999964, 4.677285074000054 ], [ -74.123390391999976, 4.677196392000042 ], [ -74.123399062999965, 4.677108091000036 ], [ -74.123413470999935, 4.67702054800003 ], [ -74.123433554999963, 4.676934137000046 ], [ -74.123459228999934, 4.676849230000073 ], [ -74.123490382999989, 4.676766189000034 ], [ -74.123526881999965, 4.67668537000003 ], [ -74.123568571999954, 4.676607120000028 ], [ -74.123615272999984, 4.676531772000033 ], [ -74.123616250999987, 4.676530402000026 ], [ -74.123666785999944, 4.676459650000027 ], [ -74.123722888999964, 4.676391064000029 ], [ -74.123783343999946, 4.676326306000021 ], [ -74.123847889999979, 4.67626565300003 ], [ -74.123916251999958, 4.676209366000023 ], [ -74.123988136999969, 4.676157686000067 ], [ -74.12403528599998, 4.676128271000039 ], [ -74.124063235999984, 4.676110834000042 ], [ -74.124105223999948, 4.676087500000051 ], [ -74.124666064999985, 4.675788763000071 ], [ -74.124702069999955, 4.675770273000069 ], [ -74.124782621999941, 4.675733656000034 ], [ -74.124835437999934, 4.675712999000041 ], [ -74.125432398999976, 4.67549387400004 ], [ -74.125434146999964, 4.675483801000041 ], [ -74.12543919899997, 4.675454699000056 ], [ -74.125445129999946, 4.675422795000031 ], [ -74.125465213999973, 4.675336383000058 ], [ -74.125490887999945, 4.675251477000074 ], [ -74.125522040999954, 4.675168435000046 ], [ -74.125526520999983, 4.675157713000033 ], [ -74.12568104199994, 4.674792342000046 ], [ -74.125699897999937, 4.674749803000054 ], [ -74.125905503999945, 4.674306604000037 ], [ -74.125918666999951, 4.674279046000038 ], [ -74.12596035599995, 4.674200794000058 ], [ -74.126007057999971, 4.674125447000051 ], [ -74.126058569999941, 4.674053326000035 ], [ -74.126077370999951, 4.674030341000048 ], [ -74.126114672999961, 4.673984739000048 ], [ -74.126175126999954, 4.673919980000051 ], [ -74.12623967199994, 4.673859327000059 ], [ -74.126308033999976, 4.673803041000042 ], [ -74.126379917999941, 4.673751361000029 ], [ -74.126455016999955, 4.673704508000071 ], [ -74.126523265999936, 4.67366755300003 ], [ -74.126610701999937, 4.673623410000062 ], [ -74.126660147999985, 4.673598447000074 ], [ -74.126728700999934, 4.673563839000053 ], [ -74.127072571999975, 4.673390237000035 ], [ -74.127082314999939, 4.673385368000027 ], [ -74.127162865999935, 4.673348751000049 ], [ -74.127245631999983, 4.673317498000074 ], [ -74.127330256999983, 4.67329174300005 ], [ -74.127416381999979, 4.673271597000053 ], [ -74.127502707999952, 4.673257299000056 ], [ -74.127503633999936, 4.673257147000072 ], [ -74.127591639999935, 4.673248452000053 ], [ -74.12768002599995, 4.673245551000036 ], [ -74.127768411999966, 4.673248457000057 ], [ -74.127856418999954, 4.673257156000034 ], [ -74.127943669999979, 4.673271612000065 ], [ -74.128029792999939, 4.673291762000076 ], [ -74.128114416999949, 4.673317521000058 ], [ -74.128119058999971, 4.67331927400005 ], [ -74.128197180999962, 4.673348779000037 ], [ -74.128277729999979, 4.673385400000029 ], [ -74.128355719999945, 4.673427228000037 ], [ -74.128414168999939, 4.673463101000038 ], [ -74.128576442999986, 4.673568459000023 ], [ -74.128708548999953, 4.673612646000038 ], [ -74.129074089999961, 4.673621825000055 ], [ -74.129098246999945, 4.673558331000038 ], [ -74.129134745999977, 4.673477512000034 ], [ -74.129176434999977, 4.673399261000043 ], [ -74.129223134999961, 4.673323913000047 ], [ -74.129274646999988, 4.67325179200003 ], [ -74.129330749999951, 4.673183204000054 ], [ -74.129391203999944, 4.673118446000046 ], [ -74.129404028999943, 4.673105749000058 ], [ -74.129746390999969, 4.672771297000054 ], [ -74.129753083999958, 4.672765091000031 ], [ -74.129798110999957, 4.672723341000051 ], [ -74.129866471999946, 4.672667053000055 ], [ -74.129877557713613, 4.672659082926492 ], [ -74.129894905999947, 4.672646610000072 ], [ -74.129938355999968, 4.672615372000053 ], [ -74.130005073999939, 4.672573413000066 ], [ -74.13005233399997, 4.672545582000055 ], [ -74.13016614299994, 4.672478561000048 ], [ -74.130357765999975, 4.672204597000075 ], [ -74.130391826999983, 4.672158042000035 ], [ -74.130447929999946, 4.672089454000059 ], [ -74.130508382999949, 4.672024696000051 ], [ -74.130572927999935, 4.67196404200007 ], [ -74.130641288999982, 4.671907755000063 ], [ -74.13067818899998, 4.67188122500005 ], [ -74.130713172999947, 4.671856075000051 ], [ -74.13078244899998, 4.671812853000063 ], [ -74.130788270999972, 4.671809221000046 ], [ -74.130866262999973, 4.671767396000064 ], [ -74.130939566999984, 4.671733815000039 ], [ -74.130952458999957, 4.671718847000022 ], [ -74.130967021999936, 4.67170324600005 ], [ -74.13101291199996, 4.671654088000025 ], [ -74.131047627999976, 4.671620480000058 ], [ -74.131060331999947, 4.671608612000057 ], [ -74.131077330354643, 4.671592734151612 ], [ -74.131095099999982, 4.671576135000066 ], [ -74.131132047999984, 4.671541621000074 ], [ -74.131149923307603, 4.671524924122458 ], [ -74.131168394999975, 4.67150766900005 ], [ -74.131268040999942, 4.671414588000061 ], [ -74.131277426999986, 4.671405821000064 ], [ -74.131304745999955, 4.671380302000046 ], [ -74.131570176999958, 4.671132359000069 ], [ -74.131600006999975, 4.671105314000044 ], [ -74.131664163999972, 4.671052277000058 ], [ -74.131974139999954, 4.670811689000061 ], [ -74.132157742999937, 4.670543269000063 ], [ -74.132157852975965, 4.670543108270675 ], [ -74.132165788999941, 4.670531506000032 ], [ -74.132169629999964, 4.670525892000057 ], [ -74.132211739999946, 4.670467699000028 ], [ -74.132267841999976, 4.670399111000052 ], [ -74.132328295999969, 4.670334353000044 ], [ -74.132392840999955, 4.670273700000052 ], [ -74.132461200999956, 4.670217411000067 ], [ -74.132533084999977, 4.670165731000054 ], [ -74.132608181999956, 4.67011887700005 ], [ -74.132686173999957, 4.670077052000067 ], [ -74.132766724999954, 4.670040435000033 ], [ -74.132849489999955, 4.670009182000058 ], [ -74.132934113999966, 4.669983426000044 ], [ -74.133020237999972, 4.669963280000047 ], [ -74.133107489999986, 4.669948828000031 ], [ -74.133195495999985, 4.669940132000022 ], [ -74.133283880999954, 4.669937231000063 ], [ -74.133332989999985, 4.669938127000023 ], [ -74.133514309999953, 4.669944746000056 ], [ -74.13403262199995, 4.669712008000033 ], [ -74.1340808282838, 4.669690362236002 ], [ -74.134109474999946, 4.669677499000045 ], [ -74.134159260164054, 4.669655143049431 ], [ -74.134166605999951, 4.669651844000043 ], [ -74.13426617265624, 4.669607135870753 ], [ -74.134506697999939, 4.669499133000045 ], [ -74.134515673999942, 4.669495103000031 ], [ -74.134550569999988, 4.669480020000037 ], [ -74.134633335, 4.669448767000063 ], [ -74.134717959999989, 4.669423011000049 ], [ -74.134804082999949, 4.669402864000062 ], [ -74.134891334999963, 4.669388413000036 ], [ -74.134979340999962, 4.669379717000027 ], [ -74.135067726999978, 4.669376815000021 ], [ -74.135141214999976, 4.669379230000061 ], [ -74.135156111999947, 4.669379720000052 ], [ -74.135181657999965, 4.669382245000065 ], [ -74.135244117999946, 4.669388419000029 ], [ -74.135298489999968, 4.669397426000046 ], [ -74.135331368999971, 4.669402873000024 ], [ -74.135417491999988, 4.669423023000036 ] ], [ [ -74.133951320873862, 4.675278697814456 ], [ -74.133951320873862, 4.675278697814457 ], [ -74.133951320999984, 4.675278698000056 ], [ -74.133951320873862, 4.675278697814456 ] ], [ [ -74.133834923022903, 4.675521816745102 ], [ -74.133834923022903, 4.675521816745106 ], [ -74.133834923999984, 4.675521816000071 ], [ -74.133834923022903, 4.675521816745102 ] ], [ [ -74.12358949334444, 4.677996871816212 ], [ -74.12358949334444, 4.67799687181621 ], [ -74.12358949299994, 4.677996872000051 ], [ -74.12358949334444, 4.677996871816212 ] ], [ [ -74.125434147469576, 4.675483801015275 ], [ -74.125434147469576, 4.675483801015274 ], [ -74.125434146999964, 4.675483801000041 ], [ -74.125434147469576, 4.675483801015275 ] ], [ [ -74.126610702651291, 4.673623410787124 ], [ -74.126610702651291, 4.673623410787121 ], [ -74.126610701999937, 4.673623410000062 ], [ -74.126610702651291, 4.673623410787124 ] ], [ [ -74.127502708968791, 4.67325730019656 ], [ -74.127502708968791, 4.67325730019656 ], [ -74.127502707999952, 4.673257299000056 ], [ -74.127502708968791, 4.67325730019656 ] ], [ [ -74.12811905885404, 4.673319274118263 ], [ -74.12811905885404, 4.673319274118263 ], [ -74.128119058999971, 4.67331927400005 ], [ -74.12811905885404, 4.673319274118263 ] ], [ [ -74.129753084028323, 4.672765091066804 ], [ -74.129753084028323, 4.672765091066803 ], [ -74.129753083999958, 4.672765091000031 ], [ -74.129753084028323, 4.672765091066804 ] ], [ [ -74.130678189413842, 4.671881225961751 ], [ -74.130678189413842, 4.671881225961747 ], [ -74.13067818899998, 4.67188122500005 ], [ -74.130678189413842, 4.671881225961751 ] ], [ [ -74.131132048503659, 4.671541621668294 ], [ -74.131132048503659, 4.671541621668291 ], [ -74.131132047999984, 4.671541621000074 ], [ -74.131132048503659, 4.671541621668294 ] ] ] } },
{ "type": "Feature", "properties": { "nombre": "Humedal de Cordoba y Niza", "id": 0, "cobertura": "Espejo de Agua", "periodo": 2014, "fechaini": "2000-01-01T00:00:00", "fechafin": "2020-01-01T00:00:00", "Shape_Leng": 0.0084077369414399996, "Shape_Area": 2.9094909943100001e-06 }, "geometry": { "type": "Polygon", "coordinates": [ [ [ -74.081493340999941, 4.702344234000066 ], [ -74.081562417999976, 4.702386718000071 ], [ -74.081576085999984, 4.702395125000066 ], [ -74.08165497799996, 4.702451842000073 ], [ -74.081729607999989, 4.702514095000026 ], [ -74.081799593999961, 4.702581561000045 ], [ -74.081864571999972, 4.702653892000058 ], [ -74.081924209999954, 4.70273071500003 ], [ -74.081978197999945, 4.702811633000067 ], [ -74.082026258999974, 4.702896232000057 ], [ -74.082068143999948, 4.702984072000049 ], [ -74.082103637999978, 4.703074703000027 ], [ -74.082135254999969, 4.703164874000038 ], [ -74.082236190999936, 4.70345274500005 ], [ -74.082258820999982, 4.703517287000068 ], [ -74.082339744352808, 4.703748082773975 ], [ -74.082471544999976, 4.70412398000002 ], [ -74.082478371999969, 4.70414345100005 ], [ -74.082490134999944, 4.704177710000067 ], [ -74.082511792999981, 4.704247103000057 ], [ -74.082518896999943, 4.704269865000072 ], [ -74.08252684019871, 4.704303573647147 ], [ -74.082538136999972, 4.704351511000027 ], [ -74.082541041999946, 4.704363842000021 ], [ -74.082547053999974, 4.704401005000022 ], [ -74.082556460999967, 4.704459163000024 ], [ -74.082561340999973, 4.704513662000068 ], [ -74.082565071999966, 4.704555343000038 ], [ -74.082566835999955, 4.704651894000051 ], [ -74.082561738999971, 4.704748326000072 ], [ -74.082549810999978, 4.704844151000032 ], [ -74.082531109999934, 4.704938878000064 ], [ -74.082505731999959, 4.705032028000062 ], [ -74.082473805999939, 4.705123128000025 ], [ -74.082435492999934, 4.705211716000065 ], [ -74.082390989999965, 4.705297341000062 ], [ -74.082340520999935, 4.705379568000069 ], [ -74.082284342999969, 4.705457980000062 ], [ -74.082222740999953, 4.705532179000045 ], [ -74.082218202999968, 4.705536914000049 ], [ -74.082158362999962, 4.705599351000046 ], [ -74.082156027999986, 4.705601787000035 ], [ -74.082084541999961, 4.705666450000024 ], [ -74.082008648999988, 4.705725843000039 ], [ -74.081928730999948, 4.705779661000065 ], [ -74.08184519699995, 4.705827631000034 ], [ -74.081758468999965, 4.705869509000024 ], [ -74.081668987999933, 4.705905084000051 ], [ -74.081616575999988, 4.705921697000065 ], [ -74.081577208999988, 4.705934175000039 ], [ -74.081483597999977, 4.705956633000028 ], [ -74.081388629999935, 4.705972344000031 ], [ -74.081372779999981, 4.70597381400006 ], [ -74.081292787999985, 4.70598123000002 ], [ -74.081196558999977, 4.705983243000048 ], [ -74.081100431999971, 4.705978377000065 ], [ -74.081004893999989, 4.705966652000029 ], [ -74.08091043099995, 4.705948131000071 ], [ -74.080873807999978, 4.705939844000056 ], [ -74.080443105999962, 4.705839610000055 ], [ -74.080311399051126, 4.705808958047283 ], [ -74.080249333882378, 4.705794514114574 ], [ -74.080221818999973, 4.705788111000061 ], [ -74.079921291756079, 4.705718170935984 ], [ -74.07968957099996, 4.705664244000047 ], [ -74.079636202885098, 4.705651823815101 ], [ -74.079624790999958, 4.705649168000036 ], [ -74.079094282999961, 4.70552570600006 ], [ -74.079049160999944, 4.70551520500004 ], [ -74.078815427999984, 4.705460809000044 ], [ -74.078582303716729, 4.705406554838894 ], [ -74.078475499999968, 4.705381699000043 ], [ -74.078337791999957, 4.705349651000063 ], [ -74.078140617999964, 4.705303763000074 ], [ -74.077852693999944, 4.705334137000023 ], [ -74.077765973999988, 4.705340463000027 ], [ -74.077679026999988, 4.705341182000041 ], [ -74.077592214999981, 4.705336289000059 ], [ -74.077505894999945, 4.705325806000076 ], [ -74.077420426999936, 4.705309776000036 ], [ -74.077336162999984, 4.705288264000046 ], [ -74.077204448999964, 4.705250074000048 ], [ -74.077153435999946, 4.705256986000052 ], [ -74.077057103999948, 4.705266526000059 ], [ -74.076960338999982, 4.705269126000076 ], [ -74.076863634999938, 4.705264768000063 ], [ -74.076767490999941, 4.705253476000053 ], [ -74.076672397999971, 4.705235309000045 ], [ -74.076578846999951, 4.705210359000034 ], [ -74.076487314999952, 4.70517875400003 ], [ -74.07625307099994, 4.705088335000028 ], [ -74.07616423099995, 4.70505033400002 ], [ -74.076078322999933, 4.705006063000042 ], [ -74.075995784999975, 4.704955751000057 ], [ -74.075917039999979, 4.704899652000051 ], [ -74.075842488999967, 4.704838055000039 ], [ -74.075772512999947, 4.704771273000063 ], [ -74.075707468999951, 4.704699647000041 ], [ -74.075647688999936, 4.704623543000025 ], [ -74.075593478999963, 4.70454335200003 ], [ -74.075545114999954, 4.704459480000025 ], [ -74.075494606999939, 4.704364186000021 ], [ -74.075066694999975, 4.704618542000048 ], [ -74.074987292999936, 4.704662202000065 ], [ -74.074905155999943, 4.704700430000059 ], [ -74.074820650999982, 4.704733053000041 ], [ -74.074734158999945, 4.704759927000055 ], [ -74.074646068999982, 4.704780929000037 ], [ -74.074556772999983, 4.704795967000052 ], [ -74.07446667499994, 4.704804972000034 ], [ -74.074376176999976, 4.704807903000074 ], [ -74.074285687999975, 4.704804748000072 ], [ -74.074195610999936, 4.704795521000051 ], [ -74.074106352999934, 4.704780264000021 ], [ -74.074018313999943, 4.70475904400007 ], [ -74.073644611999953, 4.704655571000046 ], [ -74.072069032999934, 4.70458953800005 ], [ -74.071986562999939, 4.704583542000023 ], [ -74.071904611999969, 4.704572496000026 ], [ -74.071823488999939, 4.704556443000058 ], [ -74.071743494999964, 4.704535443000054 ], [ -74.071664931999976, 4.704509574000042 ], [ -74.071043285999963, 4.704283520000047 ], [ -74.070975099999941, 4.704256605000069 ], [ -74.070932151999955, 4.704237397000043 ], [ -74.070860759255595, 4.704203960613956 ], [ -74.070812628999988, 4.704181420000054 ], [ -74.07076699274765, 4.704160045602858 ], [ -74.070745660999989, 4.704150055000071 ], [ -74.070745520999935, 4.70414998900003 ], [ -74.070738884999969, 4.704155695000054 ], [ -74.070715288622537, 4.704175982695344 ], [ -74.070682590999979, 4.704204096000069 ], [ -74.070644304999973, 4.704237013000068 ], [ -74.070576512999935, 4.704291606000027 ], [ -74.070505362999938, 4.704341713000076 ], [ -74.070431147999955, 4.704387127000075 ], [ -74.070354178999935, 4.704427661000068 ], [ -74.070274769999969, 4.704463145000034 ], [ -74.070193251999967, 4.704493435000074 ], [ -74.070109961999947, 4.704518404000055 ], [ -74.070025243999964, 4.704537948000052 ], [ -74.06983766999997, 4.704574894000075 ], [ -74.069803911999941, 4.704601349000029 ], [ -74.069724028999985, 4.704659368000023 ], [ -74.069640140999979, 4.704711389000067 ], [ -74.069604365999965, 4.704730104000021 ], [ -74.06955269599996, 4.704757133000044 ], [ -74.069462158999954, 4.704796359000056 ], [ -74.069369012999971, 4.704828855000073 ], [ -74.069273750999969, 4.704854450000028 ], [ -74.069150935999971, 4.704882675000022 ], [ -74.068661652999936, 4.704995115000031 ], [ -74.068445753999981, 4.705044728000075 ], [ -74.068441273999952, 4.705049389000067 ], [ -74.068380101999935, 4.705105752000065 ], [ -74.068373851999979, 4.705118017000075 ], [ -74.068335229999946, 4.705193793000035 ], [ -74.068284067999969, 4.705278308000061 ], [ -74.06822688799997, 4.705358849000049 ], [ -74.068163996999942, 4.705434983000032 ], [ -74.068095729999982, 4.705506305000029 ], [ -74.068022452999969, 4.705572432000054 ], [ -74.067944555999986, 4.705633012000021 ], [ -74.067941480999934, 4.70572179200002 ], [ -74.067932608999968, 4.705810178000036 ], [ -74.067917977999969, 4.705897789000062 ], [ -74.067897649999964, 4.705984249000039 ], [ -74.067871713999978, 4.706069185000047 ], [ -74.067840280999974, 4.706152233000068 ], [ -74.067803486999935, 4.706233031000068 ], [ -74.067249, 4.707352571000058 ], [ -74.067228178999983, 4.707394610000051 ], [ -74.067109578999975, 4.707634069000051 ], [ -74.067066434999958, 4.707714444000032 ], [ -74.06701796699997, 4.707791706000023 ], [ -74.066964396999936, 4.707865498000047 ], [ -74.066905971999972, 4.707935482000039 ], [ -74.066842957999938, 4.70800133900002 ], [ -74.06677564499995, 4.708062764000033 ], [ -74.066704342999969, 4.708119476000036 ], [ -74.066629377999959, 4.70817121500005 ], [ -74.066551092999987, 4.70821774500007 ], [ -74.066469849999976, 4.708258851000039 ], [ -74.066473067999937, 4.708309788000065 ], [ -74.066475772999979, 4.708395706000033 ], [ -74.06647266799996, 4.708487422000076 ], [ -74.066459012999985, 4.708689149000065 ], [ -74.066452572999935, 4.708784287000071 ], [ -74.066448469999955, 4.708844899000042 ], [ -74.066568242999949, 4.709467334000067 ], [ -74.066578367999966, 4.709527095000055 ], [ -74.06658350899994, 4.709566091000056 ], [ -74.066646682250791, 4.710105365690505 ], [ -74.066650160999984, 4.71013505600007 ], [ -74.066655654999977, 4.710181957000032 ], [ -74.066661043999943, 4.710227960000054 ], [ -74.066682120999985, 4.710407886000041 ], [ -74.066691520999939, 4.710488129000055 ], [ -74.066698220999967, 4.710563329000024 ], [ -74.066700737999952, 4.71063878700005 ], [ -74.066699065999956, 4.710714268000061 ], [ -74.066608761999987, 4.712522150000041 ], [ -74.066600328999982, 4.71261996000004 ], [ -74.066584863999935, 4.712716902000068 ], [ -74.066562448999946, 4.712812466000059 ], [ -74.066533199999981, 4.712906153000063 ], [ -74.066497270999946, 4.712997471000051 ], [ -74.066454849999957, 4.713085942000021 ], [ -74.066406159999985, 4.713171100000068 ], [ -74.066370220999943, 4.713224579000041 ], [ -74.06635145599995, 4.713252502000046 ], [ -74.066291023999952, 4.713329718000068 ], [ -74.066225182999972, 4.71340234500002 ], [ -74.066154274999974, 4.713470002000065 ], [ -74.066078673999982, 4.713532334000035 ], [ -74.065998775999958, 4.713589013000046 ], [ -74.065914998999972, 4.713639745000023 ], [ -74.065827783999964, 4.713684261000026 ], [ -74.065737585999955, 4.713722330000053 ], [ -74.065644879999979, 4.71375375100007 ], [ -74.065550150999968, 4.713778359000059 ], [ -74.065453894999962, 4.713796025000022 ], [ -74.065356615999974, 4.713806657000021 ], [ -74.06525882699998, 4.713810200000069 ], [ -74.065100233999942, 4.713810182000032 ], [ -74.064458988999945, 4.713810107000029 ], [ -74.064393911999957, 4.713810099000057 ], [ -74.064336459400451, 4.713810091874539 ], [ -74.064303618999986, 4.713810088000059 ], [ -74.064240715999972, 4.71381008000003 ], [ -74.06414366599995, 4.713806568000052 ], [ -74.064047116999973, 4.713796072000036 ], [ -74.064042658999938, 4.71379526000004 ], [ -74.064013474999967, 4.713789938000048 ], [ -74.063957588999983, 4.713779747000046 ], [ -74.063951567999936, 4.713778648000073 ], [ -74.063857513999949, 4.713754384000026 ], [ -74.063765438999951, 4.713723408000021 ], [ -74.063675817999979, 4.713685876000056 ], [ -74.063589115999946, 4.713641985000038 ], [ -74.063505778999968, 4.71359196100002 ], [ -74.063426236999987, 4.713536060000024 ], [ -74.063350902999957, 4.713474574000031 ], [ -74.063280163999934, 4.713407819000054 ], [ -74.063214383999934, 4.713336140000024 ], [ -74.063153905999968, 4.713259907000065 ], [ -74.06309903999994, 4.713179513000057 ], [ -74.062927886999944, 4.712908309000056 ], [ -74.06288196099996, 4.712829826000075 ], [ -74.062841385999945, 4.712748430000033 ], [ -74.062806344999956, 4.71266448700004 ], [ -74.062776994999979, 4.712578375000021 ], [ -74.062753468999972, 4.712490482000021 ], [ -74.062735872999951, 4.712401202000024 ], [ -74.062730510999984, 4.712359439000068 ], [ -74.062724284999945, 4.712310940000066 ], [ -74.062723676999951, 4.712300958000071 ], [ -74.062718758999949, 4.712220101000071 ], [ -74.062705264999977, 4.711726075000058 ], [ -74.062698722999983, 4.711486536000052 ], [ -74.062625762999971, 4.711310798000056 ], [ -74.062584125962132, 4.711210505095388 ], [ -74.062560445999964, 4.711153467000031 ], [ -74.062525020999942, 4.71106813800003 ], [ -74.062492489999954, 4.710981572000037 ], [ -74.062465917999987, 4.710892982000075 ], [ -74.062445429999968, 4.710802780000051 ], [ -74.062431119999985, 4.710711386000071 ], [ -74.062423053999964, 4.710619226000063 ], [ -74.062421271999938, 4.710526728000048 ], [ -74.062425779999955, 4.710434324000062 ], [ -74.062436558999934, 4.710342444000048 ], [ -74.062643947999959, 4.708977511000057 ], [ -74.062661000999981, 4.70888612300007 ], [ -74.062684272999945, 4.708796126000038 ], [ -74.062713653999936, 4.708707946000061 ], [ -74.062728638999943, 4.708671510000045 ], [ -74.062749002999965, 4.708622001000037 ], [ -74.062788102999946, 4.708542849000025 ], [ -74.062790155999949, 4.708538695000072 ], [ -74.062830132999977, 4.708470067000064 ], [ -74.062836915999981, 4.708458423000025 ], [ -74.062889062999943, 4.708381564000035 ], [ -74.062924313999986, 4.708336595000048 ], [ -74.062946350999937, 4.708308483000053 ], [ -74.062946927999974, 4.708307842000067 ], [ -74.062963695384738, 4.708289239678511 ], [ -74.062984255999936, 4.708266428000059 ], [ -74.063008507999939, 4.708239523000032 ], [ -74.063066668999966, 4.708183297000062 ], [ -74.063075240999979, 4.708175011000037 ], [ -74.063146234999977, 4.708115251000038 ], [ -74.063221152999972, 4.708060527000043 ], [ -74.063299642999937, 4.708011098000043 ], [ -74.06330569499994, 4.707977072000062 ], [ -74.063415299806721, 4.707439994705314 ], [ -74.063445076999983, 4.707294081000043 ], [ -74.063460692999968, 4.707217564000075 ], [ -74.063855386999933, 4.704886264000038 ], [ -74.063862979999953, 4.704845251000052 ], [ -74.063897641999972, 4.704672817000073 ], [ -74.063909487999979, 4.704613891000065 ], [ -74.063974289999976, 4.704291539000053 ], [ -74.06402524899994, 4.704038046000051 ], [ -74.064044080999963, 4.703957507000041 ], [ -74.064044637999984, 4.703955126000039 ], [ -74.064069176999965, 4.703873591000047 ], [ -74.064134069999966, 4.703680155000029 ], [ -74.064152695999951, 4.70362816200003 ], [ -74.064192124999977, 4.703535285000044 ], [ -74.064422740999987, 4.703045454000062 ], [ -74.064438724999945, 4.703012654000077 ], [ -74.064601838999977, 4.702689060000068 ], [ -74.064629379999985, 4.702637239000069 ], [ -74.064670279999973, 4.702568926000026 ], [ -74.06479914199997, 4.702367361000029 ], [ -74.064850998999987, 4.702291977000073 ], [ -74.064907809999966, 4.702220277000038 ], [ -74.064969315999974, 4.702152590000026 ], [ -74.065034830999934, 4.702085210000064 ], [ -74.065182870999934, 4.701932956000064 ], [ -74.065244447999987, 4.701873509000052 ], [ -74.065309645999946, 4.70181808500007 ], [ -74.065378203999956, 4.701766906000046 ], [ -74.065544390999946, 4.701650852000057 ], [ -74.065598744459336, 4.701612895350893 ], [ -74.065755788999979, 4.701503226000057 ], [ -74.06575633601561, 4.701502844004664 ], [ -74.06587647899994, 4.701418945000057 ], [ -74.065893095999968, 4.701407524000047 ], [ -74.065928621999944, 4.701383495000073 ], [ -74.066040571999963, 4.701307776000021 ], [ -74.066242847999945, 4.701170965000074 ], [ -74.066333535999945, 4.701108592000026 ], [ -74.066355662347107, 4.701093374221066 ], [ -74.066415725999946, 4.701052064000066 ], [ -74.066791751999972, 4.700793446000034 ], [ -74.06686106799998, 4.700748825000062 ], [ -74.066932965999968, 4.70070852200007 ], [ -74.067007175999947, 4.700672689000044 ], [ -74.067083423999975, 4.700641458000064 ], [ -74.067190314999948, 4.70060144100006 ], [ -74.067201250999972, 4.700592275000076 ], [ -74.067365600999949, 4.700446570000054 ], [ -74.067440644999976, 4.700384711000027 ], [ -74.067519923999953, 4.700328419000073 ], [ -74.06760302899994, 4.70027798600006 ], [ -74.06768952799996, 4.700233671000035 ], [ -74.067778976999989, 4.70019570200003 ], [ -74.067870911999989, 4.700164278000045 ], [ -74.067964859999961, 4.700139559000036 ], [ -74.068060332999949, 4.700121674000059 ], [ -74.068156840999961, 4.700110714000061 ], [ -74.068253884999933, 4.700106737000056 ], [ -74.068350961999954, 4.700109763000057 ], [ -74.068447570999979, 4.700119777000054 ], [ -74.069549729999949, 4.699848022000026 ], [ -74.069643028999963, 4.699828418000038 ], [ -74.069737472999975, 4.699815459000035 ], [ -74.069832592999944, 4.699809214000027 ], [ -74.069851860999961, 4.69980931300006 ], [ -74.06991847649148, 4.699809660887579 ], [ -74.069927914999937, 4.699809710000068 ], [ -74.070022964999964, 4.699816946000055 ], [ -74.070117268999979, 4.699830887000076 ], [ -74.070210359999976, 4.699851463000073 ], [ -74.070301773999972, 4.699878571000056 ], [ -74.070391055999949, 4.699912077000022 ], [ -74.07047775999996, 4.69995181400003 ], [ -74.070588556999951, 4.700007410000069 ], [ -74.070748034999951, 4.700087436000047 ], [ -74.070815166999978, 4.700123529000052 ], [ -74.070880164999949, 4.700163360000033 ], [ -74.07104727799998, 4.700272368000071 ], [ -74.072036641999944, 4.700212480000062 ], [ -74.072294406999958, 4.700114237000037 ], [ -74.07237788499998, 4.700085513000033 ], [ -74.072463052999979, 4.700062317000061 ], [ -74.072549547999984, 4.700044747000049 ], [ -74.072637001999965, 4.700032880000037 ], [ -74.072725041999945, 4.700026763000039 ], [ -74.072813291999978, 4.700026424000043 ], [ -74.072901375999948, 4.700031865000028 ], [ -74.072988917999965, 4.70004306200002 ], [ -74.073493449999944, 4.700124470000048 ], [ -74.073508329999981, 4.700126956000076 ], [ -74.074868762999984, 4.700362124000037 ], [ -74.074952198999938, 4.70037925400004 ], [ -74.075034358999972, 4.700401758000055 ], [ -74.075114897999981, 4.700429541000062 ], [ -74.07519347899995, 4.700462487000038 ], [ -74.075275338999973, 4.700445116000026 ], [ -74.075358113999982, 4.700432869000053 ], [ -74.075441486999978, 4.700425797000037 ], [ -74.075525136999943, 4.700423925000052 ], [ -74.075608741999986, 4.700427263000051 ], [ -74.075691979999988, 4.700435794000043 ], [ -74.075962264999987, 4.700471979000042 ], [ -74.076055285999985, 4.700487766000037 ], [ -74.076146981999955, 4.700510025000028 ], [ -74.076236906999952, 4.700538648000077 ], [ -74.076324623999938, 4.700573496000061 ], [ -74.076409701999978, 4.700614399000074 ], [ -74.076597429999936, 4.700712877000058 ], [ -74.077084911999975, 4.700780179000049 ], [ -74.077162039999962, 4.700793118000036 ], [ -74.077238293999983, 4.700810511000043 ], [ -74.07731341899995, 4.700832301000048 ], [ -74.077387159999944, 4.700858414000038 ], [ -74.077985121999973, 4.701089887000023 ], [ -74.078406727999948, 4.701228370000024 ], [ -74.078889634999939, 4.701353724000057 ], [ -74.078954535999969, 4.701372411000023 ], [ -74.080675421999956, 4.701914943000077 ], [ -74.080764421999959, 4.701946468000074 ], [ -74.080851011999982, 4.701984148000065 ], [ -74.080900871999972, 4.702010133000044 ], [ -74.080934770999988, 4.702027800000053 ], [ -74.081276274632359, 4.702221264311455 ], [ -74.081287747999966, 4.702227764000042 ], [ -74.081313178133982, 4.702242170415674 ], [ -74.081493340999941, 4.702344234000066 ] ], [ [ -74.082158362824956, 4.70559935082052 ], [ -74.082158362824956, 4.705599350820524 ], [ -74.082158362999962, 4.705599351000046 ], [ -74.082158362824956, 4.70559935082052 ] ], [ [ -74.079049161024315, 4.705515204702126 ], [ -74.079049161024315, 4.705515204702126 ], [ -74.079049160999944, 4.70551520500004 ], [ -74.079049161024315, 4.705515204702126 ] ], [ [ -74.062723677769966, 4.712300958066622 ], [ -74.062723677769966, 4.712300958066621 ], [ -74.062723676999951, 4.712300958000071 ], [ -74.062723677769966, 4.712300958066622 ] ], [ [ -74.062705265550804, 4.711726074146263 ], [ -74.062705265550804, 4.711726074146255 ], [ -74.062705264999977, 4.711726075000058 ], [ -74.062705265550804, 4.711726074146263 ] ], [ [ -74.06262576354824, 4.711310797848856 ], [ -74.06262576354824, 4.711310797848855 ], [ -74.062625762999971, 4.711310798000056 ], [ -74.06262576354824, 4.711310797848856 ] ], [ [ -74.062788103765996, 4.708542849336384 ], [ -74.062788103765996, 4.708542849336382 ], [ -74.062788102999946, 4.708542849000025 ], [ -74.062788103765996, 4.708542849336384 ] ], [ [ -74.062946928546339, 4.708307842221422 ], [ -74.062946928546339, 4.708307842221421 ], [ -74.062946927999974, 4.708307842000067 ], [ -74.062946928546339, 4.708307842221422 ] ], [ [ -74.062984256643801, 4.708266428300481 ], [ -74.062984256643801, 4.70826642830048 ], [ -74.062984255999936, 4.708266428000059 ], [ -74.062984256643801, 4.708266428300481 ] ], [ [ -74.063445077446829, 4.707294081179435 ], [ -74.063445077446829, 4.707294081179434 ], [ -74.063445076999983, 4.707294081000043 ], [ -74.063445077446829, 4.707294081179435 ] ] ] } },
{ "type": "Feature", "properties": { "nombre": "Humedal de Guaymaral", "id": 0, "cobertura": "Espejo de Agua", "periodo": 2014, "fechaini": "2000-01-01T00:00:00", "fechafin": "2020-01-01T00:00:00", "Shape_Leng": 6.4715235628499996e-06, "Shape_Area": 1.24135501237e-12 }, "geometry": { "type": "Polygon", "coordinates": [ [ [ -74.043134118999944, 4.798885110000072 ], [ -74.043135966999955, 4.798977991000072 ], [ -74.043135966985844, 4.798977991290981 ], [ -74.043135966999955, 4.798977992000061 ], [ -74.043135932473191, 4.798978703553555 ], [ -74.043132811999953, 4.799043103000031 ], [ -74.043131672946728, 4.799066612855109 ], [ -74.043131470999981, 4.799070781000069 ], [ -74.043131470999981, 4.799070782000058 ], [ -74.043130921493386, 4.799075467454856 ], [ -74.043130399999939, 4.79907991500005 ], [ -74.043127832796586, 4.799101804699905 ], [ -74.043120651999971, 4.799163045000057 ], [ -74.043110828999943, 4.799215519000029 ], [ -74.043103559999963, 4.799254347000044 ], [ -74.043080275999955, 4.799344263000023 ], [ -74.043050909999977, 4.799432369000044 ], [ -74.042988341999944, 4.799600678000047 ], [ -74.043003599999963, 4.799759806000054 ], [ -74.043004818999975, 4.79977425200002 ], [ -74.043067673999985, 4.799825152000039 ], [ -74.043086624999944, 4.799842556000044 ], [ -74.043127254999945, 4.799879869000051 ], [ -74.043183331999955, 4.799938195000038 ], [ -74.043235687999982, 4.799999903000071 ], [ -74.043284120999942, 4.80006475600004 ], [ -74.043334792999985, 4.800136612000074 ], [ -74.04343718399997, 4.800281815000062 ], [ -74.043488427999989, 4.800360083000044 ], [ -74.043534164999983, 4.800441712000065 ], [ -74.043574175999936, 4.800526313000034 ], [ -74.043608270999982, 4.800613483000063 ], [ -74.04363628699997, 4.800702806000061 ], [ -74.043658090999941, 4.800793854000062 ], [ -74.043673578999972, 4.800886196000022 ], [ -74.043682675999946, 4.800979390000066 ], [ -74.043683078999948, 4.800993550000044 ], [ -74.043683162609796, 4.800996487468056 ], [ -74.043683162653878, 4.8009964890168 ], [ -74.043684446999976, 4.801041612000063 ], [ -74.043685339999968, 4.801072992000059 ], [ -74.043681556999957, 4.801166555000066 ], [ -74.043657717999963, 4.801476862000072 ], [ -74.043630457999939, 4.801831680000021 ], [ -74.043628514999966, 4.801856971000063 ], [ -74.043625110999983, 4.801901283000063 ], [ -74.043618738247332, 4.801984232518106 ], [ -74.043618168999956, 4.801991643000065 ], [ -74.043607967999947, 4.802083454000069 ], [ -74.043591559999982, 4.802174355000034 ], [ -74.04356901899996, 4.802263925000034 ], [ -74.043540450999956, 4.802351748000035 ], [ -74.043505986999946, 4.802437415000043 ], [ -74.043465788999981, 4.802520529000049 ], [ -74.043420042999969, 4.802600706000021 ], [ -74.043368960999942, 4.802677570000071 ], [ -74.043312779999951, 4.802750768000067 ], [ -74.043225956999947, 4.802856249000058 ], [ -74.043225448466657, 4.802858641839323 ], [ -74.043224907999956, 4.80286118600003 ], [ -74.043211947999964, 4.802922168000066 ], [ -74.043177701286993, 4.80308331017278 ], [ -74.043153533115884, 4.803197030454525 ], [ -74.043174131999933, 4.803277785000034 ], [ -74.043194138999979, 4.803369265000072 ], [ -74.043207802999973, 4.803461913000035 ], [ -74.043215058999976, 4.803555286000062 ], [ -74.043215871999962, 4.803648940000073 ], [ -74.043210236999982, 4.803742425000053 ], [ -74.043198184999937, 4.803835297000035 ], [ -74.043194116999985, 4.803855580000061 ], [ -74.043187577145588, 4.803888185832458 ], [ -74.043184928999949, 4.803901390000021 ], [ -74.043179768999948, 4.803927115000022 ], [ -74.043155078999973, 4.804017436000038 ], [ -74.043124232999958, 4.804105833000051 ], [ -74.043121611999936, 4.80411258700002 ], [ -74.043217069250829, 4.804369728137251 ], [ -74.043231461999937, 4.804408498000043 ], [ -74.043236879999938, 4.804423094000072 ], [ -74.043240766999986, 4.804434056000048 ], [ -74.043268887999943, 4.804517692000047 ], [ -74.043291483999951, 4.804602996000028 ], [ -74.043308460999981, 4.804689603000043 ], [ -74.043319743999973, 4.804777139000066 ], [ -74.04332528499998, 4.804865230000075 ], [ -74.043325059999972, 4.804953494000074 ], [ -74.043319069999939, 4.80504155400007 ], [ -74.043307340999945, 4.805129032000025 ], [ -74.043294598999978, 4.80520247000004 ], [ -74.043244161999951, 4.805508928000052 ], [ -74.043214731435654, 4.805687749646854 ], [ -74.04321441999997, 4.805689642000061 ], [ -74.043214398707576, 4.805689771320067 ], [ -74.04321377499997, 4.805693561000055 ], [ -74.043090203999952, 4.806444383000041 ], [ -74.043076235999933, 4.806529257000022 ], [ -74.043061401999978, 4.806619387000069 ], [ -74.043288893999943, 4.806664279000074 ], [ -74.043427192999957, 4.806691570000055 ], [ -74.043469726013882, 4.806699963549947 ], [ -74.043799055999955, 4.806764952000037 ], [ -74.043832846999976, 4.806771621000053 ], [ -74.043907828999977, 4.806788653000069 ], [ -74.043981723999934, 4.806809934000057 ], [ -74.044054294999967, 4.806835395000064 ], [ -74.044858309999938, 4.807143498000073 ], [ -74.044948085999977, 4.807181678000063 ], [ -74.045034883999961, 4.807226251000031 ], [ -74.045118252999941, 4.807276985000044 ], [ -74.045197758999961, 4.807333616000051 ], [ -74.045272987999965, 4.807395850000034 ], [ -74.045343548999938, 4.807463363000068 ], [ -74.045409073999963, 4.807535804000054 ], [ -74.045469222999941, 4.807612795000068 ], [ -74.045498395999971, 4.807653046000041 ], [ -74.045553172999973, 4.807734700000026 ], [ -74.045601901999987, 4.807820126000024 ], [ -74.045644324999955, 4.807908872000041 ], [ -74.045680217999973, 4.80800047200006 ], [ -74.045709392999981, 4.808094442000026 ], [ -74.045731696999951, 4.808190288000048 ], [ -74.045747009999957, 4.80828750400002 ], [ -74.04575525499996, 4.808385577000024 ], [ -74.045756384999947, 4.808483993000038 ], [ -74.04575039499997, 4.808582233000038 ], [ -74.045748848991479, 4.808593763991547 ], [ -74.045737317999965, 4.808679776000076 ], [ -74.045717220999961, 4.808776112000032 ], [ -74.045690210999965, 4.808870732000059 ], [ -74.045656430999941, 4.808963136000045 ], [ -74.045616056999961, 4.809052840000049 ], [ -74.045569302999979, 4.809139367000057 ], [ -74.045516414999952, 4.809222266000063 ], [ -74.045457670999951, 4.809301098000049 ], [ -74.045393381999986, 4.809375447000036 ], [ -74.045348559999979, 4.809420256000067 ], [ -74.045323885999949, 4.809444922000068 ], [ -74.045249548999948, 4.809509158000026 ], [ -74.045170762999987, 4.809567814000047 ], [ -74.045087941999952, 4.809620584000072 ], [ -74.045001524999975, 4.809667187000059 ], [ -74.044911964999983, 4.809707378000041 ], [ -74.044833579999988, 4.80973590800005 ], [ -74.044819734999976, 4.809740947000023 ], [ -74.044536089999951, 4.809832644000039 ], [ -74.044288146999975, 4.809912798000028 ], [ -74.044224673999963, 4.809931609000046 ], [ -74.044160357999942, 4.809947282000053 ], [ -74.044095355999957, 4.809959776000028 ], [ -74.043777400999943, 4.810012835000066 ], [ -74.04358222999997, 4.81025909400006 ], [ -74.043541264999988, 4.810310782000045 ], [ -74.043502046999947, 4.810360265000043 ], [ -74.043480388999967, 4.810387591000051 ], [ -74.043419689999951, 4.810458758000038 ], [ -74.043416581999963, 4.810462401000052 ], [ -74.04334752699998, 4.81053236200006 ], [ -74.043273585999941, 4.810597105000056 ], [ -74.043195150999964, 4.810656288000075 ], [ -74.043112635999989, 4.810709596000038 ], [ -74.043026477999945, 4.810756751000042 ], [ -74.042937132999953, 4.810797500000035 ], [ -74.042845072999967, 4.810831629000063 ], [ -74.042750784999953, 4.810858959000029 ], [ -74.042654764999952, 4.810879344000057 ], [ -74.042557521999981, 4.810892676000037 ], [ -74.042459570999938, 4.810898885000029 ], [ -74.042361429987693, 4.81089793800957 ], [ -74.042176977999986, 4.811041038000042 ], [ -74.04210360899998, 4.811094119000074 ], [ -74.042026865999958, 4.811142158000052 ], [ -74.041947091999987, 4.811184942000068 ], [ -74.04186464299994, 4.811222275000034 ], [ -74.041779890999976, 4.811253993000037 ], [ -74.041693213999963, 4.811279954000042 ], [ -74.041604997999968, 4.811300041000038 ], [ -74.041515641999979, 4.811314164000066 ], [ -74.041382453999972, 4.811330654000074 ], [ -74.040928379999968, 4.81138687400005 ], [ -74.040857909999943, 4.811395598000047 ], [ -74.04076620099994, 4.81140378300006 ], [ -74.040674148999983, 4.811405685000068 ], [ -74.040641179999966, 4.811404113000037 ], [ -74.040582183999959, 4.811401298000021 ], [ -74.040490727999952, 4.811390639000024 ], [ -74.040483719999941, 4.811389333000022 ], [ -74.040452356804096, 4.811383484879631 ], [ -74.040448307999952, 4.811382730000048 ], [ -74.040428759999941, 4.811379085000056 ], [ -74.040400206999948, 4.811373761000027 ], [ -74.040362099106289, 4.811363921946132 ], [ -74.04033192299994, 4.811356131000025 ], [ -74.040329934161363, 4.811355617407229 ], [ -74.040311042999974, 4.811350740000023 ], [ -74.040256497999962, 4.811332605000075 ], [ -74.040223646999948, 4.811321682000028 ], [ -74.040138426999988, 4.811286723000023 ], [ -74.040055774999985, 4.811246027000038 ], [ -74.039976077999938, 4.811199780000038 ], [ -74.039899704999982, 4.811148197000023 ], [ -74.039895685999966, 4.811145065000062 ], [ -74.039827007999975, 4.811091520000048 ], [ -74.039758326999959, 4.811030008000046 ], [ -74.03973369299996, 4.811006385000042 ], [ -74.039513213999953, 4.810794952000037 ], [ -74.039480941999955, 4.810764004000021 ], [ -74.039384052624371, 4.810671087346392 ], [ -74.039349825946758, 4.810638265086078 ], [ -74.039157641999964, 4.810453968000047 ], [ -74.039154764999978, 4.810451209000064 ], [ -74.039087567999957, 4.810382007000044 ], [ -74.039029557999982, 4.810313060000055 ], [ -74.039025452999965, 4.81030818000005 ], [ -74.038968734999969, 4.810230104000027 ], [ -74.038917702999981, 4.810148175000052 ], [ -74.038872615999935, 4.810062809000044 ], [ -74.038833702999966, 4.80997443800004 ], [ -74.038801160999981, 4.809883513000045 ], [ -74.038775154999939, 4.809790494000026 ], [ -74.03875581899996, 4.80969585400004 ], [ -74.038753422999946, 4.809677600000043 ], [ -74.038743248999936, 4.80960007300007 ], [ -74.038741812999945, 4.809575951000056 ], [ -74.038737849999961, 4.809509369000068 ], [ -74.038737509999976, 4.809503636000045 ], [ -74.038737805999972, 4.809478089000038 ], [ -74.038738629999955, 4.80940703400006 ], [ -74.038746603999982, 4.809310759000027 ], [ -74.03876139099998, 4.809215297000037 ], [ -74.038782916999935, 4.809121134000065 ], [ -74.038811072999977, 4.809028746000024 ], [ -74.039124870999956, 4.808116639000048 ], [ -74.039155771999958, 4.808026820000066 ], [ -74.039171166704861, 4.807982073854049 ], [ -74.039242627999954, 4.807774360000053 ], [ -74.039341428821217, 4.807377732717454 ], [ -74.039293695999959, 4.807302250000021 ], [ -74.039251044999958, 4.80722376600005 ], [ -74.039213660999962, 4.807142623000061 ], [ -74.039181708999934, 4.807059179000021 ], [ -74.039065401999949, 4.806722927000067 ], [ -74.038995191999959, 4.806661693000024 ], [ -74.038923477999958, 4.806594405000055 ], [ -74.038856822999946, 4.806522073000053 ], [ -74.038795577999963, 4.806445076000045 ], [ -74.038740066999935, 4.806363823000027 ], [ -74.038690582999948, 4.806278740000039 ], [ -74.038647386999969, 4.806190280000067 ], [ -74.038622377427501, 4.806127975965508 ], [ -74.038613052999949, 4.806104750000031 ], [ -74.038610707999965, 4.806098905000056 ], [ -74.038580737999951, 4.806005102000029 ], [ -74.03855763599995, 4.805909362000023 ], [ -74.038472376999948, 4.805489944000044 ], [ -74.038417257999981, 4.805434439000067 ], [ -74.038365526999939, 4.805375745000049 ], [ -74.038317365999944, 4.805314069000076 ], [ -74.03816421199997, 4.805106048000027 ], [ -74.038110664999977, 4.805027719000066 ], [ -74.038062715999956, 4.804945822000036 ], [ -74.038020599999982, 4.804860758000075 ], [ -74.03800065670346, 4.804812215694615 ], [ -74.037994029999936, 4.804796087000057 ], [ -74.037984522999977, 4.804772946000071 ], [ -74.037980149999953, 4.804759748000038 ], [ -74.037954661999947, 4.804682815000035 ], [ -74.037931163999986, 4.804590810000036 ], [ -74.037914143999956, 4.804497379000054 ], [ -74.037903686999982, 4.804402982000056 ], [ -74.037899841999945, 4.804308082000034 ], [ -74.037902628999973, 4.804213146000052 ], [ -74.037912033999987, 4.804118638000034 ], [ -74.038137662999986, 4.802446380000049 ], [ -74.038151274999962, 4.802364458000056 ], [ -74.038169860999972, 4.802283527000043 ], [ -74.038193350999961, 4.802203889000054 ], [ -74.038221656999951, 4.802125842000066 ], [ -74.038254673999973, 4.802049682000074 ], [ -74.038292276999982, 4.801975691000052 ], [ -74.038359702004485, 4.801852496039706 ], [ -74.038446612999962, 4.80169369500004 ], [ -74.03850077171613, 4.801594741258291 ], [ -74.038544566999974, 4.801514719000068 ], [ -74.038587541999959, 4.801441600000032 ], [ -74.038635285999987, 4.801371520000032 ], [ -74.03868758599998, 4.801304793000043 ], [ -74.038680544999977, 4.801277759000072 ], [ -74.038662559999977, 4.801179899000033 ], [ -74.038652526999954, 4.801119400000061 ], [ -74.038575632999937, 4.801083863000031 ], [ -74.038471276999985, 4.801031523000063 ], [ -74.038379329052475, 4.800985406584818 ], [ -74.038368530999946, 4.800979991000077 ], [ -74.038360748672005, 4.800976087610715 ], [ -74.038179181999965, 4.800885023000035 ], [ -74.038095743999975, 4.800839429000064 ], [ -74.038046793999968, 4.800808018000055 ], [ -74.038015706999943, 4.800788068000031 ], [ -74.03793946199994, 4.800731194000036 ], [ -74.037926358999982, 4.800719902000026 ], [ -74.037867389999974, 4.800669087000074 ], [ -74.037826526999936, 4.800628534000055 ], [ -74.037799844999938, 4.800602054000024 ], [ -74.03779852599996, 4.800600547000045 ], [ -74.037737160999939, 4.800530427000069 ], [ -74.037679647999937, 4.800454559000059 ], [ -74.037627589999943, 4.800374825000063 ], [ -74.037581244999956, 4.800291620000053 ], [ -74.037540840999952, 4.80020535400007 ], [ -74.037506576999988, 4.800116453000044 ], [ -74.037478625999938, 4.800025359000074 ], [ -74.037457119999942, 4.799932518000048 ], [ -74.037442170999952, 4.799838392000026 ], [ -74.037433849999957, 4.799743445000047 ], [ -74.037433026999963, 4.799695963000033 ], [ -74.037432198999966, 4.799648146000038 ], [ -74.037432210999953, 4.799647915000037 ], [ -74.037437224999962, 4.799552966000022 ], [ -74.037448904999962, 4.799458375000029 ], [ -74.037505068999963, 4.799105638000071 ], [ -74.037507595024394, 4.799089775966673 ], [ -74.037518553836975, 4.799020950880312 ], [ -74.037545886999965, 4.798849283000038 ], [ -74.03739732343206, 4.798828575209111 ], [ -74.037323289999961, 4.798818256000061 ], [ -74.037289655188729, 4.798813567684024 ], [ -74.036805421999986, 4.798746072000029 ], [ -74.036789498999951, 4.798743374000026 ], [ -74.03672753799998, 4.798732878000067 ], [ -74.036641401999987, 4.798712716000068 ], [ -74.036556767999969, 4.798686946000032 ], [ -74.036473992999959, 4.798655677000056 ], [ -74.036393433999933, 4.798619046000056 ], [ -74.036315435999938, 4.798577207000051 ], [ -74.036240331999977, 4.79853034000007 ], [ -74.036168444999987, 4.798478647000024 ], [ -74.036100082999951, 4.798422346000052 ], [ -74.036035536999975, 4.798361681000074 ], [ -74.035975083999972, 4.798296912000069 ], [ -74.035918983999977, 4.798228315000074 ], [ -74.035880892999955, 4.798174972000027 ], [ -74.035867476999954, 4.79815618300006 ], [ -74.035820781999973, 4.798080828000025 ], [ -74.035786670999983, 4.798016785000073 ], [ -74.035779099999957, 4.798002569000062 ], [ -74.035742609999943, 4.797921744000064 ], [ -74.035711466999942, 4.797838697000032 ], [ -74.035686161999934, 4.797754964000035 ], [ -74.035685804999957, 4.797753786000044 ], [ -74.035677415999942, 4.797717668000075 ], [ -74.035665733999963, 4.797667371000045 ], [ -74.035651340999948, 4.797579825000071 ], [ -74.03564268599996, 4.797491523000076 ], [ -74.035639831999958, 4.797411504000024 ], [ -74.035637634999944, 4.797057618000053 ], [ -74.035637470570379, 4.79703100348549 ], [ -74.035637321999957, 4.797007110000038 ], [ -74.035636974565577, 4.796951047292979 ], [ -74.035636948684683, 4.796946871099125 ], [ -74.03563684173433, 4.796929647709145 ], [ -74.035636634999946, 4.796896355000058 ], [ -74.035634875999961, 4.796613013000069 ], [ -74.035633681099611, 4.796420458288263 ], [ -74.035625777307033, 4.795147129381219 ], [ -74.035625504999985, 4.795103264000034 ], [ -74.035625502903727, 4.795102922039491 ], [ -74.035624019999943, 4.794864021000024 ], [ -74.035623611999938, 4.794798282000045 ], [ -74.035621652999964, 4.794482636000055 ], [ -74.035623485999963, 4.794420714000069 ], [ -74.0356238154761, 4.794409595029398 ], [ -74.035624534999954, 4.794385292000072 ], [ -74.035629048918921, 4.794332296951487 ], [ -74.035598645999983, 4.794314082000028 ], [ -74.03554060099998, 4.794277266000051 ], [ -74.035468714999979, 4.794225572000073 ], [ -74.035400351999954, 4.794169272000033 ], [ -74.035335806999967, 4.794108607000055 ], [ -74.035275353999964, 4.79404383800005 ], [ -74.035219254999959, 4.793975240000066 ], [ -74.035167747999935, 4.793903109000041 ], [ -74.035121053999944, 4.793827753000073 ], [ -74.035079371999984, 4.793749494000053 ], [ -74.035042881999971, 4.793668669000056 ], [ -74.035011739999959, 4.793585622000023 ], [ -74.035004043999947, 4.793562166000072 ], [ -74.034988372999976, 4.793512899000063 ], [ -74.034970406999946, 4.793451444000027 ], [ -74.034950336999941, 4.793365029000029 ], [ -74.034935942999937, 4.793277483000054 ], [ -74.034933320999983, 4.793250733000036 ], [ -74.034930713059438, 4.793224124917266 ], [ -74.034927287999949, 4.793189181000059 ], [ -74.034924407999938, 4.793100499000047 ], [ -74.034927316999983, 4.793011818000025 ], [ -74.034936000999949, 4.792923518000066 ], [ -74.034948090999933, 4.792850128000055 ], [ -74.034950422999941, 4.792835977000038 ], [ -74.034957245999976, 4.792806642000073 ], [ -74.03496251599995, 4.792783985000028 ], [ -74.034962819482033, 4.792782680436477 ], [ -74.034964744999968, 4.79277440200002 ], [ -74.034965789418777, 4.79276991264436 ], [ -74.034970520999934, 4.792749570000069 ], [ -74.034996209999974, 4.792664666000064 ], [ -74.035006375999956, 4.792637584000033 ], [ -74.035027379999974, 4.792581630000029 ], [ -74.035045189999948, 4.792542213000047 ], [ -74.03506389599994, 4.792500816000029 ], [ -74.035105601999987, 4.792422571000031 ], [ -74.035152321999988, 4.792347229000029 ], [ -74.035203850999949, 4.792275116000042 ], [ -74.035259972999938, 4.792206537000027 ], [ -74.035320445999957, 4.792141788000038 ], [ -74.035372973999984, 4.792091857000059 ], [ -74.035409292999987, 4.792059140000049 ], [ -74.035410614457817, 4.792057963785106 ], [ -74.035421328999973, 4.792048426000065 ], [ -74.035489709999979, 4.791992149000066 ], [ -74.03556161299997, 4.791940477000026 ], [ -74.035636729999965, 4.791893636000054 ], [ -74.035714740999936, 4.791851822000069 ], [ -74.035795310999958, 4.791815216000032 ], [ -74.035878094999987, 4.791783975000044 ], [ -74.035962737999967, 4.791758231000074 ], [ -74.035974738999982, 4.791755428000045 ], [ -74.035989932999939, 4.791721801000051 ], [ -74.03599709599996, 4.791705950000051 ], [ -74.03603551599997, 4.791633871000045 ], [ -74.03603880299994, 4.791627705000053 ], [ -74.036085520999961, 4.79155236400004 ], [ -74.036137050999969, 4.791480250000063 ], [ -74.036192064999966, 4.791412937000075 ], [ -74.036640976999934, 4.790898305000042 ], [ -74.036642083999936, 4.790897038000026 ], [ -74.036702556999956, 4.790832288000047 ], [ -74.036752178999961, 4.790784982000048 ], [ -74.036757401999978, 4.790440822000051 ], [ -74.03675825199997, 4.79038481300006 ], [ -74.036759436999944, 4.790355414000032 ], [ -74.03676100399997, 4.79031655700004 ], [ -74.036769686999946, 4.790228257000024 ], [ -74.036784108999939, 4.790140716000053 ], [ -74.036804206999989, 4.790054308000038 ], [ -74.036804711999935, 4.790052427000035 ], [ -74.036930937999955, 4.789582849000055 ], [ -74.036956121999935, 4.789499826000053 ], [ -74.036987290999946, 4.789416790000075 ], [ -74.037016865999988, 4.789350300000024 ], [ -74.037191462999942, 4.788984502000062 ], [ -74.037198402999934, 4.788970179000046 ], [ -74.037240109999971, 4.788891933000059 ], [ -74.037241660999939, 4.788889245000064 ], [ -74.03723727299996, 4.788752846000023 ], [ -74.037239476999957, 4.78862020400004 ], [ -74.037248159999933, 4.788531903000035 ], [ -74.037262581999983, 4.788444362000064 ], [ -74.037266071627442, 4.788429215627532 ], [ -74.037281217999976, 4.788363470000036 ], [ -74.037324946999945, 4.788197060000073 ], [ -74.037326407999956, 4.788191546000064 ], [ -74.037352096999939, 4.788106643000049 ], [ -74.037383265999949, 4.788023606000024 ], [ -74.037419781999972, 4.787942792000024 ], [ -74.037461487999963, 4.787864547000027 ], [ -74.037481578913884, 4.7878307891447 ], [ -74.037475336999989, 4.787768770000071 ], [ -74.037471377999964, 4.787721007000073 ], [ -74.037471377999964, 4.787721006000027 ], [ -74.037468861999969, 4.78766401300004 ], [ -74.03742116799998, 4.787581595000063 ], [ -74.037419452999984, 4.787578623000059 ], [ -74.037377770999967, 4.787500365000028 ], [ -74.037341281999943, 4.787419539000041 ], [ -74.037310138999942, 4.787336492000065 ], [ -74.037284476999957, 4.787251581000021 ], [ -74.037264406999952, 4.787165167000069 ], [ -74.03726110599996, 4.78714792300002 ], [ -74.037240398999984, 4.787035831000026 ], [ -74.037229305999972, 4.786965529000042 ], [ -74.037220650999984, 4.786877226000058 ], [ -74.037220650999984, 4.786877225000069 ], [ -74.037217770999973, 4.786788544000046 ], [ -74.037220678999972, 4.78669986400007 ], [ -74.037222576999966, 4.786680559000047 ], [ -74.037229362999938, 4.786611563000065 ], [ -74.037240420999979, 4.786544434000064 ], [ -74.037243783999941, 4.786524022000037 ], [ -74.03725611699997, 4.786468077000052 ], [ -74.037266214999988, 4.78642645900004 ], [ -74.037278838999953, 4.786374433000049 ], [ -74.037280416414745, 4.786368245414825 ], [ -74.037286603999974, 4.786343970000075 ], [ -74.037312291999967, 4.78625906700006 ], [ -74.037315019999937, 4.78625179900007 ], [ -74.037328087999981, 4.786216985000067 ], [ -74.037343460999978, 4.786176030000036 ], [ -74.037379976999944, 4.786095216000035 ], [ -74.037417692999952, 4.786023949000025 ], [ -74.037197157999969, 4.785576711000033 ], [ -74.037196329999972, 4.78557502700005 ], [ -74.037159839999958, 4.785494201000063 ], [ -74.037128696999957, 4.785411155000077 ], [ -74.037103035999962, 4.785326243000043 ], [ -74.037082965999957, 4.785239829000034 ], [ -74.037068572999942, 4.785152283000059 ], [ -74.037063069999988, 4.785103475000028 ], [ -74.03701644299997, 4.784610045000022 ], [ -74.03697481599994, 4.784292422000021 ], [ -74.036966161999942, 4.784204135000039 ], [ -74.036966161999942, 4.784204134000049 ], [ -74.036963281999988, 4.784115453000027 ], [ -74.036963365999952, 4.784100576000071 ], [ -74.036965376999945, 4.783919336000054 ], [ -74.036968201999969, 4.783845533000033 ], [ -74.036976884999945, 4.783757232000028 ], [ -74.036991305999948, 4.783669691000057 ], [ -74.036998837112449, 4.783637312862795 ], [ -74.037011403999941, 4.783583283000041 ], [ -74.037023389827468, 4.783543669710633 ], [ -74.037034330999973, 4.783507506000035 ], [ -74.037037092999981, 4.783498380000026 ], [ -74.037068260999945, 4.783415343000058 ], [ -74.037104775999978, 4.783334529000058 ], [ -74.037113138999985, 4.783317816000022 ], [ -74.037254560999941, 4.783039967000036 ], [ -74.037287903999982, 4.782978435000075 ], [ -74.037334621999946, 4.782903093000073 ], [ -74.037386151999954, 4.782830979000039 ], [ -74.037397536999947, 4.782816309000054 ], [ -74.03746369199996, 4.782732259000056 ], [ -74.037573822999946, 4.782592340000065 ], [ -74.037587458999951, 4.782575906000034 ], [ -74.037600906551646, 4.782559701395403 ], [ -74.037618556999973, 4.782538431000035 ], [ -74.037679028999946, 4.782473681000056 ], [ -74.03774359199997, 4.782413037000026 ], [ -74.037811971999986, 4.782356759000038 ], [ -74.037883873999988, 4.782305088000044 ], [ -74.037916654999947, 4.782283802000052 ], [ -74.038070312999935, 4.782187160000035 ], [ -74.038133135999942, 4.782111133000058 ], [ -74.03815764899997, 4.782082296000056 ], [ -74.038218120999943, 4.782017547000066 ], [ -74.038257404072709, 4.781980648960126 ], [ -74.038282684999956, 4.781956902000047 ], [ -74.038351063999983, 4.781900624000059 ], [ -74.038422006999951, 4.781849642000054 ], [ -74.038422144293975, 4.781849543503411 ], [ -74.038422965999985, 4.781848953000065 ], [ -74.038498081999933, 4.781802110000058 ], [ -74.038576091999971, 4.781760296000073 ], [ -74.038656659999958, 4.781723689000046 ], [ -74.038739441999951, 4.781692448000058 ], [ -74.038824083999941, 4.781666705000021 ], [ -74.038910223999949, 4.781646570000021 ], [ -74.038997491999964, 4.781632130000048 ], [ -74.039016090999951, 4.78163029500007 ], [ -74.039085513999964, 4.781623447000072 ], [ -74.039173912999956, 4.781620558000043 ], [ -74.039262311999948, 4.781623474000071 ], [ -74.039285893999988, 4.781625808000058 ], [ -74.039285893958791, 4.781625808029804 ], [ -74.039292434029278, 4.781626455334766 ], [ -74.039339694999967, 4.781631133000076 ], [ -74.03935033099998, 4.781632186000024 ], [ -74.039362189999963, 4.781634152000038 ], [ -74.039437593999935, 4.781646653000053 ], [ -74.03952372699996, 4.781666814000062 ], [ -74.039584905999959, 4.781684831000064 ], [ -74.039708800999961, 4.781724527000051 ], [ -74.039933823999945, 4.781759108000074 ], [ -74.040185042999951, 4.781797715000039 ], [ -74.040381204396937, 4.78182786070157 ], [ -74.040558002999944, 4.781855030000031 ], [ -74.040636012086324, 4.781867019023958 ], [ -74.040695421999942, 4.781876149000027 ], [ -74.040729864628261, 4.781881442190984 ], [ -74.040939609999953, 4.781913675000055 ], [ -74.040998835999972, 4.781924135000054 ], [ -74.041059786999938, 4.781938401000048 ], [ -74.04108496899994, 4.781944296000063 ], [ -74.041169602999958, 4.781970066000042 ], [ -74.041203150505709, 4.781982738520485 ], [ -74.041220820999968, 4.781989413000076 ], [ -74.041252374999942, 4.782001333000039 ], [ -74.041332931999989, 4.782037965000029 ], [ -74.041396617999965, 4.78207212600006 ], [ -74.041410928999937, 4.782079803000045 ], [ -74.041441103999944, 4.782098632000043 ], [ -74.041486031999966, 4.782126668000046 ], [ -74.041557916999977, 4.782178362000025 ], [ -74.04162466799994, 4.782233335000058 ], [ -74.041626278999956, 4.782234662000064 ], [ -74.041690822999954, 4.782295327000043 ], [ -74.04171450299998, 4.782320697000046 ], [ -74.041718987684945, 4.782325502080628 ], [ -74.041734952999946, 4.782342607000032 ], [ -74.041751273999978, 4.782360095000058 ], [ -74.041761664999967, 4.782372800000076 ], [ -74.041807373999973, 4.782428692000053 ], [ -74.041858881999985, 4.782500822000031 ], [ -74.041885502237449, 4.782543783356434 ], [ -74.041888235999977, 4.782548195000061 ], [ -74.041905574999987, 4.782576178000056 ], [ -74.041947256999947, 4.78265443600003 ], [ -74.04198374799995, 4.782735262000074 ], [ -74.042014890999951, 4.78281830800006 ], [ -74.042040551999946, 4.782903220000037 ], [ -74.042060622999941, 4.782989633000057 ], [ -74.042075017999935, 4.783077178000042 ], [ -74.042083673999969, 4.783165481000026 ], [ -74.04208655399998, 4.783254163000038 ], [ -74.04208364699997, 4.78334284400006 ], [ -74.042074964999983, 4.783431144000076 ], [ -74.042071088999933, 4.783458491000033 ], [ -74.04202171299994, 4.783783105000055 ], [ -74.042018063232717, 4.783807095790738 ], [ -74.042012034999971, 4.783846728000071 ], [ -74.042008536999958, 4.783869723000066 ], [ -74.041964764332931, 4.784157499987309 ], [ -74.041941670999961, 4.784309326000027 ], [ -74.041933469999947, 4.784363238000026 ], [ -74.041906005999977, 4.784543800000051 ], [ -74.041896316999953, 4.78460749900006 ], [ -74.041799864999973, 4.785241602000042 ], [ -74.041762799999958, 4.785485282000025 ], [ -74.041735432999985, 4.78566519900005 ], [ -74.041651157999979, 4.786219251000034 ], [ -74.041554105999978, 4.786857298000029 ], [ -74.041547982999987, 4.786897554000063 ], [ -74.041491724081922, 4.787267411106306 ], [ -74.041478815999938, 4.787352273000067 ], [ -74.041476688095813, 4.787366261882794 ], [ -74.041442968999945, 4.787587944000052 ], [ -74.041441224999971, 4.787599408000062 ], [ -74.041238959999987, 4.788929145000054 ], [ -74.041164741999978, 4.789417078000042 ], [ -74.041147254999942, 4.78953204000004 ], [ -74.041084446999946, 4.789944947000038 ], [ -74.041073955999934, 4.790013920000035 ], [ -74.041064295074747, 4.790077432651497 ], [ -74.04105734999996, 4.790123092000044 ], [ -74.041055441715102, 4.790135636222548 ], [ -74.041022510511297, 4.790352131850931 ], [ -74.040969329999939, 4.790701755000043 ], [ -74.040931031717008, 4.790953531735905 ], [ -74.040907774999937, 4.791106427000045 ], [ -74.040906812999935, 4.791112748000046 ], [ -74.04096513099995, 4.791148606000036 ], [ -74.041044730999943, 4.791205898000044 ], [ -74.041119982999987, 4.791268823000053 ], [ -74.041190494999967, 4.791337052000074 ], [ -74.04125589399996, 4.79141022500005 ], [ -74.041315838999935, 4.791487957000072 ], [ -74.041370013999938, 4.791569841000069 ], [ -74.041395833999957, 4.791612116000067 ], [ -74.041479806999973, 4.791656653000075 ], [ -74.041560420999986, 4.791707049000024 ], [ -74.041619603999948, 4.791750175000061 ], [ -74.041629625999974, 4.791757479000069 ], [ -74.041637271999946, 4.791763051000032 ], [ -74.041709972999968, 4.791824376000022 ], [ -74.041778156999953, 4.791890715000022 ], [ -74.041841483999974, 4.791961737000065 ], [ -74.04188666999994, 4.792020287000071 ], [ -74.041899631999968, 4.792037083000025 ], [ -74.041966629999934, 4.792130334000035 ], [ -74.042061882999974, 4.792262913000059 ], [ -74.042071144999966, 4.792276738000055 ], [ -74.042084951219181, 4.792297347079714 ], [ -74.042112269999961, 4.792338126000061 ], [ -74.042157502999942, 4.792416567000032 ], [ -74.042197375999933, 4.792497881000031 ], [ -74.042231709999953, 4.792581700000028 ], [ -74.042260349999935, 4.792667646000041 ], [ -74.042283164999958, 4.792755328000055 ], [ -74.042300050999984, 4.792844350000053 ], [ -74.042310934999989, 4.792934309000032 ], [ -74.042347997999968, 4.792986874000064 ], [ -74.042399879999948, 4.793066205000059 ], [ -74.042446105999943, 4.793148980000069 ], [ -74.042486446999987, 4.793234798000071 ], [ -74.042520707999984, 4.79332323400007 ], [ -74.042548710999938, 4.793413828000041 ], [ -74.042548719999957, 4.793413858000065 ], [ -74.042565080999964, 4.793483736000042 ], [ -74.042570345999934, 4.793506225000044 ], [ -74.042585478999968, 4.793599884000059 ], [ -74.042594046999966, 4.793694373000051 ], [ -74.042594046999966, 4.79369437400004 ], [ -74.042596006999986, 4.793789233000041 ], [ -74.042591358999971, 4.79388377500004 ], [ -74.042591347999974, 4.793883999000059 ], [ -74.042580095999938, 4.79397820500003 ], [ -74.042517047999979, 4.794384970000067 ], [ -74.042498627999976, 4.794481001000065 ], [ -74.042473308999945, 4.794575440000074 ], [ -74.042441225999937, 4.794667784000069 ], [ -74.042402546999938, 4.794757551000032 ], [ -74.042412316999958, 4.794848943000034 ], [ -74.042415827999946, 4.794940791000045 ], [ -74.042413063999959, 4.795032664000075 ], [ -74.042404039999951, 4.795124133000058 ], [ -74.042388794999965, 4.795214768000051 ], [ -74.042335209999976, 4.795481538000047 ], [ -74.042365059999952, 4.795568439000021 ], [ -74.042388971999969, 4.795657169000037 ], [ -74.042406835999941, 4.795747320000032 ], [ -74.042418569999938, 4.795838477000075 ], [ -74.042424121999943, 4.795930224000074 ], [ -74.042423462999977, 4.796022137000023 ], [ -74.042416598999978, 4.796113794000064 ], [ -74.042403559999968, 4.796204773000056 ], [ -74.042384407999975, 4.796294657000033 ], [ -74.042359227999953, 4.79638303400003 ], [ -74.04232813699997, 4.796469495000053 ], [ -74.042291277999936, 4.796553645000074 ], [ -74.042248821999976, 4.796635097000035 ], [ -74.042182769999954, 4.796751985000071 ], [ -74.042158934999975, 4.796843484000021 ], [ -74.042198843999984, 4.796916312000064 ], [ -74.04221686896841, 4.79694920699892 ], [ -74.042277742999943, 4.797060295000051 ], [ -74.042311139999981, 4.797121243000049 ], [ -74.042321958999935, 4.797142634000068 ], [ -74.042352424999933, 4.79720287300006 ], [ -74.042388019999976, 4.797287157000028 ], [ -74.042404472999976, 4.797335041000053 ], [ -74.042417754999974, 4.797373697000069 ], [ -74.042441487999952, 4.797462083000028 ], [ -74.042514568999934, 4.797519029000057 ], [ -74.04258359499994, 4.79758085900005 ], [ -74.042648240999938, 4.797647280000035 ], [ -74.04270820499994, 4.79771798400003 ], [ -74.042763205999961, 4.797792637000043 ], [ -74.042812986999934, 4.797870892000049 ], [ -74.042857311999967, 4.797952379000037 ], [ -74.042873869999937, 4.797988496000073 ], [ -74.042895976999944, 4.798036719000038 ], [ -74.042928797999934, 4.798123514000054 ], [ -74.042972851999934, 4.798253240000065 ], [ -74.042994472999965, 4.79831690900005 ], [ -74.043063901999972, 4.798521359000063 ], [ -74.043090743999983, 4.79861027100003 ], [ -74.043111452999938, 4.798700818000043 ], [ -74.043125934999978, 4.79879257500005 ], [ -74.043134118999944, 4.798885110000072 ] ], [ [ -74.039513214565048, 4.810794951008423 ], [ -74.039513214565048, 4.810794951008419 ], [ -74.039513213999953, 4.810794952000037 ], [ -74.039513214565048, 4.810794951008423 ] ], [ [ -74.038737851108877, 4.809509369153051 ], [ -74.038737851108877, 4.80950936915305 ], [ -74.038737849999961, 4.809509369000068 ], [ -74.038737851108877, 4.809509369153051 ] ], [ [ -74.037994030165493, 4.804796086594306 ], [ -74.037994030165493, 4.804796086594304 ], [ -74.037994029999936, 4.804796087000057 ], [ -74.037994030165493, 4.804796086594306 ] ], [ [ -74.039362189946431, 4.78163415214868 ], [ -74.039362189946431, 4.781634152148681 ], [ -74.039362189999963, 4.781634152000038 ], [ -74.039362189946431, 4.78163415214868 ] ], [ [ -74.040558002864628, 4.781855030745828 ], [ -74.040558002864628, 4.781855030745829 ], [ -74.040558002999944, 4.781855030000031 ], [ -74.040558002864628, 4.781855030745828 ] ], [ [ -74.041220820916948, 4.781989413492073 ], [ -74.041220820916948, 4.781989413492075 ], [ -74.041220820999968, 4.781989413000076 ], [ -74.041220820916948, 4.781989413492073 ] ], [ [ -74.041441103925749, 4.782098632446234 ], [ -74.041441103925749, 4.782098632446237 ], [ -74.041441103999944, 4.782098632000043 ], [ -74.041441103925749, 4.782098632446234 ] ], [ [ -74.041761664893954, 4.782372800599942 ], [ -74.041761664893954, 4.782372800599947 ], [ -74.041761664999967, 4.782372800000076 ], [ -74.041761664893954, 4.782372800599942 ] ], [ [ -74.040474228455508, 4.8064130664995 ], [ -74.040474228455508, 4.806413066499501 ], [ -74.040474228533157, 4.806413066510982 ], [ -74.040474228455508, 4.8064130664995 ] ] ] } },
{ "type": "Feature", "properties": { "nombre": "Humedal de Jaboque", "id": 0, "cobertura": "Arbustales", "periodo": 2014, "fechaini": "2000-01-01T00:00:00", "fechafin": "2020-01-01T00:00:00", "Shape_Leng": 0.00043713609194899998, "Shape_Area": 1.0427166004499999e-08 }, "geometry": { "type": "Polygon", "coordinates": [ [ [ -74.140192670999966, 4.716644285000029 ], [ -74.140236324999989, 4.716651956000021 ], [ -74.140266849999989, 4.716657683000051 ], [ -74.140352977999953, 4.716677832000073 ], [ -74.140437607999957, 4.716703589000076 ], [ -74.140520377999962, 4.716734845000076 ], [ -74.140600932999973, 4.716771465000022 ], [ -74.140608806999978, 4.716775687000052 ], [ -74.140678927999943, 4.71681329200004 ], [ -74.140689400999975, 4.716819421000025 ], [ -74.140911522999943, 4.716950766000025 ], [ -74.140962163999973, 4.716980711000076 ], [ -74.141015016999972, 4.717011964000051 ], [ -74.141053307999982, 4.717036094000036 ], [ -74.141079644999934, 4.717052691000049 ], [ -74.141151531999981, 4.71710437400003 ], [ -74.141219895999939, 4.717160663000072 ], [ -74.141284442999961, 4.717221318000043 ], [ -74.141344898999989, 4.717286078000029 ], [ -74.141353141999957, 4.717295853000053 ], [ -74.141375836999941, 4.717322766000052 ], [ -74.141412057999958, 4.717343010000036 ], [ -74.141487158999951, 4.717389866000076 ], [ -74.141559045999941, 4.717441549000057 ], [ -74.141619354999989, 4.717490808000036 ], [ -74.141626129999963, 4.717493372000035 ], [ -74.141661401999954, 4.717506727000057 ], [ -74.141699854999956, 4.717521287000068 ], [ -74.141780409999967, 4.717557907000071 ], [ -74.141858404999937, 4.717599735000022 ], [ -74.141916130999959, 4.717635748000021 ], [ -74.141933506999976, 4.717646590000072 ], [ -74.141964218999988, 4.717668670000023 ], [ -74.142005393999966, 4.717698273000053 ], [ -74.142073757999981, 4.717754562000039 ], [ -74.142138304999946, 4.717815217000066 ], [ -74.142160933999946, 4.71783847100005 ], [ -74.142377349999947, 4.71806626700004 ], [ -74.142415176999975, 4.718107773000042 ], [ -74.142440842999974, 4.718138018000047 ], [ -74.143038013999956, 4.718862986000033 ], [ -74.143068452999955, 4.71890133100004 ], [ -74.143119965999972, 4.718973454000036 ], [ -74.143147287999966, 4.719016188000069 ], [ -74.143183434999969, 4.719075127000053 ], [ -74.143330834999972, 4.719315470000026 ], [ -74.143330835011724, 4.71931547010614 ], [ -74.14338622799994, 4.719405791000042 ], [ -74.143405608999956, 4.719438405000062 ], [ -74.143447297999955, 4.719516657000042 ], [ -74.143466227999966, 4.719556814000043 ], [ -74.143734, 4.720149804000073 ], [ -74.14375156899996, 4.720190467000066 ], [ -74.14378272099998, 4.720273509000037 ], [ -74.143782846999954, 4.720273882000072 ], [ -74.143795583999974, 4.720311564000042 ], [ -74.144010013999946, 4.720285907000061 ], [ -74.144081669999935, 4.720279269000059 ], [ -74.144170061999944, 4.720276366000064 ], [ -74.144258453999953, 4.720279270000049 ], [ -74.144346465999945, 4.720287967000047 ], [ -74.144433723999953, 4.720302421000042 ], [ -74.144519852999963, 4.720322569000075 ], [ -74.144604482999966, 4.720348326000021 ], [ -74.144687253999962, 4.720379581000032 ], [ -74.144711434999977, 4.720390573000032 ], [ -74.144767808999973, 4.720416201000035 ], [ -74.144772812999975, 4.720418884000026 ], [ -74.144845804999989, 4.720458028000053 ], [ -74.144919206999987, 4.720503744000041 ], [ -74.147459826999977, 4.72220132700005 ], [ -74.147681700999954, 4.722349578000035 ], [ -74.147778121999977, 4.722413993000032 ], [ -74.14782624694648, 4.722446143721381 ], [ -74.149741779727123, 4.723725845974963 ], [ -74.149927484999978, 4.723849909000023 ], [ -74.150048007461791, 4.723930425275037 ], [ -74.150140807999946, 4.723992421000048 ], [ -74.150169772999959, 4.72401177200004 ], [ -74.15017155299995, 4.724012964000053 ], [ -74.150185466999972, 4.724022966000064 ], [ -74.150243440999986, 4.724064646000045 ], [ -74.15031180699998, 4.724120934000041 ], [ -74.150376354999935, 4.724181590000057 ], [ -74.150436811999953, 4.724246349000055 ], [ -74.150492917999941, 4.724314937000031 ], [ -74.150504076999937, 4.724330560000055 ], [ -74.150544431999947, 4.724387060000026 ], [ -74.150591134999956, 4.724462408000022 ], [ -74.150632824999946, 4.724540660000059 ], [ -74.150669324999967, 4.724621479000064 ], [ -74.150700477999976, 4.724704521000035 ], [ -74.150726151999947, 4.724789428000065 ], [ -74.150746234999986, 4.724875841000028 ], [ -74.150760640999977, 4.724963384000034 ], [ -74.150769309999987, 4.725051685000039 ], [ -74.150772204999953, 4.725140367000051 ], [ -74.150769310999976, 4.725229048000074 ], [ -74.150760642999956, 4.725317349000022 ], [ -74.150746237999954, 4.725404893000075 ], [ -74.150726155999962, 4.725491306000038 ], [ -74.150700483999969, 4.725576213000068 ], [ -74.15066933099996, 4.725659256000029 ], [ -74.150632831999985, 4.725740076000022 ], [ -74.150591141999939, 4.725818328000059 ], [ -74.150586742999963, 4.72582591500003 ], [ -74.150398578999955, 4.72614806100006 ], [ -74.150356276999958, 4.726215822000029 ], [ -74.150304762999951, 4.726287945000024 ], [ -74.150260417999959, 4.726342158000023 ], [ -74.150248657999953, 4.726356534000047 ], [ -74.150188201999981, 4.726421294000033 ], [ -74.15012365399997, 4.72648194900006 ], [ -74.150055288999965, 4.726538238000046 ], [ -74.149983400999986, 4.726589920000038 ], [ -74.149955636999948, 4.726608043000056 ], [ -74.149584187999949, 4.726844052000047 ], [ -74.14952124399997, 4.72688404400003 ], [ -74.149446434736859, 4.726931575365413 ], [ -74.149319754999965, 4.727012064000064 ], [ -74.149276509999936, 4.727039540000021 ], [ -74.149229170999945, 4.727068273000043 ], [ -74.149215187999971, 4.727075772000035 ], [ -74.149180624535688, 4.727094306383753 ], [ -74.149156440999946, 4.727107275000037 ], [ -74.14915117399994, 4.727110099000072 ], [ -74.149123067999938, 4.727123603000052 ], [ -74.148536014999934, 4.727397358000076 ], [ -74.148495140015484, 4.727416418402457 ], [ -74.148451837999971, 4.72743661100003 ], [ -74.148365913999953, 4.727476679000063 ], [ -74.148332525999933, 4.727492248000033 ], [ -74.147263540999973, 4.728072399000041 ], [ -74.146751749999964, 4.728372102000037 ], [ -74.146746209999947, 4.728375328000027 ], [ -74.146694777999983, 4.728403644000025 ], [ -74.145901332999983, 4.728818259000036 ], [ -74.145874767999942, 4.728831769000067 ], [ -74.145857823999961, 4.728840005000052 ], [ -74.145273448999944, 4.729119042000036 ], [ -74.145142181420582, 4.729196962549378 ], [ -74.145128486999965, 4.729205092000029 ], [ -74.144974806721763, 4.729296316316255 ], [ -74.144940684999938, 4.729316571000027 ], [ -74.144909633883557, 4.729335002787101 ], [ -74.144812144999946, 4.729392872000062 ], [ -74.144799690999946, 4.729400175000023 ], [ -74.144789276999973, 4.729406145000041 ], [ -74.144428998999956, 4.729610575000038 ], [ -74.144350247999967, 4.729655259000026 ], [ -74.144150055999944, 4.729768852000063 ], [ -74.144082472999969, 4.729804708000074 ], [ -74.144059633999973, 4.729815741000039 ], [ -74.143920322999975, 4.729881437000074 ], [ -74.143603955388954, 4.730030625693209 ], [ -74.143589519999978, 4.730037433000064 ], [ -74.14358015103322, 4.730041851054469 ], [ -74.143567187999963, 4.73004796400005 ], [ -74.143558083823336, 4.730052257125521 ], [ -74.143495776945997, 4.730081638719123 ], [ -74.143448779999972, 4.730103801000041 ], [ -74.143391061999978, 4.730129386000044 ], [ -74.14331767799996, 4.730157404000067 ], [ -74.142838032999975, 4.730324703000065 ], [ -74.142828644999952, 4.730327939000063 ], [ -74.14274401299997, 4.730353696000066 ], [ -74.14265788199998, 4.730373843000052 ], [ -74.142585231999988, 4.730386285000066 ], [ -74.142539322999937, 4.730392861000041 ], [ -74.142450587999974, 4.730405570000073 ], [ -74.142189439999981, 4.730442974000027 ], [ -74.142174830999977, 4.73044498400003 ], [ -74.142086817999939, 4.730453681000029 ], [ -74.14199842499994, 4.730456584000024 ], [ -74.141910030999952, 4.73045367900005 ], [ -74.141822017999971, 4.730444982000051 ], [ -74.141734758999974, 4.730430528000056 ], [ -74.141648628999974, 4.730410380000023 ], [ -74.141563996999935, 4.730384622000031 ], [ -74.141481225999939, 4.730353367000021 ], [ -74.14140066899995, 4.730316746000028 ], [ -74.141322671999944, 4.730274919000067 ], [ -74.141247568999972, 4.730228064000073 ], [ -74.141175680999936, 4.730176381000035 ], [ -74.141107315999989, 4.73012009200005 ], [ -74.141042767999977, 4.730059436000033 ], [ -74.14099269899998, 4.730005804000029 ], [ -74.140982310999959, 4.729994676000047 ], [ -74.140926205999961, 4.729926087000024 ], [ -74.140874692999944, 4.729853964000029 ], [ -74.140827989999934, 4.729778615000043 ], [ -74.140786300999935, 4.729700363000063 ], [ -74.140749801999959, 4.729619542000023 ], [ -74.140744848999987, 4.729606341000022 ], [ -74.14071864899995, 4.729536500000052 ], [ -74.140714510999942, 4.729523007000068 ], [ -74.140695789999938, 4.729461957000069 ], [ -74.140657948999944, 4.729324632000043 ], [ -74.140657867999948, 4.729324336000047 ], [ -74.140646420731954, 4.729282792809582 ], [ -74.140641459999983, 4.729264790000059 ], [ -74.140543960999935, 4.728910957000039 ], [ -74.1404605385558, 4.728608206899298 ], [ -74.140328401999966, 4.728128670000046 ], [ -74.140227806999974, 4.72776360000006 ], [ -74.140154560999974, 4.727497783000047 ], [ -74.140079603999936, 4.727225755000063 ], [ -74.14005244599997, 4.727127311000061 ], [ -74.140039722999973, 4.727081189000046 ], [ -74.139988138999968, 4.727085577000025 ], [ -74.139899745999969, 4.727088479000031 ], [ -74.13981135299997, 4.727085575000046 ], [ -74.13981045099996, 4.727085487000068 ], [ -74.139723339999989, 4.727076877000059 ], [ -74.139636081999981, 4.727062423000064 ], [ -74.139549951999982, 4.727042274000041 ], [ -74.139465320999989, 4.727016517000038 ], [ -74.139382549999937, 4.726985261000038 ], [ -74.139301993999936, 4.726948640000046 ], [ -74.139223997999977, 4.726906813000028 ], [ -74.139207255999963, 4.72689695400004 ], [ -74.138909956999953, 4.726718983000069 ], [ -74.138874700927587, 4.726697877291211 ], [ -74.138871300999938, 4.726695842000026 ], [ -74.138860730876601, 4.72668951425446 ], [ -74.138858166072694, 4.726687978890483 ], [ -74.138822771999969, 4.726666791000071 ], [ -74.138785950999988, 4.726644748000069 ], [ -74.138727589999974, 4.726607752000064 ], [ -74.138655702999984, 4.726556069000026 ], [ -74.138632290999965, 4.726537631000042 ], [ -74.138586338999971, 4.726500614000031 ], [ -74.138538750061301, 4.726462277581259 ], [ -74.138501216999941, 4.726432042000056 ], [ -74.138363547869346, 4.726321139224589 ], [ -74.136654660999966, 4.724944508000021 ], [ -74.135555932985184, 4.724059397854571 ], [ -74.135381032999987, 4.72391850300005 ], [ -74.13535341499994, 4.723896254000067 ], [ -74.135308461999955, 4.723858402000076 ], [ -74.135289901999954, 4.723840961000064 ], [ -74.135243915, 4.723797746000059 ], [ -74.135192500999949, 4.723743224000032 ], [ -74.135078438999983, 4.723615357000028 ], [ -74.134901572999979, 4.723417084000062 ], [ -74.13472642399995, 4.723220735000041 ], [ -74.134717382999952, 4.723210497000025 ], [ -74.134661278999943, 4.72314190700007 ], [ -74.134609766999972, 4.723069783000028 ], [ -74.134563065999942, 4.722994434000043 ], [ -74.134521376999942, 4.722916181000073 ], [ -74.134484878999956, 4.722835360000033 ], [ -74.134482490999972, 4.722829538000042 ], [ -74.134373474999961, 4.722561968000036 ], [ -74.134344711999972, 4.722484748000056 ], [ -74.134319040999969, 4.722399840000037 ], [ -74.134298959999967, 4.722313428000064 ], [ -74.134284555999955, 4.722225883000021 ], [ -74.134280620999959, 4.722185799000044 ], [ -74.134277333999989, 4.722152316000063 ], [ -74.13427588899998, 4.722137582000073 ], [ -74.134272995999936, 4.722048900000061 ], [ -74.134275891999948, 4.721960219000039 ], [ -74.134284561999948, 4.721871918000033 ], [ -74.134298968999985, 4.721784375000027 ], [ -74.134319052999956, 4.721697963000054 ], [ -74.134344726999984, 4.721613056000024 ], [ -74.134370600999944, 4.721543275000045 ], [ -74.134331675529737, 4.721432888523117 ], [ -74.134329459080448, 4.721426603023497 ], [ -74.134329458999957, 4.721426603000054 ], [ -74.134289343999967, 4.721312843000021 ], [ -74.134269745999973, 4.721282551000058 ], [ -74.134256162064744, 4.721261553180686 ], [ -74.134191312999974, 4.721161315000074 ], [ -74.13404348399996, 4.721088525000027 ], [ -74.134041157999945, 4.72108737700006 ], [ -74.133963161999986, 4.721045549000053 ], [ -74.133888060999936, 4.720998692000023 ], [ -74.133816173999946, 4.720947008000053 ], [ -74.133812995999961, 4.720944554000027 ], [ -74.133696499999985, 4.720854315000054 ], [ -74.133223664999946, 4.720488050000029 ], [ -74.133158479999963, 4.720434214000022 ], [ -74.133093933999987, 4.720373558000063 ], [ -74.133059838999941, 4.720338085000037 ], [ -74.132669447999945, 4.719916838000074 ], [ -74.13265845899997, 4.719904837000058 ], [ -74.132621236999967, 4.719910282000058 ], [ -74.132533223999985, 4.71991897700002 ], [ -74.132444831999976, 4.719921879000026 ], [ -74.132356439999967, 4.719918974000052 ], [ -74.132268427999975, 4.719910275000075 ], [ -74.132181170999957, 4.719895820000033 ], [ -74.132095041999946, 4.719875670000022 ], [ -74.132010412999989, 4.719849912000029 ], [ -74.131927642999983, 4.71981865500004 ], [ -74.131859430999953, 4.719788064000056 ], [ -74.131585712999936, 4.719656082000029 ], [ -74.131573368999966, 4.719650053000066 ], [ -74.13149537399994, 4.719608225000059 ], [ -74.131420272999947, 4.719561368000029 ], [ -74.131348386999946, 4.719509683000069 ], [ -74.131280023999977, 4.719453393000038 ], [ -74.131264940999984, 4.71943992000007 ], [ -74.131171889999962, 4.719355544000052 ], [ -74.130999464999945, 4.719308536000028 ], [ -74.130919414999937, 4.719284017000064 ], [ -74.130836644999988, 4.719252761000064 ], [ -74.130756089999977, 4.719216140000071 ], [ -74.130678094999951, 4.719174312000064 ], [ -74.130602993999958, 4.719127455000034 ], [ -74.130531107999957, 4.719075771000064 ], [ -74.130462744999988, 4.719019480000043 ], [ -74.130416676999971, 4.718977013000028 ], [ -74.130378247999943, 4.71893990600006 ], [ -74.129937361999964, 4.718514182000035 ], [ -74.129918882999959, 4.718495992000044 ], [ -74.129858427999977, 4.718431231000068 ], [ -74.129802324999957, 4.718362641000056 ], [ -74.129767541999968, 4.718315050000058 ], [ -74.129746233999981, 4.718302343000062 ], [ -74.129685896999945, 4.718264164000061 ], [ -74.129614010999944, 4.718212480000034 ], [ -74.129545647999976, 4.718156190000059 ], [ -74.129481101999943, 4.718095534000042 ], [ -74.129420646999961, 4.718030773000066 ], [ -74.129364543999941, 4.717962182000065 ], [ -74.129352124999969, 4.717945683000039 ], [ -74.129205447999936, 4.717747716000076 ], [ -74.129166356999974, 4.717692090000071 ], [ -74.129119656999933, 4.717616740000039 ], [ -74.129112383999939, 4.717603089000022 ], [ -74.129077968999979, 4.71753848700007 ], [ -74.129076524999959, 4.717535541000075 ], [ -74.129040379999935, 4.717490314000031 ], [ -74.128988868999954, 4.717418189000057 ], [ -74.128958354999952, 4.717370220000021 ], [ -74.128861772999983, 4.717211124000073 ], [ -74.128845586999944, 4.717183743000021 ], [ -74.12880389999998, 4.717105490000051 ], [ -74.128767402999983, 4.717024669000068 ], [ -74.128736251999953, 4.71694162600005 ], [ -74.12871058199994, 4.716856717000041 ], [ -74.128704174999939, 4.716829146000066 ], [ -74.128690501999984, 4.716770305000068 ], [ -74.128690349999943, 4.716769386000067 ], [ -74.128676097999971, 4.716682761000072 ], [ -74.128667431999986, 4.716594460000067 ], [ -74.128664539999988, 4.716505778000055 ], [ -74.128666163999981, 4.716456040000025 ], [ -74.128667436999933, 4.716417097000033 ], [ -74.128668522999988, 4.716406028000051 ], [ -74.128676106999933, 4.716328795000038 ], [ -74.128678191999938, 4.716313581000065 ], [ -74.128705676999971, 4.716121041000065 ], [ -74.128708693999954, 4.716103325000063 ], [ -74.128718, 4.716048712000031 ], [ -74.128738084999952, 4.715962301000047 ], [ -74.128739593999967, 4.715957310000022 ], [ -74.12876375899998, 4.715877394000074 ], [ -74.128794913999968, 4.715794353000035 ], [ -74.128822105391222, 4.71573414620459 ], [ -74.128829465999956, 4.715717848000054 ], [ -74.128831414999979, 4.715713533000041 ], [ -74.128857880999988, 4.715663859000074 ], [ -74.128863141792067, 4.715653985254136 ], [ -74.128864176999969, 4.715652042000045 ], [ -74.128873106999947, 4.715635282000051 ], [ -74.128877446999979, 4.715628280000033 ], [ -74.128881958606982, 4.715621001342233 ], [ -74.128902085999982, 4.715588529000058 ], [ -74.128919809999957, 4.715559935000044 ], [ -74.128971324999952, 4.715487814000028 ], [ -74.12902743099994, 4.715419226000051 ], [ -74.129087888999948, 4.715354468000044 ], [ -74.129152437999949, 4.715293815000052 ], [ -74.129179291999947, 4.715270804000056 ], [ -74.129268646999947, 4.715196242000047 ], [ -74.129279154999949, 4.715180432000068 ], [ -74.129279853999947, 4.71517938300002 ], [ -74.129331367999953, 4.715107261000071 ], [ -74.129387473999941, 4.715038673000038 ], [ -74.129447931999948, 4.71497391500003 ], [ -74.129512480999949, 4.714913262000039 ], [ -74.129580845999953, 4.714856975000032 ], [ -74.129652733999933, 4.714805295000076 ], [ -74.129727836999962, 4.714758441000072 ], [ -74.129782342999988, 4.714729214000045 ], [ -74.129758088999949, 4.714719443000035 ], [ -74.129677533999939, 4.714682823000032 ], [ -74.129599539999958, 4.714640994000035 ], [ -74.129524438999965, 4.714594137000063 ], [ -74.129452553999954, 4.714542452000046 ], [ -74.129450589999976, 4.714540937000038 ], [ -74.129313732999947, 4.714435172000037 ], [ -74.129247333999956, 4.71438039700007 ], [ -74.12918278799998, 4.714319741000054 ], [ -74.129122333999987, 4.714254980000021 ], [ -74.129066230999968, 4.714186390000066 ], [ -74.129049133999956, 4.714163539000026 ], [ -74.128964443999962, 4.714047831000073 ], [ -74.128930030999982, 4.713998557000025 ], [ -74.12888333099994, 4.71392320800004 ], [ -74.128841643999976, 4.71384495500007 ], [ -74.12880514699998, 4.71376413400003 ], [ -74.128789692999987, 4.713724992000039 ], [ -74.128769320999936, 4.713670958000023 ], [ -74.12873005199998, 4.713566799000034 ], [ -74.128714355999989, 4.713522899000054 ], [ -74.128695264999976, 4.713461763000055 ], [ -74.128652556999953, 4.713404214000036 ], [ -74.128612811999972, 4.713347708000072 ], [ -74.128566111999987, 4.71327235800004 ], [ -74.128534072999969, 4.713213348000068 ], [ -74.128328072999977, 4.712981558000024 ], [ -74.128320672999962, 4.712973162000026 ], [ -74.128264569999942, 4.71290457200007 ], [ -74.128213058999961, 4.712832448000029 ], [ -74.128166359999966, 4.712757098000054 ], [ -74.128124672999945, 4.712678845000028 ], [ -74.128088175999949, 4.712598024000044 ], [ -74.12807036199996, 4.712550534000059 ], [ -74.128057025999965, 4.712514981000027 ], [ -74.128056476999973, 4.712513167000054 ], [ -74.128031355999951, 4.712430073000064 ], [ -74.128025001999958, 4.712405349000051 ], [ -74.127986863999979, 4.712416205000068 ], [ -74.127900734999969, 4.712436351000065 ], [ -74.12781347799995, 4.712450801000045 ], [ -74.127725465999958, 4.712459496000065 ], [ -74.127685607999979, 4.712461523000059 ], [ -74.12751009699997, 4.712467846000038 ], [ -74.127495000999943, 4.712467622000077 ], [ -74.127461563999987, 4.712468720000061 ], [ -74.127415748999965, 4.712467214000071 ], [ -74.127373172999967, 4.712465814000041 ], [ -74.127285161999964, 4.712457115000063 ], [ -74.127197905999935, 4.712442659000033 ], [ -74.127111777999971, 4.712422509000021 ], [ -74.127027148999957, 4.71239674900005 ], [ -74.127018215999954, 4.712393672000076 ], [ -74.126878114999954, 4.712344855000026 ], [ -74.126804278999941, 4.712316675000068 ], [ -74.126723724999977, 4.712280054000075 ], [ -74.12664573099994, 4.712238225000021 ], [ -74.126570630999936, 4.712191367000059 ], [ -74.126498745999982, 4.712139683000032 ], [ -74.126487647999966, 4.712131046000025 ], [ -74.126415101999953, 4.712073982000049 ], [ -74.126384217999941, 4.712049688000036 ], [ -74.126366140999949, 4.712034645000074 ], [ -74.126349670123531, 4.712020937921382 ], [ -74.126349669987206, 4.712020937807933 ], [ -74.126326953999978, 4.712002034000022 ], [ -74.126262407999945, 4.711941378000063 ], [ -74.126232376999951, 4.711910269000043 ], [ -74.126176121999947, 4.71185009800007 ], [ -74.126167899999984, 4.711845446000041 ], [ -74.126156059999971, 4.711838667000052 ], [ -74.126080959999967, 4.711791809000033 ], [ -74.126009074999956, 4.711740125000063 ], [ -74.125995385999943, 4.71172944500006 ], [ -74.125706086999969, 4.711500738000041 ], [ -74.125651414999936, 4.711455127000022 ], [ -74.12558686899996, 4.711394470000073 ], [ -74.125580768999953, 4.711388310000075 ], [ -74.125482924999972, 4.711288873000058 ], [ -74.125428571999976, 4.711230271000034 ], [ -74.125372469999945, 4.711161681000021 ], [ -74.125323373999947, 4.711092938000036 ], [ -74.125320959999954, 4.711089556000047 ], [ -74.125286622999965, 4.711035250000066 ], [ -74.125269825999965, 4.711007237000047 ], [ -74.125257587999954, 4.710986828000046 ], [ -74.125219953999988, 4.71092406300005 ], [ -74.125207590999935, 4.710903019000057 ], [ -74.12516590499996, 4.71082476600003 ], [ -74.125129407999964, 4.710743944000058 ], [ -74.125098258999969, 4.71066090100004 ], [ -74.125094173999969, 4.71064837800003 ], [ -74.125089011999989, 4.710632548000035 ], [ -74.125013786999943, 4.710393 ], [ -74.124997363999967, 4.710336445000053 ], [ -74.124977284999943, 4.710250032000033 ], [ -74.124962881999977, 4.710162488000037 ], [ -74.124954724999952, 4.710081669000033 ], [ -74.124940765999952, 4.709884609000028 ], [ -74.124940256999935, 4.709877126000038 ], [ -74.124937365999983, 4.709788444000026 ], [ -74.124940262999985, 4.709699762000071 ], [ -74.124948933999974, 4.709611461000065 ], [ -74.124963341999944, 4.709523918000059 ], [ -74.124983426999961, 4.709437507000075 ], [ -74.124990990999947, 4.709410327000057 ], [ -74.125045414999988, 4.709222307000061 ], [ -74.125063526999952, 4.709164580000049 ], [ -74.125093795999987, 4.709083899000063 ], [ -74.12509468199994, 4.709081540000057 ], [ -74.125131009999961, 4.709001073000024 ], [ -74.125169321999977, 4.70892307500003 ], [ -74.12518917899996, 4.708882650000021 ], [ -74.125280797999949, 4.708696131000067 ], [ -74.125438711999948, 4.708374648000074 ], [ -74.125438884999937, 4.708374295000056 ], [ -74.125480576999962, 4.708296045000054 ], [ -74.125527279999972, 4.708220698000048 ], [ -74.12557488899995, 4.708153707000065 ], [ -74.125704273999986, 4.707982865000076 ], [ -74.125708179999947, 4.707977733000064 ], [ -74.125764285999935, 4.70790914600002 ], [ -74.125824742999953, 4.707844389000059 ], [ -74.125857090999943, 4.707812999000055 ], [ -74.125908381999977, 4.707727961000046 ], [ -74.125910396999984, 4.707708771000057 ], [ -74.12592824099994, 4.707549676000042 ], [ -74.125931331999936, 4.707524278000051 ], [ -74.125945739999963, 4.707436735000044 ], [ -74.125965823999934, 4.70735032400006 ], [ -74.125991498999952, 4.707265417000031 ], [ -74.126022653999939, 4.707182376000048 ], [ -74.126032898999938, 4.707158225000057 ], [ -74.126102998999954, 4.706997324000042 ], [ -74.126129254999967, 4.706940656000029 ], [ -74.126170946999935, 4.706862405000038 ], [ -74.126217649999944, 4.706787058000032 ], [ -74.12626916399995, 4.706714937000072 ], [ -74.126307986999961, 4.706666517000031 ], [ -74.12640367399996, 4.706552622000061 ], [ -74.126420956999937, 4.706532454000069 ], [ -74.126481413999954, 4.706467697000051 ], [ -74.126545961999966, 4.706407044000059 ], [ -74.12661432699997, 4.706350757000052 ], [ -74.12668621499995, 4.70629907700004 ], [ -74.126761316999989, 4.706252224000025 ], [ -74.126774395999973, 4.706244745000049 ], [ -74.126778619999982, 4.706242362000069 ], [ -74.126883564999957, 4.706038015000047 ], [ -74.126914545999966, 4.705981078000036 ], [ -74.126961248999976, 4.70590573100003 ], [ -74.12699923699995, 4.705851601000063 ], [ -74.127106096999967, 4.705706973000076 ], [ -74.127119622999942, 4.705688981000037 ], [ -74.127175727999941, 4.70562039400005 ], [ -74.127236184999958, 4.705555635000053 ], [ -74.127249021999944, 4.705542928000057 ], [ -74.127301444999944, 4.705491719000065 ], [ -74.127319063999948, 4.705432256000051 ], [ -74.127329298999939, 4.705400399000041 ], [ -74.127312883999934, 4.705372142000044 ], [ -74.12731008999998, 4.705367310000042 ], [ -74.12726840299996, 4.705289057000073 ], [ -74.127245631999983, 4.705240310000022 ], [ -74.127212525999937, 4.705165614000066 ], [ -74.127208757999938, 4.705157111000062 ], [ -74.127102219999983, 4.704981155000041 ], [ -74.127086839999947, 4.704955103000032 ], [ -74.127045153999973, 4.704876850000062 ], [ -74.127032189999966, 4.704849720000027 ], [ -74.126981901999955, 4.704741407000029 ], [ -74.126482783999961, 4.704788860000065 ], [ -74.126435576999938, 4.704793348000067 ], [ -74.126233793999972, 4.704812532000062 ], [ -74.126194649999945, 4.704815679000035 ], [ -74.126140420999945, 4.704818148000072 ], [ -74.126069153999936, 4.704819954000072 ], [ -74.126056157999983, 4.704819691000068 ], [ -74.126034993999951, 4.704820386000051 ], [ -74.125983375999965, 4.704819395000072 ], [ -74.125346929999978, 4.704794970000023 ], [ -74.125310157999934, 4.70479305300006 ], [ -74.125236890999986, 4.704786219000027 ], [ -74.125147154999979, 4.70477536900006 ], [ -74.125132410999981, 4.704773503000069 ], [ -74.12505209699998, 4.70476041400002 ], [ -74.124853130999952, 4.704756858000053 ], [ -74.124788766999984, 4.704754167000033 ], [ -74.124700756999971, 4.704745468000056 ], [ -74.124613501999988, 4.704731012000025 ], [ -74.124527374999957, 4.704710861000024 ], [ -74.124442746999989, 4.704685101000052 ], [ -74.124359979999952, 4.704653844000063 ], [ -74.124279426999976, 4.704617222000024 ], [ -74.124201433999986, 4.704575394000074 ], [ -74.124190176400262, 4.704568369823884 ], [ -74.124151793999943, 4.704544422000026 ], [ -74.124126334999971, 4.704528536000055 ], [ -74.12411521599995, 4.704521002000035 ], [ -74.122730244999957, 4.703572382000061 ], [ -74.122689032999972, 4.703555603000041 ], [ -74.122679974999983, 4.703551877000052 ], [ -74.122600506999959, 4.703515791000029 ], [ -74.121831451999981, 4.703136106000045 ], [ -74.121830367999962, 4.703135570000029 ], [ -74.121752374999971, 4.703093741000032 ], [ -74.121677275999957, 4.70304688300007 ], [ -74.121672310999941, 4.70304331400007 ], [ -74.121667911249432, 4.703040150489787 ], [ -74.121659120999936, 4.703033831000027 ], [ -74.121632215482805, 4.703014484579581 ], [ -74.121621625155967, 4.703006869959817 ], [ -74.121605391999935, 4.702995199000043 ], [ -74.121537031999935, 4.702938908000021 ], [ -74.121472486999949, 4.702878250000026 ], [ -74.121472438999945, 4.702878202000022 ], [ -74.121459368999979, 4.702864905000069 ], [ -74.121318935999966, 4.702720046000024 ], [ -74.121287042999938, 4.702687149000042 ], [ -74.121160528999951, 4.702556648000041 ], [ -74.12115455199995, 4.702550156000029 ], [ -74.121113193999975, 4.702505232000021 ], [ -74.12105709399998, 4.702436641000077 ], [ -74.121005583999988, 4.702364516000046 ], [ -74.120958885999983, 4.702289165000025 ], [ -74.120917199999951, 4.702210912000055 ], [ -74.120880704999934, 4.702130090000026 ], [ -74.120849555999939, 4.702047048000054 ], [ -74.120823886999972, 4.701962139000045 ], [ -74.120803808999938, 4.701875726000026 ], [ -74.120789405999972, 4.70178818200003 ], [ -74.120789057999957, 4.701785508000057 ], [ -74.120726007999963, 4.701297374000035 ], [ -74.120717691999971, 4.701211747000059 ], [ -74.120714800999963, 4.701123065000047 ], [ -74.120717697999964, 4.701034384000025 ], [ -74.120726369999943, 4.70094608200003 ], [ -74.12074077799997, 4.700858539000023 ], [ -74.120741614999986, 4.700854350000043 ], [ -74.120694296999943, 4.700787529000024 ], [ -74.120672284999955, 4.700755478000076 ], [ -74.12062558699995, 4.700680128000045 ], [ -74.120583901999964, 4.700601874000029 ], [ -74.120547405999957, 4.700521052000056 ], [ -74.120516257999952, 4.700438009000038 ], [ -74.120490588999985, 4.700353101000076 ], [ -74.120470509999961, 4.700266688000056 ], [ -74.12046477399997, 4.700235895000048 ], [ -74.120401719999961, 4.699874314000056 ], [ -74.120393053999976, 4.699817563000067 ], [ -74.12038438899998, 4.699729261000073 ], [ -74.120381497999972, 4.699640579000061 ], [ -74.120384395999963, 4.699551897000049 ], [ -74.120393066999952, 4.699463597000033 ], [ -74.120407475999968, 4.699376054000027 ], [ -74.120427560999985, 4.699289643000043 ], [ -74.120453235999946, 4.69920473600007 ], [ -74.120456524999952, 4.699195134000036 ], [ -74.120502498974531, 4.699062537988408 ], [ -74.120510350446381, 4.699039893012205 ], [ -74.120539735842485, 4.698955140547 ], [ -74.120546261999948, 4.698936317000062 ], [ -74.120600694999951, 4.698779324000043 ], [ -74.120628561, 4.698705884000049 ], [ -74.120665061999944, 4.698625066000034 ], [ -74.120706752999979, 4.698546815000043 ], [ -74.120753455999989, 4.698471469000026 ], [ -74.120804970999984, 4.698399348000066 ], [ -74.120861075999983, 4.698330761000022 ], [ -74.12089735099994, 4.698290894000024 ], [ -74.120915533999948, 4.698271691000059 ], [ -74.120935688999964, 4.698250407000046 ], [ -74.120999709999978, 4.698182798000062 ], [ -74.12104809899995, 4.698131698000054 ], [ -74.121190074999959, 4.697981766000055 ], [ -74.121515542999987, 4.697192692000044 ], [ -74.121520381999972, 4.697180960000026 ], [ -74.12157815856861, 4.697040885409936 ], [ -74.121583662999967, 4.697027540000022 ], [ -74.121675836999941, 4.69680407200002 ], [ -74.121676021999974, 4.696803623000051 ], [ -74.121712522999985, 4.696722804000046 ], [ -74.121754213999964, 4.696644554000045 ], [ -74.121800916999973, 4.696569207000039 ], [ -74.121852430999979, 4.696497086000022 ], [ -74.121908536999968, 4.696428499000035 ], [ -74.121968992999939, 4.696363741000027 ], [ -74.122033540999951, 4.696303089000025 ], [ -74.122101904999965, 4.696246802000076 ], [ -74.122173791999955, 4.696195123000052 ], [ -74.122248892999949, 4.696148270000037 ], [ -74.122326887999975, 4.696106447000034 ], [ -74.122407442999986, 4.696069831000045 ], [ -74.122490210999956, 4.69603857900006 ], [ -74.12257483999997, 4.696012824000036 ], [ -74.122660966999945, 4.695992678000039 ], [ -74.122748221999984, 4.695978228000058 ], [ -74.122836230999951, 4.695969534000028 ], [ -74.122924619999935, 4.695966634000058 ], [ -74.123013008999976, 4.695969540000021 ], [ -74.123101017999943, 4.695978240000045 ], [ -74.123125199999947, 4.695982246000028 ], [ -74.123188271999936, 4.695992697000065 ], [ -74.123274397999978, 4.696012848000066 ], [ -74.123308547999954, 4.696022514000049 ], [ -74.123504481999987, 4.696080768000058 ], [ -74.123554957999943, 4.696096862000047 ], [ -74.123597430999951, 4.696112902000039 ], [ -74.123637723999934, 4.696128119000036 ], [ -74.123697061999962, 4.696155096000041 ], [ -74.123718275999977, 4.696164741000075 ], [ -74.123721058999934, 4.696166233000042 ], [ -74.123745679382537, 4.696179437701252 ], [ -74.123752511999953, 4.69618310200002 ], [ -74.123796267999978, 4.696206570000072 ], [ -74.123871365999946, 4.696253427000045 ], [ -74.123943249999968, 4.696305112000061 ], [ -74.124011609999968, 4.696361403000026 ], [ -74.124058623999986, 4.696404789000042 ], [ -74.124310885999989, 4.696648862000075 ], [ -74.124328414999979, 4.696666134000054 ], [ -74.124388867999983, 4.69673089500003 ], [ -74.124444967999978, 4.696799487000021 ], [ -74.124496477999969, 4.696871611000063 ], [ -74.124543175999975, 4.696946961000037 ], [ -74.124584861999949, 4.697025214000064 ], [ -74.124621356999967, 4.697106035000047 ], [ -74.124652505999961, 4.697189079000054 ], [ -74.124678175999975, 4.697273987000074 ], [ -74.124698253999952, 4.697360400000036 ], [ -74.124712656999975, 4.697447944000032 ], [ -74.12472132299996, 4.697536245000038 ], [ -74.124723574999962, 4.697583226000063 ], [ -74.124736175999942, 4.697994522000045 ], [ -74.124736813999959, 4.698036223000031 ], [ -74.124733917999947, 4.698124905000043 ], [ -74.124725246999958, 4.698213206000048 ], [ -74.124710838999988, 4.698300749000055 ], [ -74.124700009228221, 4.698347341552067 ], [ -74.124700009217861, 4.698347341596617 ], [ -74.124696318999952, 4.698363219000044 ], [ -74.124690753999971, 4.698387160000038 ], [ -74.124665079999943, 4.698472067000068 ], [ -74.124664747999987, 4.698473046000061 ], [ -74.124527180999962, 4.698878591000039 ], [ -74.124333970999942, 4.699476630000049 ], [ -74.124328086999981, 4.699494421000054 ], [ -74.124313794999978, 4.699534573000051 ], [ -74.124325492999958, 4.699562051000044 ], [ -74.124352553999984, 4.699633190000043 ], [ -74.124452461999965, 4.699919745000045 ], [ -74.12445655099998, 4.699931648000074 ], [ -74.124482219999948, 4.700016556000037 ], [ -74.124502298999971, 4.700102969000056 ], [ -74.124516701999937, 4.700190513000052 ], [ -74.124525366999933, 4.700278815000047 ], [ -74.124528257999941, 4.700367497000059 ], [ -74.124525361999986, 4.700456178000024 ], [ -74.124525261999963, 4.700457691000054 ], [ -74.124523788999966, 4.700479847000054 ], [ -74.125372198999969, 4.701039426000023 ], [ -74.125649630999987, 4.701221195000073 ], [ -74.125849416999984, 4.701229753000064 ], [ -74.125888553999971, 4.70122955100004 ], [ -74.126157673999955, 4.701228163000053 ], [ -74.126261230999944, 4.701226396000038 ], [ -74.126466977999939, 4.701222886000039 ], [ -74.126489996999965, 4.701222690000066 ], [ -74.126540399999953, 4.701222691000055 ], [ -74.126622768999937, 4.701203550000059 ], [ -74.126710024999966, 4.701189099000032 ], [ -74.126787688999968, 4.701181124000072 ], [ -74.127018049999947, 4.701133313000071 ], [ -74.127028205999977, 4.701131245000056 ], [ -74.127115461999949, 4.701116795000075 ], [ -74.127133969999988, 4.701114480000058 ], [ -74.127181371999939, 4.701104131000022 ], [ -74.127268626999978, 4.701089681000042 ], [ -74.127356636999934, 4.701080986000022 ], [ -74.127445026999965, 4.701078085000063 ], [ -74.127496966999956, 4.701079088000029 ], [ -74.127657390999957, 4.701085284000044 ], [ -74.12770801399995, 4.70108099600003 ], [ -74.12779640399998, 4.701078095000071 ], [ -74.127884792999964, 4.701081001000034 ], [ -74.127972802999977, 4.701089700000068 ], [ -74.12806005799996, 4.701104155000053 ], [ -74.128146183999945, 4.701124306000054 ], [ -74.128190088999986, 4.701136911000049 ], [ -74.128474824999955, 4.701223913000035 ], [ -74.128550177999955, 4.701241097000036 ], [ -74.128600448999975, 4.701253582000049 ], [ -74.128615357999934, 4.701258120000034 ], [ -74.128685074999964, 4.701279341000031 ], [ -74.128767841999945, 4.70131059800002 ], [ -74.128786078999951, 4.70131884400007 ], [ -74.128843515999961, 4.701344817000063 ], [ -74.128969018999953, 4.701406288000044 ], [ -74.12897389799997, 4.70140869100004 ], [ -74.129051890999961, 4.701450519000048 ], [ -74.129120607999937, 4.701493123000034 ], [ -74.129328096999984, 4.701630528000067 ], [ -74.129334479999955, 4.701634781000052 ], [ -74.129406363999976, 4.701686465000023 ], [ -74.129470013999935, 4.701738630000023 ], [ -74.129575785999975, 4.701830836000056 ], [ -74.129580496999949, 4.701834961000031 ], [ -74.129645041999936, 4.701895617000048 ], [ -74.129705494999939, 4.701960378000024 ], [ -74.12976159699997, 4.702028968000036 ], [ -74.129813106999961, 4.702101093000067 ], [ -74.129815902999951, 4.702105308000057 ], [ -74.129892932999951, 4.702221920000056 ], [ -74.129936835999956, 4.702293054000052 ], [ -74.129978522999977, 4.702371307000021 ], [ -74.130015018999984, 4.702452128000061 ], [ -74.130039407999959, 4.702515672000061 ], [ -74.130208850999963, 4.702782962000072 ], [ -74.130238917999975, 4.702832717000035 ], [ -74.130280604999939, 4.702910970000062 ], [ -74.130303682999966, 4.70296040900007 ], [ -74.13039089199998, 4.703157472000044 ], [ -74.13040431099995, 4.703188854000075 ], [ -74.130435460999934, 4.703271896000047 ], [ -74.130453714999987, 4.703330127000072 ], [ -74.130513648999965, 4.703437870000073 ], [ -74.130682234999938, 4.703670453000029 ], [ -74.130712957999947, 4.70371466000006 ], [ -74.130759656999942, 4.703790009000045 ], [ -74.130801343999963, 4.703868262000071 ], [ -74.130824234999977, 4.703917279000052 ], [ -74.130968382999981, 4.704242703000034 ], [ -74.130969946999983, 4.704246248000061 ], [ -74.131016433999946, 4.704352010000036 ], [ -74.131028475999983, 4.704380270000058 ], [ -74.131059625999967, 4.704463313000076 ], [ -74.13108529699997, 4.704548221000039 ], [ -74.131105376999983, 4.704634633000069 ], [ -74.131117284999959, 4.704704095000068 ], [ -74.131147012999975, 4.704909292000025 ], [ -74.131149507999964, 4.704927374000022 ], [ -74.13115817399995, 4.705015675000027 ], [ -74.131161065999947, 4.705104357000039 ], [ -74.131159932999935, 4.705159838000043 ], [ -74.131152180999948, 4.705349668000053 ], [ -74.131150417999947, 4.705382868000072 ], [ -74.131141746999958, 4.705471168000031 ], [ -74.131133716999955, 4.705524225000033 ], [ -74.131112483999971, 4.705647952000049 ], [ -74.131137260999935, 4.705729761000043 ], [ -74.131149598999968, 4.705773070000021 ], [ -74.131169678999981, 4.70585948300004 ], [ -74.131184082999937, 4.705947027000036 ], [ -74.131192748999979, 4.706035328000041 ], [ -74.131195640999977, 4.706124010000053 ], [ -74.131193167999982, 4.706205971000031 ], [ -74.131179467999971, 4.706432862000042 ], [ -74.131179044999953, 4.70643958200003 ], [ -74.131170374999954, 4.706527883000035 ], [ -74.131169001999979, 4.706536228000061 ], [ -74.131165798938113, 4.706555690643394 ], [ -74.13116172499997, 4.706580447000022 ], [ -74.131155967999973, 4.706615426000042 ], [ -74.131135883999946, 4.706701837000026 ], [ -74.131110209999974, 4.706786745000045 ], [ -74.131079055999976, 4.706869786000027 ], [ -74.131049451999957, 4.706936367000026 ], [ -74.130962322999949, 4.707118962000038 ], [ -74.130955426999947, 4.707133200000044 ], [ -74.130913735999968, 4.707211451000035 ], [ -74.130867032999959, 4.70728680000002 ], [ -74.130837003999943, 4.707330045000049 ], [ -74.130479863999938, 4.707823615000052 ], [ -74.130413001999955, 4.707981891000031 ], [ -74.130380763999938, 4.708052501000054 ], [ -74.13035444999997, 4.708103301000051 ], [ -74.130300748999957, 4.708201830000064 ], [ -74.130285372999936, 4.708229281000058 ], [ -74.130238669999983, 4.708304629000054 ], [ -74.130187155999977, 4.70837675100006 ], [ -74.130135936999977, 4.708439716000044 ], [ -74.130052323999962, 4.708536436000031 ], [ -74.130047436999973, 4.708542059000024 ], [ -74.129986979999956, 4.708606817000032 ], [ -74.129922431999944, 4.708667470000023 ], [ -74.12985406699994, 4.70872375700003 ], [ -74.129842225999937, 4.708732769000051 ], [ -74.129798792999964, 4.708765449000055 ], [ -74.129814257999953, 4.708770377000064 ], [ -74.129897025999981, 4.708801635000043 ], [ -74.129943392999962, 4.708821933000024 ], [ -74.130687681999973, 4.709164546000068 ], [ -74.130721869999945, 4.709180868000033 ], [ -74.130799863999982, 4.70922269700003 ], [ -74.130867149999972, 4.709264354000027 ], [ -74.130987608999988, 4.709343904000036 ], [ -74.130995421999955, 4.709349104000069 ], [ -74.131067307999956, 4.70940078700005 ], [ -74.131135669999935, 4.709457078000071 ], [ -74.131200214999978, 4.70951773400003 ], [ -74.131260669999961, 4.709582495000063 ], [ -74.131316312999957, 4.709650485000054 ], [ -74.131420823999974, 4.709786984000061 ], [ -74.131421282999952, 4.709787583000036 ], [ -74.131472793999933, 4.709859708000067 ], [ -74.131519492999985, 4.709935057000052 ], [ -74.131561180999938, 4.710013310000022 ], [ -74.131597677999935, 4.710094130000073 ], [ -74.131628827999975, 4.710177174000023 ], [ -74.131636428999968, 4.710200323000038 ], [ -74.131685078999965, 4.710353091000059 ], [ -74.131703147999986, 4.710414850000063 ], [ -74.131723227999942, 4.710501262000037 ], [ -74.13173590599996, 4.710576109000044 ], [ -74.131754258999933, 4.710706465000044 ], [ -74.131800431999977, 4.710641821000024 ], [ -74.131856537999965, 4.710573233000048 ], [ -74.131916994999983, 4.71050847500004 ], [ -74.131981542999938, 4.710447822000049 ], [ -74.132032282999944, 4.710405335000075 ], [ -74.132175270999937, 4.710291441000038 ], [ -74.132192895999935, 4.710277640000072 ], [ -74.132264782999982, 4.71022595900007 ], [ -74.132339884999965, 4.710179106000055 ], [ -74.132352909999952, 4.710171658000036 ], [ -74.132262911999987, 4.709957521000035 ], [ -74.132259594999937, 4.709949558000062 ], [ -74.132228444999953, 4.709866516000034 ], [ -74.132208609999964, 4.709802772000046 ], [ -74.132175185999984, 4.709685258000036 ], [ -74.13216934999997, 4.709664094000061 ], [ -74.132149269999957, 4.709577681000042 ], [ -74.132134865999944, 4.709490137000046 ], [ -74.132126199999959, 4.70940183600004 ], [ -74.132124444999988, 4.709368816000051 ], [ -74.132119672999977, 4.70925220700002 ], [ -74.132121430999973, 4.709107863000042 ], [ -74.132130100999973, 4.709019562000037 ], [ -74.132144507999953, 4.708932019000031 ], [ -74.132145349999973, 4.708927809000045 ], [ -74.132170128999974, 4.708804873000076 ], [ -74.132189370999981, 4.708722672000022 ], [ -74.132213456999978, 4.70864248700002 ], [ -74.132259340999951, 4.708505226000057 ], [ -74.132249030999958, 4.708457693000071 ], [ -74.132234626999946, 4.708370149000075 ], [ -74.132225960999961, 4.70828184800007 ], [ -74.132225501999983, 4.70827451200006 ], [ -74.132214783999984, 4.708095530000037 ], [ -74.132215246999976, 4.70792550300007 ], [ -74.132223916999976, 4.707837202000064 ], [ -74.132238323999957, 4.707749659000058 ], [ -74.132258407999984, 4.707663248000074 ], [ -74.132284081999956, 4.707578340000055 ], [ -74.132284814999934, 4.707576178000068 ], [ -74.132330947999947, 4.707440587000065 ], [ -74.132361367999977, 4.70735970800007 ], [ -74.132397868999988, 4.707278888000076 ], [ -74.132425785999942, 4.707225154000071 ], [ -74.132471376999945, 4.707141991000071 ], [ -74.13248514999998, 4.707117475000075 ], [ -74.132531852999989, 4.707042127000022 ], [ -74.132583366999938, 4.706970005000073 ], [ -74.132605797999986, 4.706941476000054 ], [ -74.132659857999954, 4.706874585000037 ], [ -74.132693531999962, 4.706834527000069 ], [ -74.132753987999934, 4.706769768000072 ], [ -74.132818535999945, 4.706709115000024 ], [ -74.13288689999996, 4.706652828000074 ], [ -74.13295878699995, 4.706601146000025 ], [ -74.133033888999989, 4.706554292000021 ], [ -74.133111883999959, 4.706512467000039 ], [ -74.13319243899997, 4.706475850000061 ], [ -74.133275208999976, 4.706444597000029 ], [ -74.133359837999933, 4.706418841000072 ], [ -74.133445965999954, 4.706398695000075 ], [ -74.133533221999983, 4.706384243000059 ], [ -74.133621232999985, 4.70637554800004 ], [ -74.133627954999952, 4.706375327000046 ], [ -74.133709622999959, 4.706372646000034 ], [ -74.133798012999989, 4.706375551000065 ], [ -74.133886023999935, 4.706384250000042 ], [ -74.133953132999977, 4.706395367000027 ], [ -74.133973278999974, 4.706398705000026 ], [ -74.134059405999949, 4.706418854000049 ], [ -74.134132121999983, 4.706440617000055 ], [ -74.134233295131864, 4.706474027011441 ], [ -74.134293956999954, 4.706494059000022 ], [ -74.134438720999981, 4.70654186400003 ], [ -74.134450633999961, 4.706545860000062 ], [ -74.134533401999988, 4.706577117000052 ], [ -74.134613955999953, 4.706613737000055 ], [ -74.134691949999933, 4.706655565000062 ], [ -74.134767049999937, 4.706702422000035 ], [ -74.134838934999948, 4.706754105000073 ], [ -74.134907296999984, 4.706810395000048 ], [ -74.13497184299996, 4.706871051000064 ], [ -74.135032296999952, 4.706935811000051 ], [ -74.135088399999972, 4.707004402000052 ], [ -74.135118458999955, 4.707045268000059 ], [ -74.135174017999987, 4.707097945000044 ], [ -74.135234471999979, 4.707162706000076 ], [ -74.135290574999942, 4.707231295000042 ], [ -74.13534208599998, 4.707303419000027 ], [ -74.135388785999965, 4.707378768000069 ], [ -74.135407543999975, 4.707412465000061 ], [ -74.135451329999967, 4.707493821000071 ], [ -74.135474259999967, 4.707538377000049 ], [ -74.135510756999963, 4.707619198000032 ], [ -74.13551653899998, 4.707634608000035 ], [ -74.135541907999936, 4.70770224000006 ], [ -74.13556757899994, 4.707787148000023 ], [ -74.135577715999943, 4.707827588000043 ], [ -74.135603572999969, 4.70793787100007 ], [ -74.135613515999978, 4.707983843000022 ], [ -74.135627919999934, 4.708071386000029 ], [ -74.135636586999965, 4.708159688000023 ], [ -74.135639479999952, 4.708248369000046 ], [ -74.13563658399994, 4.708337051000058 ], [ -74.135627914999986, 4.708425352000063 ], [ -74.135621349999951, 4.708466465000072 ], [ -74.135615965999989, 4.708500180000044 ], [ -74.135598935999951, 4.708590574000027 ], [ -74.135596477999968, 4.708603290000042 ], [ -74.135576394999987, 4.708689701000026 ], [ -74.135550720999959, 4.708774608000056 ], [ -74.135540091999985, 4.708804843000053 ], [ -74.135399641999982, 4.70918978900005 ], [ -74.135456304999934, 4.709326113000031 ], [ -74.135519319999958, 4.709410855000044 ], [ -74.135559817999933, 4.709468376000075 ], [ -74.135606517999975, 4.70954372500006 ], [ -74.135648205999985, 4.70962197700004 ], [ -74.135684702999981, 4.709702798000023 ], [ -74.135715853999955, 4.709785840000052 ], [ -74.135733432999984, 4.709841739000069 ], [ -74.135778929999958, 4.709998124000037 ], [ -74.135787021999988, 4.71002713200005 ], [ -74.135807102999934, 4.710113544000023 ], [ -74.135821506999946, 4.710201088000076 ], [ -74.135830173999977, 4.710289389000025 ], [ -74.135833066999965, 4.710378071000036 ], [ -74.135830171999942, 4.710466753000048 ], [ -74.135826747999943, 4.710509013000035 ], [ -74.135820299999978, 4.710575690000042 ], [ -74.135819099718361, 4.71058809054558 ], [ -74.135812059999978, 4.71066087600002 ], [ -74.135806813999977, 4.710706916000049 ], [ -74.13579240599995, 4.710794460000045 ], [ -74.135772322999969, 4.710880871000029 ], [ -74.135746648999941, 4.710965779000048 ], [ -74.135715495999989, 4.71104882100002 ], [ -74.135697408999988, 4.711090629000068 ], [ -74.135695873999964, 4.71109401800004 ], [ -74.13564327499995, 4.711671209000031 ], [ -74.135637322999969, 4.711724758000059 ], [ -74.135622915999988, 4.711812301000066 ], [ -74.135606354999936, 4.711885249000034 ], [ -74.135566528999959, 4.712040728000034 ], [ -74.135563006999973, 4.71205419100005 ], [ -74.135537332999945, 4.712139099000069 ], [ -74.135506179999936, 4.712222140000051 ], [ -74.135497753999971, 4.712242094000032 ], [ -74.135480755999936, 4.712281474000065 ], [ -74.135377744999971, 4.712651726000047 ], [ -74.135355775999983, 4.712723045000075 ], [ -74.135324621999985, 4.712806087000047 ], [ -74.135288121999963, 4.712886906000051 ], [ -74.135265148999963, 4.712931540000056 ], [ -74.135149819999981, 4.713145774000054 ], [ -74.135131101999946, 4.71317939100004 ], [ -74.135084399999982, 4.713254739000035 ], [ -74.135032885999976, 4.713326861000041 ], [ -74.134976779999988, 4.713395449000075 ], [ -74.13491632299997, 4.713460207000026 ], [ -74.134888437999962, 4.713487389000022 ], [ -74.134811132999971, 4.713560607000034 ], [ -74.134774468999979, 4.713594080000064 ], [ -74.134710881999979, 4.713646672000039 ], [ -74.13463085799998, 4.713708849000056 ], [ -74.13470420799996, 4.713843861000043 ], [ -74.134729675999949, 4.713893111000061 ], [ -74.134766173999935, 4.713973931000055 ], [ -74.134797324999965, 4.714056974000073 ], [ -74.134804648999989, 4.714079251000044 ], [ -74.134911409999972, 4.714413714000045 ], [ -74.134929756999952, 4.714476344000047 ], [ -74.134949837999955, 4.714562756000021 ], [ -74.134964241999967, 4.714650301000063 ], [ -74.134972908999941, 4.714738602000068 ], [ -74.134975767999947, 4.714817806000042 ], [ -74.134978104999959, 4.715154074000054 ], [ -74.134977637999953, 4.715170112000067 ], [ -74.134989422999979, 4.715174563000062 ], [ -74.135069977999933, 4.715211183000065 ], [ -74.13514797299996, 4.715253011000073 ], [ -74.135223073999953, 4.715299867000056 ], [ -74.135294959999953, 4.715351551000026 ], [ -74.135363322999979, 4.715407840000069 ], [ -74.135427868999955, 4.715468496000028 ], [ -74.135488324999983, 4.715533257000061 ], [ -74.135516806999988, 4.715566934000037 ], [ -74.135518979999972, 4.71556958900004 ], [ -74.135560204999933, 4.715619973000059 ], [ -74.135601544999986, 4.71563558500003 ], [ -74.135603418999949, 4.715636365000023 ], [ -74.135765865999986, 4.715704164000044 ], [ -74.135844546999977, 4.715740004000054 ], [ -74.135922541999946, 4.715781832000062 ], [ -74.135997642999939, 4.715828688000045 ], [ -74.13606952899994, 4.715880371000026 ], [ -74.136137891999965, 4.715936661000057 ], [ -74.136202438999987, 4.715997317000074 ], [ -74.136222549999957, 4.716017929000031 ], [ -74.136305439999944, 4.716104709000035 ], [ -74.136345783999957, 4.716148857000064 ], [ -74.136401886999977, 4.716217448000066 ], [ -74.136453398999947, 4.716289571000061 ], [ -74.136500099999978, 4.716364920000046 ], [ -74.136541787999988, 4.716443173000073 ], [ -74.136569856999984, 4.716504031000056 ], [ -74.136636051999972, 4.716534585000034 ], [ -74.136714046999941, 4.716576412000052 ], [ -74.136789147999934, 4.716623269000024 ], [ -74.136861033999935, 4.716674952000062 ], [ -74.13692939799995, 4.716731242000037 ], [ -74.136993943999983, 4.716791898000054 ], [ -74.137028273999988, 4.716827626000054 ], [ -74.137315108999985, 4.71713728800006 ], [ -74.13734343699997, 4.717131318000042 ], [ -74.137407436999979, 4.717120144000035 ], [ -74.137556901999972, 4.717097746000036 ], [ -74.137611150999987, 4.717061667000053 ], [ -74.137619076999954, 4.717056436000064 ], [ -74.138075880999963, 4.716757236000035 ], [ -74.138138955999977, 4.716718351000054 ], [ -74.138216951999937, 4.716676526000072 ], [ -74.138297507999937, 4.716639908000047 ], [ -74.138380278999989, 4.716608654000026 ], [ -74.138464908999936, 4.716582897000023 ], [ -74.138551037999946, 4.716562750000037 ], [ -74.138581823999971, 4.716556978000028 ], [ -74.13867453499995, 4.716540708000025 ], [ -74.138731006999933, 4.716532028000074 ], [ -74.138750663999986, 4.716529579000053 ], [ -74.138839720194071, 4.716519146401656 ], [ -74.138859022999952, 4.716516885000033 ], [ -74.139028437999968, 4.716497040000036 ], [ -74.139096792999965, 4.716490793000048 ], [ -74.139185184999974, 4.716487891000043 ], [ -74.139273575999937, 4.716490795000027 ], [ -74.139361587999986, 4.716499493000072 ], [ -74.139418319999947, 4.716508220000037 ], [ -74.139502333432489, 4.716522982028407 ], [ -74.13956481799994, 4.716533961000039 ], [ -74.140160220114424, 4.716638583100007 ], [ -74.140192670999966, 4.716644285000029 ] ], [ [ -74.129112384276596, 4.717603088291654 ], [ -74.129112384276596, 4.717603088291649 ], [ -74.129112383999939, 4.717603089000022 ], [ -74.129112384276596, 4.717603088291654 ] ], [ [ -74.12870417523753, 4.716829146225406 ], [ -74.12870417523753, 4.7168291462254 ], [ -74.128704174999939, 4.716829146000066 ], [ -74.12870417523753, 4.716829146225406 ] ], [ [ -74.128690350939209, 4.716769386889526 ], [ -74.128690350939209, 4.716769386889524 ], [ -74.128690349999943, 4.716769386000067 ], [ -74.128690350939209, 4.716769386889526 ] ], [ [ -74.128739594198876, 4.71595730989803 ], [ -74.128739594198876, 4.715957309898028 ], [ -74.128739593999967, 4.715957310000022 ], [ -74.128739594198876, 4.71595730989803 ] ], [ [ -74.128864177125337, 4.715652042083312 ], [ -74.128864177125337, 4.715652042083311 ], [ -74.128864176999969, 4.715652042000045 ], [ -74.128864177125337, 4.715652042083312 ] ], [ [ -74.128769321599918, 4.713670958484674 ], [ -74.128769321599918, 4.713670958484673 ], [ -74.128769320999936, 4.713670958000023 ], [ -74.128769321599918, 4.713670958484674 ] ], [ [ -74.128056477469016, 4.712513166638309 ], [ -74.128056477469016, 4.712513166638306 ], [ -74.128056476999973, 4.712513167000054 ], [ -74.128056477469016, 4.712513166638309 ] ], [ [ -74.123597430959876, 4.696112902128946 ], [ -74.123597430959876, 4.696112902128948 ], [ -74.123597430999951, 4.696112902000039 ], [ -74.123597430959876, 4.696112902128946 ] ], [ [ -74.135518979676164, 4.71556958934295 ], [ -74.135518979676164, 4.715569589342951 ], [ -74.135518979999972, 4.71556958900004 ], [ -74.135518979676164, 4.71556958934295 ] ], [ [ -74.141959407976614, 4.72164932598969 ], [ -74.14196321999998, 4.721671001000061 ], [ -74.141959407999934, 4.721649326000033 ], [ -74.141959407976614, 4.72164932598969 ] ], [ [ -74.132749446124691, 4.718094386027864 ], [ -74.132749446124706, 4.718094386027854 ], [ -74.132749446124677, 4.718094386027867 ], [ -74.132749446124663, 4.718094386027877 ], [ -74.132749446124691, 4.718094386027864 ] ] ] } },
{ "type": "Feature", "properties": { "nombre": "Humedal de Juan Amarillo o Tibabuyes", "id": 0, "cobertura": "Pastos", "periodo": 1952, "fechaini": "1940-01-01T00:00:00", "fechafin": "1960-01-01T00:00:00", "Shape_Leng": 9.3276760323100005e-06, "Shape_Area": 2.0732879750299998e-12 }, "geometry": { "type": "Polygon", "coordinates": [ [ [ -74.127877035999973, 4.736865538000075 ], [ -74.127972510999939, 4.736863600000049 ], [ -74.128067883999961, 4.736868431000062 ], [ -74.128162678999956, 4.736880007000025 ], [ -74.128256423999972, 4.736898268000061 ], [ -74.128348647999985, 4.736923126000022 ], [ -74.128438892999952, 4.736954455000046 ], [ -74.128526706999935, 4.736992099000076 ], [ -74.12861165299995, 4.737035869000067 ], [ -74.128693304999956, 4.737085549000028 ], [ -74.128718765999963, 4.737103624000042 ], [ -74.128771257999972, 4.737140889000045 ], [ -74.128783823999981, 4.737151220000044 ], [ -74.128845119999937, 4.737201614000071 ], [ -74.128914524999971, 4.737267419000034 ], [ -74.128979123999954, 4.737337977000038 ], [ -74.129025490999936, 4.73739641800006 ], [ -74.129038595999987, 4.737412936000055 ], [ -74.129092643999968, 4.737491919000036 ], [ -74.129140997999968, 4.737574535000022 ], [ -74.129183414999943, 4.737660371000061 ], [ -74.129219685999942, 4.73774899700004 ], [ -74.129249627999968, 4.737839971000028 ], [ -74.129273092999938, 4.737932839000052 ], [ -74.129289961999973, 4.738027138000064 ], [ -74.129300152999974, 4.738122396000051 ], [ -74.129303611999944, 4.738218140000072 ], [ -74.12930376099996, 4.738383164000027 ], [ -74.129303931783852, 4.738573051316719 ], [ -74.129304050999963, 4.738705363000065 ], [ -74.129301133999945, 4.73879499700007 ], [ -74.129296355999941, 4.738843362000068 ], [ -74.129292316999965, 4.738884240000061 ], [ -74.129277639999941, 4.738972703000059 ], [ -74.129257165999945, 4.739060001000041 ], [ -74.129230984999936, 4.739145749000045 ], [ -74.129149737999967, 4.739383472000043 ], [ -74.129132985999945, 4.739432485000066 ], [ -74.129046384999981, 4.739685872000052 ], [ -74.129046384930646, 4.739685872084466 ], [ -74.129045373999986, 4.739688830000034 ], [ -74.129016005999972, 4.739774758000067 ], [ -74.128974716999949, 4.73989556500004 ], [ -74.128942590999941, 4.73998023200005 ], [ -74.128904900999942, 4.740062557000044 ], [ -74.128861815999983, 4.740142174000027 ], [ -74.128813527999966, 4.74021872700007 ], [ -74.12876025199995, 4.740291875000025 ], [ -74.128702226999962, 4.74036128900002 ], [ -74.128639709999959, 4.740426661000072 ], [ -74.12857298299997, 4.740487699000028 ], [ -74.128502340999944, 4.740544130000046 ], [ -74.128369023347389, 4.74064351338894 ], [ -74.128280824999933, 4.740709263000042 ], [ -74.128211282999985, 4.740761104000057 ], [ -74.128174190999971, 4.74078875500004 ], [ -74.12757643599997, 4.741234358000042 ], [ -74.127509260999943, 4.741281334000064 ], [ -74.127474314999972, 4.741302740000037 ], [ -74.127439372999959, 4.741324143000043 ], [ -74.127422989999957, 4.741333508000025 ], [ -74.126912898999933, 4.741625052000074 ], [ -74.126830283999936, 4.741668552000021 ], [ -74.126744874999986, 4.741706231000023 ], [ -74.126657077999937, 4.741737907000072 ], [ -74.126567311999963, 4.741763432000027 ], [ -74.126476003999983, 4.741782681000075 ], [ -74.125991931368006, 4.741867347863534 ], [ -74.12591370399997, 4.741881031000048 ], [ -74.125869253999952, 4.741888805000031 ], [ -74.125805280999941, 4.74189999400005 ], [ -74.125713840999936, 4.741912776000049 ], [ -74.125621744999989, 4.741919265000035 ], [ -74.125529420999953, 4.741919431000042 ], [ -74.125437301999966, 4.741913274000069 ], [ -74.124966256999983, 4.741865527000073 ], [ -74.124643352700815, 4.741832796035821 ], [ -74.124631068999975, 4.741831551000075 ], [ -74.124564209741806, 4.741824773859029 ], [ -74.124494259999949, 4.741817684000068 ], [ -74.124398309999947, 4.741807958000038 ], [ -74.124253779999947, 4.741793308000069 ], [ -74.124145185999964, 4.741782300000068 ], [ -74.123878125999966, 4.741755230000024 ], [ -74.123781527999938, 4.741745439000056 ], [ -74.123292178999975, 4.741695836000076 ], [ -74.123203940999986, 4.741686892000075 ], [ -74.123161362999952, 4.741682576000073 ], [ -74.123114745999942, 4.741677850000031 ], [ -74.12308461799995, 4.741742910000028 ], [ -74.123094126999945, 4.741773813000066 ], [ -74.123112498999944, 4.741833521000046 ], [ -74.123133955999947, 4.741925875000049 ], [ -74.123141250999936, 4.741971626000065 ], [ -74.123148885999967, 4.742019515000038 ], [ -74.123157212999956, 4.742113977000031 ], [ -74.12315889599995, 4.742208792000042 ], [ -74.12315601499995, 4.742263698000045 ], [ -74.123153926999976, 4.74230349100003 ], [ -74.123142329999951, 4.742397605000065 ], [ -74.123135551999951, 4.742432328000064 ], [ -74.123124162999943, 4.742490667000027 ], [ -74.123119241999973, 4.742508948000022 ], [ -74.123099515999968, 4.742582217000063 ], [ -74.123078877999944, 4.742649620000066 ], [ -74.123000848999936, 4.742904456000076 ], [ -74.122971579999955, 4.74300004600002 ], [ -74.122884044999978, 4.743285928000034 ], [ -74.122802480999951, 4.743552309000052 ], [ -74.122780269999964, 4.74362485000006 ], [ -74.12277817599994, 4.743631687000061 ], [ -74.122758605999934, 4.743688469000062 ], [ -74.122747367999978, 4.743721071000039 ], [ -74.12271042499998, 4.743808083000033 ], [ -74.12266752499994, 4.743892299000038 ], [ -74.122618877999969, 4.743973310000058 ], [ -74.122564719999957, 4.744050723000043 ], [ -74.122505314999955, 4.744124159000023 ], [ -74.122440952999966, 4.744193262000067 ], [ -74.122418150999977, 4.744214553000063 ], [ -74.122371944999941, 4.744257696000034 ], [ -74.122298627999953, 4.744317147000061 ], [ -74.122221357999933, 4.744371326000021 ], [ -74.122179462999952, 4.744396534000032 ], [ -74.122140511999987, 4.744419970000024 ], [ -74.122130927999933, 4.744424860000038 ], [ -74.122056482999938, 4.744462841000029 ], [ -74.12196967899996, 4.744499732000065 ], [ -74.121880522999959, 4.744530462000057 ], [ -74.121789448999948, 4.744554881000056 ], [ -74.121696899999961, 4.744572873000038 ], [ -74.121186025999975, 4.744653754000069 ], [ -74.121000177999974, 4.74468317700007 ], [ -74.119937817999983, 4.745073776000027 ], [ -74.119462397999939, 4.745248574000072 ], [ -74.119397674999959, 4.745272370000066 ], [ -74.119304013999965, 4.745302972000047 ], [ -74.119208378999986, 4.745326648000059 ], [ -74.119111278999981, 4.745343272000071 ], [ -74.119063847999939, 4.745347861000027 ], [ -74.11901322999995, 4.745352758000024 ], [ -74.118914752999956, 4.745355054000072 ], [ -74.118816369999934, 4.745350148000057 ], [ -74.118718605999959, 4.745338067000034 ], [ -74.118699429999936, 4.745334258000071 ], [ -74.11865703380569, 4.745325836291257 ], [ -74.118621978999954, 4.745318873000031 ], [ -74.118527000999961, 4.745292670000026 ], [ -74.118471678999981, 4.745272959000033 ], [ -74.118434177999973, 4.745259597000029 ], [ -74.118045121999955, 4.74510473600003 ], [ -74.117955565999978, 4.74506526700003 ], [ -74.117869089999942, 4.745019404000061 ], [ -74.117786147999936, 4.74496738800002 ], [ -74.117707171999939, 4.744909489000065 ], [ -74.117632576999938, 4.74484601100005 ], [ -74.117562753999948, 4.744777286000044 ], [ -74.117558033999956, 4.744771915000058 ], [ -74.117498068999964, 4.744703675000039 ], [ -74.117438858999947, 4.744625564000046 ], [ -74.11738543599995, 4.744543361000069 ], [ -74.117338078999978, 4.744457495000063 ], [ -74.117297035999968, 4.744368419000068 ], [ -74.117262522999965, 4.744276598000056 ], [ -74.117234718999953, 4.744182514000045 ], [ -74.117213770999967, 4.744086658000072 ], [ -74.117199788999983, 4.743989534000036 ], [ -74.117192843999987, 4.743891649000034 ], [ -74.117192974999966, 4.743793516000039 ], [ -74.117200179999941, 4.743695650000063 ], [ -74.117214420999971, 4.743598563000035 ], [ -74.117235624999978, 4.743502764000027 ], [ -74.117315326999972, 4.743195639000021 ], [ -74.11700493099994, 4.742945338000027 ], [ -74.116939577999972, 4.742889108000043 ], [ -74.116877924999983, 4.742828818000021 ], [ -74.116820224999969, 4.742764712000053 ], [ -74.116766709999979, 4.742697050000061 ], [ -74.116717596999933, 4.742626108000024 ], [ -74.116673086999981, 4.742552171000057 ], [ -74.116633358999934, 4.742475542000022 ], [ -74.116602284777443, 4.742410633782256 ], [ -74.116210290999959, 4.741591838000033 ], [ -74.116185891119301, 4.741540869898992 ], [ -74.115969277999966, 4.741088408000053 ], [ -74.115933428999938, 4.74100674400006 ], [ -74.115903010999943, 4.740922892000071 ], [ -74.115878157999987, 4.740837214000067 ], [ -74.115858973999934, 4.740750081000044 ], [ -74.115845544999956, 4.740661870000054 ], [ -74.115837927999962, 4.740572964000023 ], [ -74.115836156999933, 4.74048374900002 ], [ -74.115837158999966, 4.740461852000067 ], [ -74.115840237999976, 4.740394611000056 ], [ -74.115848254999946, 4.74029276300007 ], [ -74.115698588999976, 4.740311545000054 ], [ -74.114861255999983, 4.740511760000061 ], [ -74.114769182999964, 4.74053040900003 ], [ -74.114676039999949, 4.740542597000058 ], [ -74.114582278999933, 4.740548265000029 ], [ -74.114488352999956, 4.74054738600006 ], [ -74.114394712999967, 4.740539962000071 ], [ -74.114301813999987, 4.740526034000027 ], [ -74.114210102999948, 4.740505665000057 ], [ -74.114133242999969, 4.740482873000076 ], [ -74.114120024999977, 4.740478953000036 ], [ -74.114098349999949, 4.740470845000061 ], [ -74.114032012999985, 4.740446030000044 ], [ -74.113947240999948, 4.740407394000044 ], [ -74.113946492999958, 4.740407053000069 ], [ -74.113863877999961, 4.740362211000047 ], [ -74.113784566999982, 4.740311721000069 ], [ -74.113708943999939, 4.740255825000077 ], [ -74.113492835999978, 4.740084157000069 ], [ -74.113227147999964, 4.739904335000062 ], [ -74.113148813999942, 4.739847241000064 ], [ -74.113074844999971, 4.739784559000043 ], [ -74.113039052999966, 4.73974942600006 ], [ -74.113005637999947, 4.739716625000028 ], [ -74.112990595999975, 4.739699530000053 ], [ -74.112941560999957, 4.739643801000057 ], [ -74.112882956999954, 4.739566477000039 ], [ -74.112726084999963, 4.739614596000024 ], [ -74.112700608999944, 4.73962202000007 ], [ -74.112689644999989, 4.739625215000046 ], [ -74.11239629399995, 4.739706235000028 ], [ -74.112340878999987, 4.739762006000035 ], [ -74.112281608999979, 4.73981363200005 ], [ -74.11221878899994, 4.739860845000067 ], [ -74.111821451999958, 4.740147916000069 ], [ -74.111751182999967, 4.740244663000055 ], [ -74.111558460828704, 4.74051000174244 ], [ -74.111490892999939, 4.740603029000056 ], [ -74.111479105999933, 4.740619257000048 ], [ -74.11145572099997, 4.740649224000038 ], [ -74.111421622999956, 4.740692919000026 ], [ -74.111359214999936, 4.740762428000039 ], [ -74.111292177999985, 4.740827455000044 ], [ -74.111220830999969, 4.740887690000022 ], [ -74.111145513999986, 4.740942846000053 ], [ -74.111066584999946, 4.740992660000074 ], [ -74.110984419999966, 4.741036896000026 ], [ -74.110899410999934, 4.741075341000055 ], [ -74.110811960999968, 4.741107815000021 ], [ -74.110722487999965, 4.741134162000037 ], [ -74.110631416999979, 4.741154258000051 ], [ -74.110539180999979, 4.74116800500002 ], [ -74.110397645999967, 4.741184115000067 ], [ -74.110082844999965, 4.741219946000058 ], [ -74.109986209999988, 4.741227270000024 ], [ -74.109889300999953, 4.741227628000047 ], [ -74.109792614999947, 4.741221018000033 ], [ -74.109696649999989, 4.741207474000021 ], [ -74.109601898999983, 4.741187066000066 ], [ -74.109508849999941, 4.741159899000024 ], [ -74.109417978999943, 4.741126111000028 ], [ -74.109360897999977, 4.74110008100007 ], [ -74.109329755999966, 4.741085878000035 ], [ -74.10932577899996, 4.741083708000076 ], [ -74.109244633999936, 4.741039408000063 ], [ -74.10916304899996, 4.740986935000024 ], [ -74.109085421999964, 4.740928734000022 ], [ -74.109012151999934, 4.740865100000065 ], [ -74.108943614999987, 4.740796363000072 ], [ -74.10888016399997, 4.740722876000063 ], [ -74.10882212599995, 4.740645015000041 ], [ -74.108769796999979, 4.740563182000074 ], [ -74.108723447999978, 4.740477798000029 ], [ -74.10868331599994, 4.74038930200004 ], [ -74.10864960899994, 4.740298148000022 ], [ -74.108622499999967, 4.740204805000076 ], [ -74.108602126999983, 4.740109752000023 ], [ -74.108588594999958, 4.740013480000073 ], [ -74.108581975999982, 4.739916482000069 ], [ -74.108573250999939, 4.739647317000049 ], [ -74.108563277999963, 4.739630919000035 ], [ -74.108519731999934, 4.739545935000024 ], [ -74.108178160999955, 4.739362737000022 ], [ -74.10809513199996, 4.739314323000031 ], [ -74.108015740999974, 4.739260118000061 ], [ -74.107940385999939, 4.739200393000033 ], [ -74.107869448999963, 4.739135451000038 ], [ -74.107803286999967, 4.739065618000041 ], [ -74.107742234999989, 4.738991249000037 ], [ -74.107686601999944, 4.738912717000062 ], [ -74.107636666999952, 4.738830421000046 ], [ -74.10759268299995, 4.738744775000043 ], [ -74.10758857899998, 4.738735164000047 ], [ -74.107570950999957, 4.73869387600007 ], [ -74.10755487199998, 4.73865621300007 ], [ -74.107523425999943, 4.738565179000034 ], [ -74.107510604999959, 4.738517320000028 ], [ -74.107498501999942, 4.738472136000041 ], [ -74.107480224999961, 4.738377551000042 ], [ -74.107468690999951, 4.738281904000075 ], [ -74.107466476999946, 4.738236918000041 ], [ -74.107463955999947, 4.738185675000068 ], [ -74.107464793999952, 4.738146997000058 ], [ -74.107464881999988, 4.738142927000069 ], [ -74.107466042999988, 4.738089353000021 ], [ -74.107474942999943, 4.737993422000045 ], [ -74.107490609999957, 4.73789836800006 ], [ -74.107512965999945, 4.73780467000006 ], [ -74.107657066999934, 4.737283282000021 ], [ -74.107685482999955, 4.737192859000061 ], [ -74.107720128999972, 4.737104651000038 ], [ -74.107760834999965, 4.737019087000021 ], [ -74.107807401999935, 4.73693658600007 ], [ -74.107859602999952, 4.73685755200006 ], [ -74.107917181999937, 4.73678237300004 ], [ -74.107979857999965, 4.736711415000059 ], [ -74.108047322999937, 4.73664502500003 ], [ -74.108119249999959, 4.73658352700005 ], [ -74.108195283999976, 4.736527224000042 ], [ -74.108275053999989, 4.736476390000064 ], [ -74.108358170999963, 4.736431273000051 ], [ -74.10844422699995, 4.736392095000042 ], [ -74.108532802999946, 4.736359048000054 ], [ -74.108623464999937, 4.736332292000043 ], [ -74.108715767999968, 4.736311959000034 ], [ -74.108809262999955, 4.73629814700007 ], [ -74.108830469999987, 4.736081248000062 ], [ -74.108843663999949, 4.735983243000021 ], [ -74.10886394299996, 4.735886462000053 ], [ -74.10889119899997, 4.735791423000023 ], [ -74.108925288999956, 4.735698629000069 ], [ -74.108966027999941, 4.735608575000072 ], [ -74.109278399999937, 4.734980052000026 ], [ -74.109296430999962, 4.734063339000045 ], [ -74.109299856999939, 4.733988043000068 ], [ -74.109307671999943, 4.733913078000057 ], [ -74.109319848999974, 4.733838701000025 ], [ -74.109336345999964, 4.733765166000069 ], [ -74.109152843999937, 4.733606390000034 ], [ -74.108807446999947, 4.73340345400004 ], [ -74.108786314999975, 4.733390778000057 ], [ -74.108765034999976, 4.733377474000065 ], [ -74.108479605999946, 4.733195313000067 ], [ -74.108418556999936, 4.733153964000053 ], [ -74.10837528199994, 4.733121568000058 ], [ -74.107966159999989, 4.732802339000045 ], [ -74.107396036999944, 4.732480787000043 ], [ -74.107362734999981, 4.732461372000046 ], [ -74.107083763999981, 4.732293361000075 ], [ -74.107040905999952, 4.732267548000038 ], [ -74.107009590999951, 4.732247233000066 ], [ -74.106963696999969, 4.732217459000026 ], [ -74.106890082999939, 4.732162193000022 ], [ -74.106820408999965, 4.732102006000048 ], [ -74.106754998999975, 4.73203718000002 ], [ -74.106694159999961, 4.731968018000032 ], [ -74.106638178999958, 4.731894845000056 ], [ -74.106587313999967, 4.731818004000047 ], [ -74.106541805999939, 4.731737852000037 ], [ -74.106501866999963, 4.731654766000077 ], [ -74.105692579999982, 4.731396266000047 ], [ -74.105608139999958, 4.731366167000033 ], [ -74.105525874999955, 4.731330519000039 ], [ -74.105446143999984, 4.731289481000033 ], [ -74.10536929999995, 4.731243233000043 ], [ -74.105295679999983, 4.731191976000048 ], [ -74.105280705999974, 4.731180002000031 ], [ -74.105225605999976, 4.731135939000069 ], [ -74.105189425999981, 4.731104983000023 ], [ -74.104705969999941, 4.730691333000038 ], [ -74.104575534999981, 4.730582801000025 ], [ -74.104502638999975, 4.730517425000073 ], [ -74.104452063999986, 4.730464992000066 ], [ -74.10443464399998, 4.730446932000063 ], [ -74.104371906999972, 4.730371692000062 ], [ -74.104314757999987, 4.730292098000064 ], [ -74.104263491999973, 4.730208567000034 ], [ -74.104218380999953, 4.73012153600007 ], [ -74.104179659999943, 4.730031461000067 ], [ -74.104147529999977, 4.729938813000047 ], [ -74.104122161999953, 4.729844077000052 ], [ -74.104103686999963, 4.729747749000069 ], [ -74.104092202999936, 4.729650332000062 ], [ -74.104087767999943, 4.729552338000076 ], [ -74.104090405999955, 4.729454277000059 ], [ -74.104100104999986, 4.729356666000058 ], [ -74.104116811999972, 4.729260014000033 ], [ -74.104118983999967, 4.72924968500007 ], [ -74.104107180999961, 4.729238831000032 ], [ -74.104038666999941, 4.729167527000072 ], [ -74.104021504999935, 4.729146835000051 ], [ -74.103975522999974, 4.729091395000069 ], [ -74.103964574999964, 4.729076041000042 ], [ -74.103918086999954, 4.729010842000037 ], [ -74.103866664999941, 4.728926297000044 ], [ -74.103821531999984, 4.728838212000028 ], [ -74.103782927999987, 4.728747056000032 ], [ -74.103751058999933, 4.728653318000056 ], [ -74.103726095999946, 4.728557495000075 ], [ -74.103708170999937, 4.728460100000063 ], [ -74.103697379999971, 4.728361651000057 ], [ -74.103693779999958, 4.728262675000053 ], [ -74.103696152999987, 4.72819763900003 ], [ -74.103697391999958, 4.728163700000039 ], [ -74.103708194999967, 4.728065253000068 ], [ -74.10372111199996, 4.727981660000069 ], [ -74.103697300999954, 4.727982776000033 ], [ -74.103606235999962, 4.727988098000026 ], [ -74.103515019999975, 4.72798724200004 ], [ -74.103424068999971, 4.727980217000038 ], [ -74.103333798999984, 4.727967051000064 ], [ -74.103244618999952, 4.727947808000067 ], [ -74.103156935999948, 4.727922572000068 ], [ -74.103071148999959, 4.727891460000023 ], [ -74.102987649999989, 4.727854613000034 ], [ -74.102820523999981, 4.727774003000036 ], [ -74.101909370999977, 4.72733452600005 ], [ -74.101864598999953, 4.727312930000039 ], [ -74.101603231999945, 4.727711553000063 ], [ -74.101544781999962, 4.72779362700004 ], [ -74.101518776999967, 4.727826353000069 ], [ -74.101180171999943, 4.728239236000036 ], [ -74.100288539999951, 4.729326461000028 ], [ -74.100227029999985, 4.729396413000075 ], [ -74.100160870999957, 4.729461957000069 ], [ -74.100090377999948, 4.72952278300005 ], [ -74.100015882999969, 4.729578601000071 ], [ -74.099937737999937, 4.729629149000061 ], [ -74.099856314999954, 4.729674187000057 ], [ -74.099771996999948, 4.729713502000038 ], [ -74.099685185999988, 4.729746907000049 ], [ -74.099596288999976, 4.729774244000055 ], [ -74.099505730999965, 4.729795385000045 ], [ -74.099413935999962, 4.729810230000055 ], [ -74.099321342999986, 4.729818707000049 ], [ -74.099228386999982, 4.729820777000043 ], [ -74.09913550899995, 4.729816431000074 ], [ -74.098954727999967, 4.729801704000067 ], [ -74.098904409999989, 4.729882989000032 ], [ -74.098848458999953, 4.729960481000035 ], [ -74.098787160999962, 4.730033787000025 ], [ -74.09872082399994, 4.73010253700005 ], [ -74.098649783999974, 4.73016638100006 ], [ -74.09857472799996, 4.730224744000054 ], [ -74.098574399999961, 4.730224999000029 ], [ -74.098517981999976, 4.730265804000055 ], [ -74.098459205999973, 4.73042937300005 ], [ -74.098438473999977, 4.730481342000076 ], [ -74.098423890999982, 4.730517895000048 ], [ -74.09838244599996, 4.730603699000028 ], [ -74.098335075999955, 4.73068635900006 ], [ -74.098282016999974, 4.730765465000047 ], [ -74.098223532999953, 4.730840622000073 ], [ -74.09815991399995, 4.730911457000047 ], [ -74.098091477999958, 4.730977616000075 ], [ -74.098018563999972, 4.731038773000023 ], [ -74.097941534999961, 4.731094623000047 ], [ -74.097860773999969, 4.731144885000049 ], [ -74.097776683999939, 4.731189313000073 ], [ -74.097689680999963, 4.731227685000022 ], [ -74.097172159999957, 4.731931257000042 ], [ -74.097113275999959, 4.732005701000048 ], [ -74.097049339999955, 4.73207582200007 ], [ -74.096980665999979, 4.732141280000064 ], [ -74.096907588999954, 4.732201750000058 ], [ -74.096830469999986, 4.732256937000045 ], [ -74.096749686999942, 4.732306567000023 ], [ -74.096665637999934, 4.73235039900004 ], [ -74.09657873499998, 4.73238821700005 ], [ -74.096489405999989, 4.73241983500003 ], [ -74.096398086999955, 4.732445097000038 ], [ -74.096305228999938, 4.732463881000058 ], [ -74.096211287999949, 4.732476093000059 ], [ -74.096116724999945, 4.732481672000063 ], [ -74.096022003999963, 4.732480593000048 ], [ -74.095927591999953, 4.732472861000076 ], [ -74.095833951999964, 4.732458512000051 ], [ -74.095741542999974, 4.732437618000063 ], [ -74.095125388722664, 4.732274724424916 ], [ -74.094999166999969, 4.732241356000031 ], [ -74.094904792999955, 4.732212673000049 ], [ -74.094812753999975, 4.732177164000063 ], [ -74.09472354199994, 4.732135016000029 ], [ -74.094637629999966, 4.732086454000068 ], [ -74.094555475999982, 4.732031738000046 ], [ -74.094477516999973, 4.731971157000032 ], [ -74.094404168999972, 4.731905034000022 ], [ -74.09437470499995, 4.731874292000043 ], [ -74.094335821999948, 4.731833722000033 ], [ -74.094272838999984, 4.731757601000027 ], [ -74.094215555999938, 4.731677074000061 ], [ -74.094164277999937, 4.731592572000068 ], [ -74.094119277999937, 4.731504542000039 ], [ -74.094080795999957, 4.731413456000041 ], [ -74.094049034999955, 4.731319797000026 ], [ -74.094024164999951, 4.731224065000049 ], [ -74.094006319999949, 4.731126767000035 ], [ -74.093995592999988, 4.731028423000055 ], [ -74.093992041999968, 4.730929557000024 ], [ -74.093995685999971, 4.73083069300003 ], [ -74.094006505999971, 4.730732360000047 ], [ -74.094024441999977, 4.73063508000007 ], [ -74.094049401999939, 4.730539370000031 ], [ -74.094081250999977, 4.73044574100004 ], [ -74.094418293999979, 4.729561789000059 ], [ -74.094456736999973, 4.729471010000054 ], [ -74.094501655999977, 4.729383275000032 ], [ -74.09455281299995, 4.72929904700004 ], [ -74.094609936999973, 4.729218773000071 ], [ -74.094672727999978, 4.729142878000062 ], [ -74.094740850999983, 4.729071763000036 ], [ -74.094789123653811, 4.729024906989427 ], [ -74.094842717999938, 4.728972885000076 ], [ -74.094984649643095, 4.728835119043246 ], [ -74.096006045637509, 4.727843697653528 ], [ -74.096406834869796, 4.727454670263732 ], [ -74.096406835014761, 4.727454670123019 ], [ -74.09642428099994, 4.72743773600007 ], [ -74.096551343999977, 4.727314402000047 ], [ -74.096625754999934, 4.727247458000022 ], [ -74.096665847999986, 4.727215263000062 ], [ -74.097006308999937, 4.726952346000076 ], [ -74.097023654999987, 4.726938952000069 ], [ -74.097063989999981, 4.726909955000053 ], [ -74.097098899999935, 4.726884858000062 ], [ -74.097177659999943, 4.726836060000039 ], [ -74.097259563999955, 4.726792784000054 ], [ -74.097344229999976, 4.726755234000052 ], [ -74.097431257999972, 4.726723588000027 ], [ -74.097995580999964, 4.726540060000048 ], [ -74.098101122999935, 4.726472343000069 ], [ -74.098258388999966, 4.726288343000022 ], [ -74.09819059299997, 4.726217037000026 ], [ -74.098128143999986, 4.726140973000042 ], [ -74.098071372999982, 4.726060555000061 ], [ -74.098020580999957, 4.725976209000066 ], [ -74.097976034999988, 4.725888382000051 ], [ -74.097937972999944, 4.725797536000073 ], [ -74.097906594999984, 4.725704155000074 ], [ -74.097882067999933, 4.725608733000058 ], [ -74.097864520999963, 4.725511773000051 ], [ -74.097854047999988, 4.725413790000061 ], [ -74.097851822999985, 4.725348273000066 ], [ -74.097850703999939, 4.72531530200007 ], [ -74.097853279999981, 4.725248563000036 ], [ -74.097854505999976, 4.725216832000058 ], [ -74.097878567999942, 4.724902135000036 ], [ -74.09773710199994, 4.72482074100003 ], [ -74.09766472299998, 4.724776004000034 ], [ -74.097621064999942, 4.724745060000032 ], [ -74.097595291999937, 4.724726791000023 ], [ -74.097529081999937, 4.724673295000059 ], [ -74.097466354999938, 4.72461572900005 ], [ -74.097407358999988, 4.724554320000038 ], [ -74.097352328999989, 4.724489313000049 ], [ -74.097301480999988, 4.724420962000067 ], [ -74.096874269941935, 4.723807337630767 ], [ -74.096874269871975, 4.723807337530286 ], [ -74.096800949999988, 4.723702025000023 ], [ -74.096387513999957, 4.723108186000047 ], [ -74.096336532999942, 4.723029261000022 ], [ -74.096291125999983, 4.722946981000064 ], [ -74.09625151399996, 4.722861740000042 ], [ -74.096217886999966, 4.722773950000033 ], [ -74.096190405999948, 4.722684032000075 ], [ -74.096052451999981, 4.722169616000031 ], [ -74.094745866999972, 4.721688718000053 ], [ -74.094660046999934, 4.721653739000033 ], [ -74.09457681799995, 4.721612945000061 ], [ -74.094496569999933, 4.721566526000061 ], [ -74.094419677999952, 4.721514700000057 ], [ -74.094346505999965, 4.721457713000063 ], [ -74.094277397999974, 4.721395830000063 ], [ -74.094212675999984, 4.721329344000026 ], [ -74.093775273911504, 4.720848070362686 ], [ -74.093775273525807, 4.720848069938305 ], [ -74.093742073999977, 4.720811541000046 ], [ -74.093707801999983, 4.720773831000031 ], [ -74.093700165999962, 4.72076482600005 ], [ -74.093647490999956, 4.720702699000071 ], [ -74.093592203999947, 4.720627570000033 ], [ -74.09354220299997, 4.720548801000064 ], [ -74.093497722999984, 4.720466767000062 ], [ -74.093458977999944, 4.720381854000038 ], [ -74.09342615099996, 4.72029446800002 ], [ -74.093399396999985, 4.720205023000062 ], [ -74.093378841999936, 4.720113943000058 ], [ -74.093359632999977, 4.720012760000031 ], [ -74.093302450999943, 4.719938355000068 ], [ -74.093250783999963, 4.719859995000036 ], [ -74.093204904999936, 4.719778088000055 ], [ -74.093165051999961, 4.719693067000037 ], [ -74.093072633999952, 4.71947818600006 ], [ -74.092891044999988, 4.719326961000036 ], [ -74.092819252999959, 4.719267173000048 ], [ -74.092442605999963, 4.718953505000059 ], [ -74.092336939999939, 4.718865508000022 ], [ -74.091774900999951, 4.71839744600004 ], [ -74.091703422999956, 4.718333406000056 ], [ -74.091636648999952, 4.718264446000035 ], [ -74.091574912999988, 4.718190911000022 ], [ -74.091518708999956, 4.71811342500007 ], [ -74.091518525999959, 4.718113172000074 ], [ -74.091486896999982, 4.718062352000061 ], [ -74.091467770999941, 4.718031620000033 ], [ -74.091422903999955, 4.717946665000056 ], [ -74.091384149999953, 4.717858732000025 ], [ -74.091351703999976, 4.717768266000064 ], [ -74.091325730999984, 4.717675721000035 ], [ -74.091316751999955, 4.717632083000069 ], [ -74.09130635799994, 4.717581561000031 ], [ -74.09129680999996, 4.717509764000056 ], [ -74.091293684999982, 4.717486262000023 ], [ -74.091287774999955, 4.717390300000034 ], [ -74.09128865699995, 4.717294160000051 ], [ -74.091296327999942, 4.717198324000037 ], [ -74.091310747999955, 4.717103275000056 ], [ -74.091331845999946, 4.717009490000066 ], [ -74.091359514999965, 4.716917439000042 ], [ -74.091393614999959, 4.716827588000058 ], [ -74.091433975999962, 4.716740387000073 ], [ -74.091478106999944, 4.716660422000075 ], [ -74.091480395999952, 4.716656275000048 ], [ -74.091532637999933, 4.716575674000069 ], [ -74.091590442999973, 4.716498991000037 ], [ -74.091653517999987, 4.716426609000052 ], [ -74.091721546999963, 4.716358894000052 ], [ -74.091794187999938, 4.716296186000022 ], [ -74.091871075999961, 4.716238799000052 ], [ -74.094532006664622, 4.714396093461828 ], [ -74.094566907999933, 4.714371924000034 ], [ -74.094623044999935, 4.714333049000061 ], [ -74.094673917999955, 4.714300414000036 ], [ -74.094703335999952, 4.714281543000027 ], [ -74.094732002999933, 4.714265892000071 ], [ -74.094787045999965, 4.714235841000061 ], [ -74.094873758999938, 4.714196171000026 ], [ -74.09490493500185, 4.7141844947086 ], [ -74.09493095199997, 4.714174750000041 ], [ -74.094963041999961, 4.714162732000034 ], [ -74.09498868299994, 4.714155146000053 ], [ -74.095054451999943, 4.714135688000056 ], [ -74.095147533999977, 4.714115174000028 ], [ -74.095241825999949, 4.714101293000056 ], [ -74.095336858999985, 4.714094114000034 ], [ -74.095409511999947, 4.714093776000027 ], [ -74.095432158999984, 4.714093671000057 ], [ -74.095527252999943, 4.714099967000038 ], [ -74.095621668999968, 4.714112973000056 ], [ -74.095714936999968, 4.714132620000044 ], [ -74.095806592999963, 4.71415881300004 ], [ -74.095896180999944, 4.714191423000045 ], [ -74.095983254999965, 4.714230284000053 ], [ -74.09606738399998, 4.714275205000035 ], [ -74.096148147999941, 4.714325964000068 ], [ -74.096225145999938, 4.714382306000061 ], [ -74.096297994999986, 4.714443952000067 ], [ -74.096345342999939, 4.714490127000033 ], [ -74.096366332999935, 4.714510597000071 ], [ -74.09750179599996, 4.715698859000042 ], [ -74.097586211999953, 4.715700895000055 ], [ -74.097670310999945, 4.715708500000062 ], [ -74.097753729999965, 4.715721638000048 ], [ -74.097836105999988, 4.715740255000071 ], [ -74.09791708299997, 4.715764269000033 ], [ -74.097994729999982, 4.715779729000076 ], [ -74.098071307999987, 4.715799852000032 ], [ -74.098146539999959, 4.715824565000048 ], [ -74.098220150999964, 4.715853780000032 ], [ -74.098291874999973, 4.715887390000034 ], [ -74.098353421999946, 4.71591829700003 ], [ -74.098439180999947, 4.715886346000048 ], [ -74.098526924999987, 4.71586037700007 ], [ -74.098616237999977, 4.715840512000057 ], [ -74.09870669999998, 4.715826845000038 ], [ -74.098797883999964, 4.715819440000075 ], [ -74.098889358999941, 4.715818334000062 ], [ -74.098978116999945, 4.715823383000043 ], [ -74.098980693999977, 4.715823530000023 ], [ -74.09907145699998, 4.715835003000052 ], [ -74.09916478699995, 4.715827312000044 ], [ -74.09925842399997, 4.715826152000034 ], [ -74.099351914999943, 4.715831527000034 ], [ -74.099444806999941, 4.715843413000073 ], [ -74.099536649999948, 4.715861752000023 ], [ -74.099626998999952, 4.715886454000042 ], [ -74.09971541799996, 4.71591740100007 ], [ -74.099801476999971, 4.715954443000044 ], [ -74.099884759999952, 4.715997399000059 ], [ -74.099964863999958, 4.716046062000032 ], [ -74.100041400999942, 4.71610019700006 ], [ -74.100113998999973, 4.716159541000025 ], [ -74.10020627199998, 4.716191470000069 ], [ -74.100295978999952, 4.716230063000069 ], [ -74.100382641999943, 4.716275116000077 ], [ -74.100465800999984, 4.716326390000063 ], [ -74.100545011999941, 4.716383611000026 ], [ -74.100619852999955, 4.716446474000065 ], [ -74.100689926999962, 4.716514644000029 ], [ -74.100791567999977, 4.716620729000056 ], [ -74.100867402999938, 4.716663092000033 ], [ -74.100940369999989, 4.716710253000031 ], [ -74.101010164999934, 4.716762021000022 ], [ -74.101076499999976, 4.716818182000054 ], [ -74.10113910299998, 4.716878503000032 ], [ -74.101155163999977, 4.716896104000057 ], [ -74.101197711999987, 4.716942733000053 ], [ -74.101252088999956, 4.717010609000056 ], [ -74.10202714199994, 4.718044232000068 ], [ -74.102082593999967, 4.718123985000034 ], [ -74.102132207999944, 4.718207520000021 ], [ -74.102175726999974, 4.71829440700003 ], [ -74.102212926999982, 4.718384201000049 ], [ -74.102243615999953, 4.718476440000074 ], [ -74.102267636999954, 4.718570647000035 ], [ -74.10228486699998, 4.718666339000038 ], [ -74.102295217999938, 4.718763024000054 ], [ -74.102298634999954, 4.718860204000066 ], [ -74.102298918999963, 4.719551008000053 ], [ -74.102376129999982, 4.719586753000044 ], [ -74.102450947999955, 4.719627302000049 ], [ -74.102523072999986, 4.719672495000054 ], [ -74.102592219999963, 4.719722153000021 ], [ -74.10265811499994, 4.719776077000063 ], [ -74.10272049699995, 4.719834056000025 ], [ -74.103777755999943, 4.720880516000022 ], [ -74.104112825999948, 4.720812129000024 ], [ -74.104185769999958, 4.720799318000047 ], [ -74.104259303999982, 4.720790535000049 ], [ -74.104333206999968, 4.720785806000038 ], [ -74.104407256999934, 4.720785145000036 ], [ -74.104723337999985, 4.720791014000042 ], [ -74.104754057098319, 4.720791584742337 ], [ -74.104871389190777, 4.720793763485776 ], [ -74.104901051999946, 4.720794314000045 ], [ -74.105822804999946, 4.720811430000026 ], [ -74.105849955062027, 4.720811934507253 ], [ -74.105915089999939, 4.720813144000033 ], [ -74.105933530091676, 4.720813486543538 ], [ -74.106044635999979, 4.720815549000065 ], [ -74.106155630999979, 4.72081761000004 ], [ -74.10625334599996, 4.720822980000037 ], [ -74.106350418999966, 4.720835430000022 ], [ -74.106355660999952, 4.720836493000036 ], [ -74.106446338999945, 4.720854895000059 ], [ -74.106540603999974, 4.720881272000042 ], [ -74.106632718999947, 4.720914424000057 ], [ -74.106722200999968, 4.720954177000067 ], [ -74.106808580999939, 4.721000322000066 ], [ -74.106891406999978, 4.721052617000055 ], [ -74.106970243999967, 4.721110789000022 ], [ -74.107044677999966, 4.721174531000031 ], [ -74.107114319999937, 4.721243511000068 ], [ -74.107295262999969, 4.721436201000074 ], [ -74.10734022489568, 4.721484082939865 ], [ -74.107395856999972, 4.721543327000063 ], [ -74.107402259999958, 4.721550146000027 ], [ -74.107463034999967, 4.721619448000069 ], [ -74.107518968999955, 4.721692738000058 ], [ -74.107569801999944, 4.721769676000065 ], [ -74.107615301999942, 4.721849906000045 ], [ -74.107655253999951, 4.721933056000069 ], [ -74.107689474999972, 4.722018741000056 ], [ -74.107717805999982, 4.722106563000068 ], [ -74.107740115999945, 4.722196115000031 ], [ -74.107756300999938, 4.722286982000071 ], [ -74.107766285999958, 4.722378744000025 ], [ -74.107767580999962, 4.722410684000067 ], [ -74.107770024999979, 4.722470975000022 ], [ -74.107770674999983, 4.72256965300005 ], [ -74.107770832544389, 4.722593582410564 ], [ -74.107772164620954, 4.722795828201871 ], [ -74.107772424999951, 4.722835349000036 ], [ -74.107772483485846, 4.722844240646995 ], [ -74.107777193999937, 4.723559426000065 ], [ -74.107779967999988, 4.723573062000071 ], [ -74.108143866999967, 4.724146892000022 ], [ -74.108869903041978, 4.724708635205862 ], [ -74.108878551999965, 4.724715327000069 ], [ -74.10888358560554, 4.724719221577164 ], [ -74.10956366299996, 4.725245406000056 ], [ -74.109638222999934, 4.725307494000049 ], [ -74.109708156999943, 4.725374783000063 ], [ -74.109753852999972, 4.725422020000053 ], [ -74.110542256999963, 4.726237011000023 ], [ -74.110597872999961, 4.726298129000043 ], [ -74.11064966899994, 4.726362536000067 ], [ -74.110697451999954, 4.726429993000067 ], [ -74.110741044999941, 4.726500250000072 ], [ -74.11078028299994, 4.726573044000077 ], [ -74.111342151999963, 4.727695997000069 ], [ -74.111619003999976, 4.727766645000031 ], [ -74.111710224999968, 4.727793382000073 ], [ -74.111799348999966, 4.727826485000037 ], [ -74.11188593299994, 4.727865790000067 ], [ -74.112313807999953, 4.728078510000046 ], [ -74.112397790999978, 4.728124037000043 ], [ -74.112478360999944, 4.72817539700003 ], [ -74.112555115999953, 4.72823233500003 ], [ -74.113112760764722, 4.728677404936017 ], [ -74.113141298999949, 4.728700182000068 ], [ -74.113725833, 4.729166711000062 ], [ -74.113794198999983, 4.729225099000075 ], [ -74.113858550999964, 4.729287911000029 ], [ -74.113918602999945, 4.729354872000044 ], [ -74.113974091999978, 4.729425685000024 ], [ -74.114403508999942, 4.730012835000025 ], [ -74.114489023999965, 4.730045559000075 ], [ -74.114572090999957, 4.730084111000053 ], [ -74.114652315999933, 4.73012830700003 ], [ -74.11508046199998, 4.730383149000033 ], [ -74.115162158999965, 4.73043584800007 ], [ -74.115239871999961, 4.730494299000043 ], [ -74.115313200999935, 4.730558196000061 ], [ -74.115381766999974, 4.730627213000048 ], [ -74.115445214999966, 4.730700992000038 ], [ -74.115447134999954, 4.730703579000021 ], [ -74.115458450777382, 4.730718827736092 ], [ -74.115503216999969, 4.730779152000025 ], [ -74.115555474999951, 4.730861289000075 ], [ -74.115601717999937, 4.730946980000056 ], [ -74.115860462999933, 4.731470557000023 ], [ -74.115894755999989, 4.731545609000023 ], [ -74.115924432999975, 4.731622614000059 ], [ -74.115949382999986, 4.731701290000046 ], [ -74.115969514999961, 4.731781344000069 ], [ -74.115984751999974, 4.731862478000039 ], [ -74.116069602999971, 4.732404487000053 ], [ -74.116080291999936, 4.732490711000025 ], [ -74.116085455999951, 4.732577444000071 ], [ -74.116085070999986, 4.73266433200007 ], [ -74.116079139999954, 4.732751016000066 ], [ -74.116062613120732, 4.732915313942513 ], [ -74.116058350999936, 4.732957688000056 ], [ -74.116045246999988, 4.73308795500003 ], [ -74.116126570999938, 4.733106847000045 ], [ -74.116206575999968, 4.733130747000075 ], [ -74.11628495399998, 4.733159563000072 ], [ -74.116361406999943, 4.733193185000061 ], [ -74.117121482999949, 4.733555881000029 ], [ -74.117208299999959, 4.733601247000024 ], [ -74.117291616999978, 4.733652798000037 ], [ -74.117370995999977, 4.73371026500007 ], [ -74.117446021999967, 4.733773346000021 ], [ -74.117516298999988, 4.733841709000046 ], [ -74.11758145999994, 4.733914995000021 ], [ -74.117641162999973, 4.733992821000072 ], [ -74.117670530999987, 4.734037450000073 ], [ -74.117695093999941, 4.734074779000025 ], [ -74.117821712999955, 4.73428324300005 ], [ -74.117860127999961, 4.734288683000045 ], [ -74.118174796549894, 4.73433324970435 ], [ -74.118174796832974, 4.734333249744444 ], [ -74.11943828699998, 4.734512196000026 ], [ -74.119520978999958, 4.734526548000076 ], [ -74.119602622999935, 4.734546021000028 ], [ -74.11968290599998, 4.73457053900006 ], [ -74.119761516999972, 4.734600009000076 ], [ -74.119838152999989, 4.73463431600004 ], [ -74.120348655999976, 4.734882197000047 ], [ -74.120419642999934, 4.73491930900002 ], [ -74.120488316999968, 4.734960571000045 ], [ -74.120554433999985, 4.735005840000042 ], [ -74.120617764999963, 4.735054956000056 ], [ -74.120678085999941, 4.735107748000075 ], [ -74.121236783999962, 4.735626723000053 ], [ -74.121300755999982, 4.735690246000047 ], [ -74.121360372999959, 4.735757898000031 ], [ -74.121415367999987, 4.73582938200002 ], [ -74.121465498999953, 4.735904379000033 ], [ -74.121648369999946, 4.736198694000052 ], [ -74.121893126999964, 4.736419503000036 ], [ -74.121954326999969, 4.736478299000055 ], [ -74.122011733999955, 4.736540826000066 ], [ -74.12206512299997, 4.736606841000025 ], [ -74.122114283999963, 4.736676081000041 ], [ -74.122159022999938, 4.736748277000061 ], [ -74.122369756999944, 4.737113389000058 ], [ -74.122411625999973, 4.737191684000038 ], [ -74.122446285999956, 4.737268219000043 ], [ -74.122448258999952, 4.737272577000056 ], [ -74.122479497999961, 4.737355717000071 ], [ -74.122505205999971, 4.737440742000047 ], [ -74.122525270999972, 4.73752728300002 ], [ -74.122539606999965, 4.737614962000066 ], [ -74.122621554999967, 4.737629344000027 ], [ -74.122702404999984, 4.73764901100003 ], [ -74.122781818999954, 4.737673880000045 ], [ -74.122859463999987, 4.737703846000045 ], [ -74.123444383999981, 4.737949205000064 ], [ -74.123538229999951, 4.737973738000051 ], [ -74.124188168999979, 4.738143645000036 ], [ -74.124275767999961, 4.738157001000047 ], [ -74.12443265177798, 4.738180920973641 ], [ -74.124585777945356, 4.738204267922741 ], [ -74.124634386999958, 4.738211679000074 ], [ -74.124712407722498, 4.738223575001419 ], [ -74.124873716554788, 4.738248169550876 ], [ -74.124873716653525, 4.73824816956593 ], [ -74.124875778999979, 4.738248484000053 ], [ -74.124946540999986, 4.73825927300004 ], [ -74.126633327999969, 4.737379134000037 ], [ -74.126640878472827, 4.737375194362508 ], [ -74.126664062999964, 4.73736309700007 ], [ -74.126873104895935, 4.737254022079201 ], [ -74.126991980999946, 4.737191994000057 ], [ -74.127042329523249, 4.737165723210941 ], [ -74.127080091509555, 4.737146019573792 ], [ -74.127328472999977, 4.737016417000063 ], [ -74.127414697999939, 4.736975241000039 ], [ -74.127503605999948, 4.736940276000041 ], [ -74.127594753999972, 4.736911697000039 ], [ -74.127687684999955, 4.736889646000066 ], [ -74.127781935999963, 4.736874235000073 ], [ -74.127877035999973, 4.736865538000075 ] ] ] } },
{ "type": "Feature", "properties": { "nombre": "Humedal de La Isla", "id": 0, "cobertura": "Areas Endurecidas", "periodo": 1956, "fechaini": "1940-01-01T00:00:00", "fechafin": "1960-01-01T00:00:00", "Shape_Leng": 0.00027502667311400002, "Shape_Area": 5.0982733839699998e-09 }, "geometry": { "type": "Polygon", "coordinates": [ [ [ -74.215767322390832, 4.616678999294786 ], [ -74.215768783999977, 4.61668005000007 ], [ -74.215768783983279, 4.616680050033599 ], [ -74.215768783983279, 4.616680050033602 ], [ -74.215808061999951, 4.616708287000051 ], [ -74.215876421999951, 4.616764569000054 ], [ -74.215940966999938, 4.616825218000031 ], [ -74.216001420999987, 4.616889972000024 ], [ -74.21605752399995, 4.616958555000053 ], [ -74.216109035999978, 4.617030674000034 ], [ -74.216155737999941, 4.617106017000026 ], [ -74.216197429999966, 4.617184265000049 ], [ -74.216233930999977, 4.617265082000074 ], [ -74.216265087999943, 4.61734812100002 ], [ -74.216268647999982, 4.617359893000071 ], [ -74.216278935999981, 4.617393912000068 ], [ -74.21629076499994, 4.617433027000061 ], [ -74.216310852999982, 4.617519437000055 ], [ -74.216325264999966, 4.617606979000072 ], [ -74.216333940999959, 4.617695280000021 ], [ -74.216335364999964, 4.617738781000071 ], [ -74.216335582472169, 4.617745428763378 ], [ -74.216335731999948, 4.617749997000033 ], [ -74.216335800061742, 4.6177520776937 ], [ -74.216336488999957, 4.617773126000031 ], [ -74.216336842999965, 4.617783961000043 ], [ -74.21633395799995, 4.617872643000055 ], [ -74.216325299999937, 4.617960946000039 ], [ -74.216310903999954, 4.618048491000025 ], [ -74.21629083299996, 4.618134904000044 ], [ -74.216277739999953, 4.618178230000069 ], [ -74.216265172999954, 4.618219815000032 ], [ -74.216248252999947, 4.618266964000043 ], [ -74.216244572999983, 4.61949799000007 ], [ -74.216244492807135, 4.61952479110207 ], [ -74.216240220999964, 4.620953759000031 ], [ -74.216239928999983, 4.621051 ], [ -74.216266862999987, 4.621113106000053 ], [ -74.216796447999968, 4.622334282000054 ], [ -74.216834535124448, 4.622422108794217 ], [ -74.216917903999956, 4.622614350000049 ], [ -74.216927221999981, 4.622636366000052 ], [ -74.216958378999948, 4.622719405000055 ], [ -74.216984055999944, 4.622804310000049 ], [ -74.217004143999986, 4.622890720000044 ], [ -74.21701855699996, 4.62297826300005 ], [ -74.217027232999953, 4.623066563000066 ], [ -74.217030134999959, 4.623155245000021 ], [ -74.217027250999934, 4.623243927000033 ], [ -74.217018591999988, 4.623332229000027 ], [ -74.217004196999937, 4.62341977400007 ], [ -74.216984125999943, 4.623506188000022 ], [ -74.216958464999948, 4.623591099000066 ], [ -74.216927324999972, 4.623674144000063 ], [ -74.216890837999983, 4.623754968000071 ], [ -74.21684916199996, 4.623833224000066 ], [ -74.216839100999948, 4.623849463000056 ], [ -74.216802473999962, 4.623908577000066 ], [ -74.216750974999968, 4.623980705000065 ], [ -74.216694883999935, 4.62404930100007 ], [ -74.216634441999986, 4.624114066000061 ], [ -74.216569908999986, 4.624174727000025 ], [ -74.216501558999937, 4.62423102300005 ], [ -74.216429686999959, 4.624282712000024 ], [ -74.216354598999942, 4.624329575000047 ], [ -74.216276617999938, 4.624371409000048 ], [ -74.21619607699995, 4.624408036000034 ], [ -74.216143415999966, 4.624427930000024 ], [ -74.216115934999948, 4.624438312000052 ], [ -74.216113319999977, 4.624439299000073 ], [ -74.216112677999945, 4.624439518000031 ], [ -74.215718959720633, 4.624573445561233 ], [ -74.215196504999938, 4.624751165000021 ], [ -74.215085917045471, 4.624788781922476 ], [ -74.21476817599995, 4.624896865000039 ], [ -74.214684201999944, 4.624922412000046 ], [ -74.214598085999967, 4.624942568000051 ], [ -74.214510841999981, 4.624957030000076 ], [ -74.214422841999976, 4.624965735000046 ], [ -74.214334461999954, 4.62496864700006 ], [ -74.214246081999988, 4.624965752000037 ], [ -74.214158080999937, 4.624957064000057 ], [ -74.214070833999983, 4.624942619000024 ], [ -74.213984713999935, 4.62492247900002 ], [ -74.21390009299995, 4.624896730000046 ], [ -74.213817330999973, 4.624865483000065 ], [ -74.213736781999955, 4.624828872000023 ], [ -74.213658792999979, 4.624787052000045 ], [ -74.213583696999933, 4.624740204000034 ], [ -74.213511814999947, 4.624688529000025 ], [ -74.213443453999957, 4.624632247000022 ], [ -74.213378908999971, 4.624571597000056 ], [ -74.213318454999978, 4.624506843000063 ], [ -74.213262350999969, 4.624438260000034 ], [ -74.213210837999952, 4.624366141000053 ], [ -74.213164135999989, 4.624290797000072 ], [ -74.213122443999964, 4.624212549000049 ], [ -74.213085941999964, 4.624131732000023 ], [ -74.213054785999987, 4.62404869300002 ], [ -74.213032694999981, 4.623975646000076 ], [ -74.213029108999933, 4.623963787000037 ], [ -74.213023476999979, 4.623939559000064 ], [ -74.213009020999948, 4.623877377000042 ], [ -74.212994608999963, 4.623789835000025 ], [ -74.212988088999964, 4.623729922000052 ], [ -74.212781646999986, 4.621342258000027 ], [ -74.212778545999981, 4.621306387000061 ], [ -74.212775876999956, 4.621275511000022 ], [ -74.212424605999956, 4.619377146000033 ], [ -74.212414625060234, 4.619323203924307 ], [ -74.212412055999948, 4.61930932000007 ], [ -74.212406249999958, 4.619277943000043 ], [ -74.212328744999979, 4.618859081000039 ], [ -74.212323383999944, 4.618830107000065 ], [ -74.212183705999962, 4.618075240000053 ], [ -74.212172575999944, 4.618004822000046 ], [ -74.21216390099994, 4.617916521000041 ], [ -74.212160998999934, 4.617827839000029 ], [ -74.212162742999965, 4.617774247000057 ], [ -74.212163884999939, 4.617739157000074 ], [ -74.212170431999937, 4.617672381000034 ], [ -74.212172543999941, 4.617650855000022 ], [ -74.212175566999974, 4.617632468000068 ], [ -74.212186939999981, 4.617563310000037 ], [ -74.21220092599998, 4.617503093000039 ], [ -74.212207010999975, 4.617476896000028 ], [ -74.212232671999971, 4.61739198500004 ], [ -74.212263811999946, 4.617308941000033 ], [ -74.212300297999946, 4.617228117000025 ], [ -74.212341974999958, 4.61714986100003 ], [ -74.212388662999956, 4.61707450800003 ], [ -74.212435445999972, 4.617008985000041 ], [ -74.21244016199995, 4.617002380000031 ], [ -74.212485796999943, 4.616946572000074 ], [ -74.212496252999983, 4.616933786000061 ], [ -74.212528392999957, 4.616899346000025 ], [ -74.212556693999943, 4.61686902100007 ], [ -74.212574624999945, 4.616851356000041 ], [ -74.21259639799996, 4.616672903000051 ], [ -74.21259792799998, 4.616660811000031 ], [ -74.212612323999963, 4.616573266000046 ], [ -74.212632394999957, 4.616486852000037 ], [ -74.212658055999952, 4.616401942000039 ], [ -74.212688890999971, 4.616319711000074 ], [ -74.212689196999975, 4.616318897000042 ], [ -74.212725682999974, 4.616238073000034 ], [ -74.212767359999987, 4.616159817000039 ], [ -74.212814047999984, 4.616084464000039 ], [ -74.212823987999968, 4.616070542000045 ], [ -74.212865546999979, 4.61601233600004 ], [ -74.212921636999965, 4.615943741000024 ], [ -74.212959868999974, 4.615901797000049 ], [ -74.213079490999974, 4.61577595600005 ], [ -74.213101700999971, 4.615753136000023 ], [ -74.213102015999937, 4.615752838000049 ], [ -74.213166232999981, 4.61569247500006 ], [ -74.213234582999974, 4.615636180000024 ], [ -74.213306454999952, 4.61558449000006 ], [ -74.213345608999987, 4.615560052000035 ], [ -74.213381540999933, 4.615537627000037 ], [ -74.213459521999937, 4.615495793000036 ], [ -74.213540061999936, 4.61545916700004 ], [ -74.213622816999987, 4.615427904000057 ], [ -74.213707431999978, 4.615402139000025 ], [ -74.213793546999966, 4.61538198300002 ], [ -74.213802842999939, 4.615380160000029 ], [ -74.21397301199994, 4.615347421000024 ], [ -74.214050958999962, 4.615334782000048 ], [ -74.214125273999969, 4.615327431000026 ], [ -74.214138956999989, 4.615326078000066 ], [ -74.214171557999975, 4.615325003000066 ], [ -74.214227335999965, 4.615323166000053 ], [ -74.214298510999981, 4.615325496000025 ], [ -74.214315714999941, 4.615326060000029 ], [ -74.214403714999946, 4.615334749000056 ], [ -74.214490960999967, 4.615349194000032 ], [ -74.21457707899998, 4.615369333000046 ], [ -74.214661698999976, 4.615395083000067 ], [ -74.214744460999952, 4.615426330000048 ], [ -74.214825007999934, 4.615462941000033 ], [ -74.214902995999978, 4.615504759000032 ], [ -74.214978090999978, 4.615551608000033 ], [ -74.215049972999964, 4.615603283000041 ], [ -74.215118332999964, 4.615659565000044 ], [ -74.215128872999969, 4.615669469000068 ], [ -74.215182876999961, 4.615720215000067 ], [ -74.215243330999954, 4.615784968000071 ], [ -74.215299433999974, 4.615853552000033 ], [ -74.215350946999934, 4.615925670000024 ], [ -74.215397648999954, 4.616001014000062 ], [ -74.215439339999989, 4.616079263000074 ], [ -74.215475841999989, 4.616160079000053 ], [ -74.215506997999967, 4.616243118000057 ], [ -74.215532674999963, 4.61632802400004 ], [ -74.215552762999948, 4.616414433000045 ], [ -74.215567174999933, 4.616501976000052 ], [ -74.215573825999968, 4.616563402000054 ], [ -74.215583095999989, 4.616567945000043 ], [ -74.215632427999935, 4.616594397000028 ], [ -74.215661084999965, 4.616609763000042 ], [ -74.215736179999965, 4.616656612000043 ], [ -74.215751423999961, 4.616667570000061 ], [ -74.215757642265885, 4.616672040390497 ], [ -74.215761188999977, 4.616674590000059 ], [ -74.215767322390832, 4.616678999294786 ] ], [ [ -74.213032695594237, 4.623975645807371 ], [ -74.213032695594237, 4.62397564580737 ], [ -74.213032694999981, 4.623975646000076 ], [ -74.213032695594237, 4.623975645807371 ] ], [ [ -74.212778546428652, 4.621306386835161 ], [ -74.212778546428652, 4.621306386835158 ], [ -74.212778545999981, 4.621306387000061 ], [ -74.212778546428652, 4.621306386835161 ] ], [ [ -74.212175567513398, 4.617632468400648 ], [ -74.212175567513398, 4.617632468400646 ], [ -74.212175566999974, 4.617632468000068 ], [ -74.212175567513398, 4.617632468400648 ] ], [ [ -74.212200926500429, 4.617503093301282 ], [ -74.212200926500429, 4.617503093301282 ], [ -74.21220092599998, 4.617503093000039 ], [ -74.212200926500429, 4.617503093301282 ] ], [ [ -74.212435445999986, 4.617008985092276 ], [ -74.212435445999986, 4.617008985092275 ], [ -74.212435445999972, 4.617008985000041 ], [ -74.212435445999986, 4.617008985092276 ] ], [ [ -74.21248579731504, 4.616946572316084 ], [ -74.21248579731504, 4.616946572316082 ], [ -74.212485796999943, 4.616946572000074 ], [ -74.21248579731504, 4.616946572316084 ] ], [ [ -74.213102016051252, 4.615752839847332 ], [ -74.213102016051252, 4.615752839847328 ], [ -74.213102015999937, 4.615752838000049 ], [ -74.213102016051252, 4.615752839847332 ] ], [ [ -74.213345609127146, 4.615560052956347 ], [ -74.213345609127146, 4.615560052956345 ], [ -74.213345608999987, 4.615560052000035 ], [ -74.213345609127146, 4.615560052956347 ] ], [ [ -74.21563242792395, 4.616594397141666 ], [ -74.21563242792395, 4.616594397141668 ], [ -74.215632427999935, 4.616594397000028 ], [ -74.21563242792395, 4.616594397141666 ] ], [ [ -74.215751423932403, 4.616667570271769 ], [ -74.215751423932403, 4.616667570271773 ], [ -74.215751423999961, 4.616667570000061 ], [ -74.215751423932403, 4.616667570271769 ] ], [ [ -74.214892830298908, 4.619645910302561 ], [ -74.214893113805019, 4.619551166009214 ], [ -74.214893137695427, 4.619543161556376 ], [ -74.214892830298908, 4.619645910302561 ] ] ] } },
{ "type": "Feature", "properties": { "nombre": "Humedal de La Vaca", "id": 0, "cobertura": "Arbustales", "periodo": 1976, "fechaini": "1970-01-01T00:00:00", "fechafin": "1990-01-01T00:00:00", "Shape_Leng": 0.00035484934846199999, "Shape_Area": 7.6447146619700008e-09 }, "geometry": { "type": "MultiPolygon", "coordinates": [ [ [ [ -74.166989076999982, 4.621988784000052 ], [ -74.167035773999942, 4.622064131000059 ], [ -74.167065886999978, 4.622119388000044 ], [ -74.167161834999945, 4.622305599000072 ], [ -74.16717340799994, 4.622328592000031 ], [ -74.167209904999936, 4.622409412000025 ], [ -74.167241054999977, 4.622492453000064 ], [ -74.167266726999969, 4.622577361000026 ], [ -74.167286808999961, 4.622663772000067 ], [ -74.167301215999942, 4.622751316000063 ], [ -74.16730550699998, 4.622787828000071 ], [ -74.16764939899997, 4.623719315000073 ], [ -74.168116857999962, 4.624373903000048 ], [ -74.168141987999945, 4.624410339000065 ], [ -74.168188685999951, 4.624485686000071 ], [ -74.168230372999972, 4.624563936000072 ], [ -74.168266869999968, 4.624644756000066 ], [ -74.168298020999941, 4.624727797000048 ], [ -74.168323692999934, 4.624812705000068 ], [ -74.16833937152586, 4.62488016825574 ], [ -74.168339371549393, 4.624880168357016 ], [ -74.168341336999958, 4.62488862500004 ], [ -74.168343774999983, 4.624899116000051 ], [ -74.168358180999974, 4.624986659000058 ], [ -74.168363839999984, 4.625044288000026 ], [ -74.168366850999973, 4.625074960000063 ], [ -74.168369747999975, 4.625163642000075 ], [ -74.168366856999967, 4.62525232400003 ], [ -74.168358191999971, 4.625340626000025 ], [ -74.168343790999984, 4.625428169000031 ], [ -74.168323713999939, 4.62551458300004 ], [ -74.168298046999951, 4.62559949100006 ], [ -74.168266900999981, 4.625682535000067 ], [ -74.168230408999989, 4.62576335600005 ], [ -74.168188726999972, 4.625841609000076 ], [ -74.16814203399997, 4.62591696000004 ], [ -74.168090529999972, 4.625989084000025 ], [ -74.168034433999935, 4.626057675000027 ], [ -74.168015822999962, 4.626078532000065 ], [ -74.168001232999984, 4.626100917000031 ], [ -74.167949728999986, 4.626173042000062 ], [ -74.167893633999938, 4.626241633000063 ], [ -74.167833186999985, 4.626306394000039 ], [ -74.167768649999971, 4.626367051000045 ], [ -74.167700295999964, 4.626423342000066 ], [ -74.167666077999968, 4.626448840000023 ], [ -74.167436720999945, 4.626614179000057 ], [ -74.167399061999959, 4.626640366000061 ], [ -74.167323970999973, 4.626687223000033 ], [ -74.167245986999944, 4.62672905200003 ], [ -74.167165442999988, 4.626765673000023 ], [ -74.167082683999979, 4.626796931000058 ], [ -74.166998065999962, 4.62682269000004 ], [ -74.166911947999949, 4.626842841000041 ], [ -74.166872456999954, 4.626849384000025 ], [ -74.166824702999975, 4.626857296000026 ], [ -74.166817726999966, 4.626857986000061 ], [ -74.16673670199998, 4.626865996000049 ], [ -74.166648321999958, 4.626868902000069 ], [ -74.166559941999935, 4.626866001000053 ], [ -74.166471940999941, 4.626857306000034 ], [ -74.166419810999969, 4.62684867300004 ], [ -74.166384694999977, 4.626842856000053 ], [ -74.166367941999965, 4.626838937000059 ], [ -74.166298575999974, 4.626822710000056 ], [ -74.166213956999968, 4.626796956000021 ], [ -74.166131195999981, 4.626765703000046 ], [ -74.166050649999988, 4.626729086000068 ], [ -74.165972662999934, 4.626687261000029 ], [ -74.16589756999997, 4.626640408000071 ], [ -74.165825689999963, 4.626588728000058 ], [ -74.165757332999988, 4.626532440000062 ], [ -74.165692791999959, 4.626471787000071 ], [ -74.165632341999981, 4.626407030000053 ], [ -74.165598948999957, 4.626367314000049 ], [ -74.16493561599998, 4.625546998000061 ], [ -74.164912909999941, 4.625518126000031 ], [ -74.164861401999985, 4.625446004000025 ], [ -74.164853120999965, 4.625433419000046 ], [ -74.164339777999942, 4.624643689000038 ], [ -74.164299980999942, 4.624582466000049 ], [ -74.164134169337245, 4.624327378487354 ], [ -74.163927802999979, 4.624009903000058 ], [ -74.163915883999948, 4.623990432000028 ], [ -74.163889385999937, 4.623947141000031 ], [ -74.163857316999952, 4.62388694200007 ], [ -74.163847699999963, 4.62386888900005 ], [ -74.163811203999956, 4.623788070000046 ], [ -74.163807786999939, 4.623778961000028 ], [ -74.163805963128326, 4.623774098660673 ], [ -74.163805963118961, 4.623774098635711 ], [ -74.163780053999972, 4.623705029000064 ], [ -74.163754381999979, 4.623620121000044 ], [ -74.163734300999977, 4.623533710000061 ], [ -74.163719894999986, 4.623446166000065 ], [ -74.163711224999986, 4.62335786500006 ], [ -74.163708328999974, 4.623269184000037 ], [ -74.163710980999952, 4.62318782400007 ], [ -74.163711220999971, 4.623180501000036 ], [ -74.163719885999967, 4.623092200000031 ], [ -74.163734287999944, 4.623004655000045 ], [ -74.163735405999944, 4.62299984200007 ], [ -74.163754364999988, 4.622918243000072 ], [ -74.163780032999966, 4.622833335000053 ], [ -74.163811178999936, 4.622750291000045 ], [ -74.163824373999944, 4.622721067000043 ], [ -74.163847670999985, 4.622669470000062 ], [ -74.163889352999945, 4.622591217000036 ], [ -74.163936046999936, 4.622515867000061 ], [ -74.163987550999934, 4.622443743000076 ], [ -74.164043646999971, 4.622375153000064 ], [ -74.164104092999935, 4.622310391000042 ], [ -74.164168630999939, 4.622249734000036 ], [ -74.164236983999956, 4.622193444000061 ], [ -74.164308860999938, 4.622141760000034 ], [ -74.164321816999973, 4.622133179000059 ], [ -74.165127716999962, 4.621606157000031 ], [ -74.165189851999969, 4.621567879000054 ], [ -74.165267835999941, 4.621526051000046 ], [ -74.165348378999965, 4.621489430000054 ], [ -74.165431137999974, 4.621458173000065 ], [ -74.165515754999944, 4.621432413000036 ], [ -74.165601871999968, 4.621412263000025 ], [ -74.165689116999943, 4.621397807000051 ], [ -74.165777116999948, 4.621389108000074 ], [ -74.165865495999981, 4.621386202000053 ], [ -74.165953875999946, 4.62138910300007 ], [ -74.166041875999952, 4.621397798000032 ], [ -74.166129121999973, 4.621412249000059 ], [ -74.166215239999985, 4.621432394000067 ], [ -74.166299858999935, 4.621458149000034 ], [ -74.166382617999943, 4.621489401000076 ], [ -74.166463163999936, 4.621526018000054 ], [ -74.166541149999944, 4.621567843000037 ], [ -74.166616242999964, 4.621614696000051 ], [ -74.16667829499994, 4.621659310000041 ], [ -74.166688121999982, 4.621666376000064 ], [ -74.166756478999957, 4.621722663000071 ], [ -74.166821019999986, 4.621783316000062 ], [ -74.166881468999975, 4.62184807400007 ], [ -74.16693756799998, 4.621916661000057 ], [ -74.166989076999982, 4.621988784000052 ] ], [ [ -74.163735406172322, 4.622999842353187 ], [ -74.163735406172322, 4.622999842353181 ], [ -74.163735405999944, 4.62299984200007 ], [ -74.163735406172322, 4.622999842353187 ] ] ], [ [ [ -74.165210268999942, 4.629647100000057 ], [ -74.165261777999945, 4.629719222000062 ], [ -74.16530847599995, 4.629794569000069 ], [ -74.165350161999982, 4.62987282000006 ], [ -74.165386658999978, 4.629953640000053 ], [ -74.165417809999951, 4.630036681000036 ], [ -74.165443481999944, 4.630121589000055 ], [ -74.165463562999946, 4.630208 ], [ -74.165477969999984, 4.630295543000045 ], [ -74.165486639999983, 4.63038384500004 ], [ -74.165489535999939, 4.630472526000062 ], [ -74.165486643999941, 4.630561209000064 ], [ -74.165477978999945, 4.630649510000069 ], [ -74.165463576999969, 4.630737054000065 ], [ -74.165455812999937, 4.630770473000041 ], [ -74.165443499999981, 4.630823467000027 ], [ -74.165417832999935, 4.630908375000047 ], [ -74.165386685999977, 4.630991418000065 ], [ -74.165376384999945, 4.63101423300003 ], [ -74.165350193999984, 4.631072240000037 ], [ -74.165320315999963, 4.631129549000036 ], [ -74.165187532999937, 4.631370093000044 ], [ -74.165175727999952, 4.631391037000071 ], [ -74.16512903399996, 4.631466386000056 ], [ -74.165077528999973, 4.63153851200002 ], [ -74.165021432999936, 4.631607102000032 ], [ -74.164960985999983, 4.631671863000065 ], [ -74.164944676999937, 4.631687192000072 ], [ -74.164896447999979, 4.631732520000071 ], [ -74.164828092999983, 4.631788811000035 ], [ -74.164820985999938, 4.631794245000037 ], [ -74.164342628999975, 4.632157554000059 ], [ -74.164277858999981, 4.632203803000039 ], [ -74.164202767999939, 4.632250661000057 ], [ -74.164124781999988, 4.632292490000054 ], [ -74.164044236999985, 4.632329111000047 ], [ -74.163961477999976, 4.632360367000047 ], [ -74.16387685899997, 4.632386127000075 ], [ -74.163790740999957, 4.63240627700003 ], [ -74.163703493999947, 4.632420732000071 ], [ -74.163615492999952, 4.632429431000048 ], [ -74.16352711199994, 4.632432337000068 ], [ -74.163438731999975, 4.632429435000063 ], [ -74.163350729999934, 4.632420741000033 ], [ -74.16326348299998, 4.632406289000073 ], [ -74.163177363999978, 4.632386144000066 ], [ -74.163092743999982, 4.632360388000052 ], [ -74.163009982999938, 4.632329136000067 ], [ -74.162929435999956, 4.632292519000032 ], [ -74.162851448999959, 4.63225069300006 ], [ -74.162776354999949, 4.632203840000045 ], [ -74.162704474999941, 4.632152159000043 ], [ -74.162636117999966, 4.632095872000036 ], [ -74.162576084999955, 4.632039721000069 ], [ -74.162343732999943, 4.631808772000056 ], [ -74.162133833999974, 4.631600140000046 ], [ -74.162129324999967, 4.631595638000022 ], [ -74.162068874999989, 4.631530879000024 ], [ -74.162058201999969, 4.631518518000064 ], [ -74.16166708999998, 4.631059999000058 ], [ -74.161651426999981, 4.631043303000069 ], [ -74.161619415999951, 4.63100795400004 ], [ -74.161587061999967, 4.630969521000054 ], [ -74.161582510999949, 4.630967639000062 ], [ -74.161501963999967, 4.630931022000027 ], [ -74.16142397699997, 4.630889197000045 ], [ -74.16134888299996, 4.63084234400003 ], [ -74.161277003999942, 4.630790662000038 ], [ -74.161208646999967, 4.630734375000031 ], [ -74.161144105999938, 4.63067372200004 ], [ -74.16108365599996, 4.630608963000043 ], [ -74.161027556999954, 4.630540375000066 ], [ -74.160976047999952, 4.63046825300006 ], [ -74.160929350999936, 4.630392905000065 ], [ -74.160923030999982, 4.630381801000055 ], [ -74.160610697999971, 4.629826987000058 ], [ -74.160595481999962, 4.629807462000031 ], [ -74.160551787999964, 4.629746946000068 ], [ -74.160410525999964, 4.629539492000049 ], [ -74.16040271199995, 4.629527887000052 ], [ -74.160356014999934, 4.629452538000066 ], [ -74.160314328999959, 4.629374287000076 ], [ -74.160277832999952, 4.629293467000025 ], [ -74.160246681999979, 4.629210426000043 ], [ -74.160240573999943, 4.629191938000076 ], [ -74.16020326599994, 4.62912564800007 ], [ -74.15940864199996, 4.629055470000026 ], [ -74.159350763999953, 4.629049095000028 ], [ -74.159263517999989, 4.629034643000068 ], [ -74.159177398999987, 4.629014497000071 ], [ -74.15909277999998, 4.628988741000057 ], [ -74.159010018999936, 4.628957488000026 ], [ -74.158929472999944, 4.628920870000059 ], [ -74.158851485999946, 4.628879045000076 ], [ -74.158776392999982, 4.628832191000072 ], [ -74.158704513999965, 4.62878051000007 ], [ -74.158636156999989, 4.628724222000073 ], [ -74.15857161699995, 4.628663568000036 ], [ -74.158511166999972, 4.628598809000039 ], [ -74.158455067999967, 4.628530222000052 ], [ -74.158403560999943, 4.628458099000056 ], [ -74.158356862999938, 4.628382751000061 ], [ -74.158315177999953, 4.628304499000023 ], [ -74.158278681999946, 4.628223680000076 ], [ -74.158247531999962, 4.628140638000048 ], [ -74.158221860999959, 4.628055730000028 ], [ -74.158201779999956, 4.627969319000044 ], [ -74.158187374999954, 4.627881776000038 ], [ -74.158178705999944, 4.627793474000043 ], [ -74.158176374999982, 4.627722081000059 ], [ -74.158175810999978, 4.627704792000031 ], [ -74.158178111999973, 4.62763422200004 ], [ -74.158178702999976, 4.627616110000076 ], [ -74.158181409999941, 4.627581466000038 ], [ -74.158215005999978, 4.627212293000071 ], [ -74.158220964999941, 4.627158635000058 ], [ -74.158235367999964, 4.627071092000051 ], [ -74.158255445999941, 4.626984679000032 ], [ -74.158281113999976, 4.626899771000069 ], [ -74.158310246999974, 4.626822097000058 ], [ -74.158312261999981, 4.626816728000051 ], [ -74.158348754999963, 4.626735907000068 ], [ -74.158390437999969, 4.626657654000041 ], [ -74.15843713199996, 4.626582305000056 ], [ -74.158484392999981, 4.626516123000044 ], [ -74.158488636999948, 4.626510180000025 ], [ -74.158544732999985, 4.626441591000059 ], [ -74.158561300999963, 4.626423840000029 ], [ -74.158605180999984, 4.626376830000027 ], [ -74.158669718999988, 4.626316173000021 ], [ -74.158738073999984, 4.626259883000046 ], [ -74.158809950999967, 4.626208200000065 ], [ -74.158885041999952, 4.626161344000025 ], [ -74.158944428999973, 4.626129491000029 ], [ -74.15896302699997, 4.626119516000074 ], [ -74.159004269999969, 4.626100764000057 ], [ -74.159043571999973, 4.626082895000025 ], [ -74.159126329999935, 4.626051638000035 ], [ -74.159210948999942, 4.626025880000043 ], [ -74.159297065999965, 4.626005730000031 ], [ -74.159384311999986, 4.625991275000047 ], [ -74.159472312999981, 4.625982577000059 ], [ -74.159502475999943, 4.625981585000034 ], [ -74.159560691999957, 4.625979672000028 ], [ -74.159572809999986, 4.625980069000036 ], [ -74.159649072999969, 4.625982574000034 ], [ -74.159670224999957, 4.625984206000055 ], [ -74.159679646999962, 4.625984933000041 ], [ -74.160722303999989, 4.626077370000075 ], [ -74.160756667999976, 4.626062524000076 ], [ -74.160839426999985, 4.626031268000077 ], [ -74.160924045999934, 4.626005509000038 ], [ -74.161010162999958, 4.625985358000037 ], [ -74.161097408999979, 4.625970903000052 ], [ -74.161144304999937, 4.625966267000024 ], [ -74.161185408999984, 4.625962205000064 ], [ -74.161273788999949, 4.625959299000044 ], [ -74.161362168999972, 4.62596220100005 ], [ -74.161450169999966, 4.625970897000059 ], [ -74.161537415999987, 4.625985348000029 ], [ -74.161537975999977, 4.625985479000065 ], [ -74.161623533999943, 4.626005494000026 ], [ -74.161708153999939, 4.62603125000004 ], [ -74.161790913999937, 4.626062503000071 ], [ -74.161859108999977, 4.626093505000028 ], [ -74.161871459999986, 4.626099120000049 ], [ -74.161949446999984, 4.626140944000042 ], [ -74.162024539999948, 4.626187799000036 ], [ -74.162096418999965, 4.626239479000049 ], [ -74.162164774999951, 4.626295766000055 ], [ -74.16222931599998, 4.626356421000025 ], [ -74.162261152999974, 4.626389465000045 ], [ -74.162771217999989, 4.626937179000038 ], [ -74.162777207999966, 4.62693719400005 ], [ -74.162852587999964, 4.626934716000051 ], [ -74.162940968999976, 4.626937618000056 ], [ -74.163028969999971, 4.62694631200003 ], [ -74.163116215999935, 4.626960764000046 ], [ -74.163202333999948, 4.626980910000043 ], [ -74.16323418199994, 4.626989893000029 ], [ -74.163318954999966, 4.62701493000003 ], [ -74.163371726999969, 4.627031703000057 ], [ -74.163454486999967, 4.627062955000042 ], [ -74.16353503299996, 4.62709957200002 ], [ -74.163613019999957, 4.627141398000049 ], [ -74.163688112999978, 4.627188251000064 ], [ -74.163759992999985, 4.627239931000076 ], [ -74.163828348999971, 4.627296218000026 ], [ -74.163887556999953, 4.627351551000061 ], [ -74.164082870999948, 4.627545353000073 ], [ -74.164088203999938, 4.627550674000076 ], [ -74.164148654999963, 4.627615432000027 ], [ -74.164204753999968, 4.627684020000061 ], [ -74.164256261999981, 4.627756142000067 ], [ -74.164302959999986, 4.627831490000062 ], [ -74.164344645999961, 4.627909740000064 ], [ -74.164381142999957, 4.627990560000057 ], [ -74.164412292999941, 4.62807360100004 ], [ -74.164437964999934, 4.62815850800007 ], [ -74.164458046999982, 4.628244920000043 ], [ -74.164461717999984, 4.628265020000072 ], [ -74.164477935999969, 4.628275140000028 ], [ -74.16454981399994, 4.628326820000041 ], [ -74.164618170999972, 4.628383108000037 ], [ -74.164682712999934, 4.628443761000028 ], [ -74.164743162999969, 4.628508519000036 ], [ -74.164783581999984, 4.628556997000032 ], [ -74.164845743999933, 4.628635188000032 ], [ -74.16486142399998, 4.628655296000034 ], [ -74.164912932999982, 4.62872741800004 ], [ -74.164959630999988, 4.628802766000035 ], [ -74.165001316999962, 4.628881017000026 ], [ -74.165037813999959, 4.62896183600003 ], [ -74.165068964999989, 4.629044878000059 ], [ -74.165086391999978, 4.629100253000047 ], [ -74.165092950999963, 4.629115868000042 ], [ -74.165124101999936, 4.629198909000024 ], [ -74.165149773999985, 4.629283816000054 ], [ -74.165169855999977, 4.629370228000028 ], [ -74.165184261999968, 4.629457772000023 ], [ -74.165190456999937, 4.629520862000049 ], [ -74.165192931999968, 4.629546072000039 ], [ -74.165194347999943, 4.629586601000028 ], [ -74.165195812999968, 4.629628534000062 ], [ -74.165210268999942, 4.629647100000057 ] ], [ [ -74.158310247569574, 4.626822098628808 ], [ -74.158310247569574, 4.626822098628804 ], [ -74.158310246999974, 4.626822097000058 ], [ -74.158310247569574, 4.626822098628808 ] ], [ [ -74.15848439303771, 4.626516123030336 ], [ -74.15848439303771, 4.626516123030332 ], [ -74.158484392999981, 4.626516123000044 ], [ -74.15848439303771, 4.626516123030336 ] ], [ [ -74.158561301449666, 4.626423840381836 ], [ -74.158561301449666, 4.626423840381835 ], [ -74.158561300999963, 4.626423840000029 ], [ -74.158561301449666, 4.626423840381836 ] ] ] ] } },
{ "type": "Feature", "properties": { "nombre": "Humedal de Santa María del Lago", "id": 0, "cobertura": "Arbustales", "periodo": 2014, "fechaini": "2000-01-01T00:00:00", "fechafin": "2020-01-01T00:00:00", "Shape_Leng": 0.000104038843933, "Shape_Area": 7.2068477285200004e-10 }, "geometry": { "type": "Polygon", "coordinates": [ [ [ -74.097241689999976, 4.692127613000025 ], [ -74.097265213999947, 4.692144527000039 ], [ -74.097313570999972, 4.692179301000067 ], [ -74.097381928999937, 4.692235594000067 ], [ -74.097446469999966, 4.692296254000041 ], [ -74.097478575999958, 4.69233065100002 ], [ -74.097506919999944, 4.692361018000042 ], [ -74.09756301699997, 4.692429610000033 ], [ -74.097614523999937, 4.692501737000043 ], [ -74.097661218999974, 4.692577088000064 ], [ -74.097676478999972, 4.692604333000077 ], [ -74.097725213999979, 4.692693736000024 ], [ -74.097751636999988, 4.692744748000052 ], [ -74.09778812899998, 4.692825570000025 ], [ -74.097819274999949, 4.692908614000032 ], [ -74.097844940999948, 4.692993523000041 ], [ -74.097865015999957, 4.693079938000039 ], [ -74.097875142999953, 4.693141505000028 ], [ -74.097875344502327, 4.69314273028732 ], [ -74.097875906999946, 4.693146150000075 ], [ -74.097879414999966, 4.693167482000035 ], [ -74.097888076999936, 4.69325578400003 ], [ -74.097890940999946, 4.693336371000044 ], [ -74.097891060999984, 4.693356623000057 ], [ -74.097891475999972, 4.693427217000021 ], [ -74.097891360999938, 4.69343107100002 ], [ -74.097891498999957, 4.693435312000076 ], [ -74.097888598999987, 4.693523994000032 ], [ -74.097879924999972, 4.693612294000047 ], [ -74.097865513999977, 4.693699837000054 ], [ -74.097845425999935, 4.693786247000048 ], [ -74.097819747999949, 4.693871153000032 ], [ -74.097788590999983, 4.693954193000025 ], [ -74.097752087999936, 4.69403501100004 ], [ -74.097726464999937, 4.694084536000048 ], [ -74.097645278999948, 4.694233862000033 ], [ -74.097629206999954, 4.694262586000036 ], [ -74.097582501999966, 4.694337931000064 ], [ -74.097530984999935, 4.694410051000034 ], [ -74.097530639999945, 4.694410502000039 ], [ -74.096694265999986, 4.695502992000058 ], [ -74.096650473999944, 4.695560194000052 ], [ -74.096646440999962, 4.695565462000047 ], [ -74.095995172999949, 4.696416160000069 ], [ -74.095991781999942, 4.696420572000022 ], [ -74.095567109999934, 4.696970590000035 ], [ -74.095454376999953, 4.697116597000047 ], [ -74.09513740899996, 4.697527121000064 ], [ -74.095085037999979, 4.697590843000057 ], [ -74.095024577999936, 4.69765559800004 ], [ -74.094960027999946, 4.697716248000063 ], [ -74.094891661999952, 4.697772531000055 ], [ -74.094819772999983, 4.697824209000032 ], [ -74.094761951999942, 4.697860278000064 ], [ -74.094744668999965, 4.697871059000022 ], [ -74.094685272999982, 4.697902907000071 ], [ -74.094666672999949, 4.697912879000057 ], [ -74.094586116999949, 4.697949492000021 ], [ -74.094503346999943, 4.697980741000038 ], [ -74.09441871699994, 4.698006491000058 ], [ -74.094332589999965, 4.69802663300004 ], [ -74.094245333999936, 4.698041080000053 ], [ -74.09415732399998, 4.698049770000068 ], [ -74.094068934999939, 4.69805266700007 ], [ -74.093980545999955, 4.698049757000035 ], [ -74.093892536999988, 4.698041053000054 ], [ -74.093805282999938, 4.698026594000055 ], [ -74.093719157999942, 4.698006439000039 ], [ -74.093634531999953, 4.697980675000053 ], [ -74.09360479299994, 4.697970154000075 ], [ -74.09354917099995, 4.697967645000062 ], [ -74.093461161999983, 4.697958942000071 ], [ -74.093373908, 4.697944482000025 ], [ -74.093287782999937, 4.697924327000067 ], [ -74.093203157999938, 4.69789856400007 ], [ -74.093120391999946, 4.697867303000066 ], [ -74.093039841999939, 4.697830678000059 ], [ -74.092961850999984, 4.697788845000048 ], [ -74.092951292999942, 4.697782257000028 ], [ -74.092886754999938, 4.697741984000061 ], [ -74.092814873999941, 4.697690297000065 ], [ -74.092746515999977, 4.697634003000076 ], [ -74.092681974999948, 4.697573342000055 ], [ -74.092638762999968, 4.697527925000031 ], [ -74.092430207999939, 4.69729830600005 ], [ -74.092412969999941, 4.697278960000062 ], [ -74.092384599999946, 4.697245415000054 ], [ -74.09206927799994, 4.696860077000053 ], [ -74.092059924999944, 4.696848647000024 ], [ -74.09203219699998, 4.696813599000052 ], [ -74.091980690999947, 4.696741472000042 ], [ -74.091933996999956, 4.696666119000042 ], [ -74.091892313999949, 4.696587864000037 ], [ -74.091885161999983, 4.696573085000068 ], [ -74.091729344999976, 4.696246079000048 ], [ -74.091380028648913, 4.696005408449238 ], [ -74.091346207999948, 4.69598210700002 ], [ -74.091300329999967, 4.695950498000059 ], [ -74.091242564999959, 4.695908404000022 ], [ -74.091174206999938, 4.695852110000033 ], [ -74.091109665999966, 4.695791449000069 ], [ -74.091049216999977, 4.695726685000068 ], [ -74.090993119999951, 4.695658092000031 ], [ -74.090941613999973, 4.695585965000021 ], [ -74.090894918999936, 4.695510613000067 ], [ -74.090853236999976, 4.695432357000072 ], [ -74.090816745999973, 4.695351535000043 ], [ -74.090785600999936, 4.695268489000057 ], [ -74.090759935999984, 4.695183580000048 ], [ -74.090739860999975, 4.695097166000039 ], [ -74.090725462999956, 4.695009622000043 ], [ -74.090716800999985, 4.694921320000049 ], [ -74.090713914999981, 4.694832637000047 ], [ -74.09071681599994, 4.694743956000025 ], [ -74.090725490999944, 4.694655656000066 ], [ -74.090739902999985, 4.694568113000059 ], [ -74.09075999099997, 4.694481703000065 ], [ -74.090785669999946, 4.694396798000071 ], [ -74.090816827999959, 4.694313758000021 ], [ -74.090853332999984, 4.694232940000063 ], [ -74.090895026999988, 4.694154692000041 ], [ -74.090941732999966, 4.69407934700007 ], [ -74.090971798999988, 4.694036057000062 ], [ -74.091570820999948, 4.693208360000028 ], [ -74.091592271999957, 4.693179531000055 ], [ -74.091648379999981, 4.693110947000037 ], [ -74.091708838999978, 4.693046192000054 ], [ -74.091773388999968, 4.69298554300002 ], [ -74.091841755999951, 4.692929259000039 ], [ -74.091913643999987, 4.69287758300004 ], [ -74.091988746999959, 4.692830733000051 ], [ -74.092066742999975, 4.692788913000072 ], [ -74.092147298999976, 4.692752301000041 ], [ -74.092230068999982, 4.692721052000024 ], [ -74.09230533799996, 4.692698149000023 ], [ -74.092314696999949, 4.692695302000061 ], [ -74.092400823999981, 4.692675160000022 ], [ -74.092433892999964, 4.692669685000055 ], [ -74.092488078999963, 4.692660714000056 ], [ -74.092576088999976, 4.69265202400004 ], [ -74.092608453999958, 4.692650963000062 ], [ -74.09355975699998, 4.691408197000044 ], [ -74.093615571999976, 4.691339996000067 ], [ -74.093666441999972, 4.691285511000046 ], [ -74.093676030999973, 4.691275241000028 ], [ -74.093740579999974, 4.691214591000062 ], [ -74.093808945999967, 4.69115830800007 ], [ -74.093880834999936, 4.691106631000025 ], [ -74.093955936999976, 4.691059781000035 ], [ -74.094033932999935, 4.691017960000067 ], [ -74.094114488999935, 4.690981347000047 ], [ -74.094197257999951, 4.690950099000077 ], [ -74.094281885999976, 4.690924348000067 ], [ -74.094368012999951, 4.690904206000027 ], [ -74.094455267999933, 4.690889760000061 ], [ -74.094527543999959, 4.69088262300005 ], [ -74.094543276999957, 4.690881070000046 ], [ -74.094631664999952, 4.690878173000044 ], [ -74.094720052999946, 4.690881083000022 ], [ -74.094746160999989, 4.690883664000069 ], [ -74.094808060999981, 4.690889786000071 ], [ -74.094895313999984, 4.690904246000059 ], [ -74.09498143899998, 4.690924400000029 ], [ -74.095066062999933, 4.690950163000025 ], [ -74.095148827999935, 4.690981425000075 ], [ -74.095229377999942, 4.691018050000025 ], [ -74.095307367999965, 4.691059882000047 ], [ -74.095382462999964, 4.691106743000034 ], [ -74.09540181899996, 4.691119965000041 ], [ -74.095454650999955, 4.691156733000071 ], [ -74.095683442999984, 4.691315961000043 ], [ -74.095691846999955, 4.691322115000048 ], [ -74.095735967999985, 4.691354426000032 ], [ -74.09580432599995, 4.691410720000022 ], [ -74.095868866999979, 4.691471380000053 ], [ -74.095929315999967, 4.691536144000054 ], [ -74.095985122999934, 4.691604356000028 ], [ -74.096132138999963, 4.691702943000053 ], [ -74.096922244999973, 4.691970002000062 ], [ -74.096925288999955, 4.691971035000051 ], [ -74.097008053999957, 4.692002296000055 ], [ -74.097088603999964, 4.692038921000062 ], [ -74.097166593999987, 4.692080752000038 ], [ -74.097241689999976, 4.692127613000025 ] ], [ [ -74.097875142965577, 4.693141505041559 ], [ -74.097875142965577, 4.693141505041566 ], [ -74.097875142999953, 4.693141505000028 ], [ -74.097875142965577, 4.693141505041559 ] ], [ [ -74.094685272294356, 4.697902906405401 ], [ -74.094685272294356, 4.697902906405402 ], [ -74.094685272999982, 4.697902907000071 ], [ -74.094685272294356, 4.697902906405401 ] ], [ [ -74.092951293245008, 4.697782256806867 ], [ -74.092951293245008, 4.697782256806865 ], [ -74.092951292999942, 4.697782257000028 ], [ -74.092951293245008, 4.697782256806867 ] ], [ [ -74.092069278282978, 4.696860077148333 ], [ -74.092069278282978, 4.69686007714833 ], [ -74.09206927799994, 4.696860077000053 ], [ -74.092069278282978, 4.696860077148333 ] ], [ [ -74.093666442100528, 4.691285511252333 ], [ -74.093666442100528, 4.691285511252332 ], [ -74.093666441999972, 4.691285511000046 ], [ -74.093666442100528, 4.691285511252333 ] ] ] } },
{ "type": "Feature", "properties": { "nombre": "Humedal de Techo", "id": 0, "cobertura": "Pastos", "periodo": 2014, "fechaini": "2000-01-01T00:00:00", "fechafin": "2020-01-01T00:00:00", "Shape_Leng": 0.0011880762446, "Shape_Area": 8.2696603803200003e-08 }, "geometry": { "type": "Polygon", "coordinates": [ [ [ -74.144330262999972, 4.645276743000068 ], [ -74.144371947999957, 4.645354995000048 ], [ -74.144408442999975, 4.645435815000042 ], [ -74.144439591999969, 4.645518858000059 ], [ -74.144465261999983, 4.645603766000022 ], [ -74.144469339999944, 4.645619408000073 ], [ -74.144525190999957, 4.645839 ], [ -74.144606813999985, 4.646011441000041 ], [ -74.144771202999948, 4.646122448000028 ], [ -74.144839360999981, 4.646171626000068 ], [ -74.144907717999956, 4.646227915000054 ], [ -74.144972258999985, 4.646288571000071 ], [ -74.145032708999963, 4.646353330000068 ], [ -74.145088807999969, 4.646421919000034 ], [ -74.145103229999961, 4.646441129000038 ], [ -74.145268409999971, 4.646665247000044 ], [ -74.145311119999974, 4.64672319500005 ], [ -74.145325750999973, 4.646743049000065 ], [ -74.145362836999936, 4.646795962000056 ], [ -74.145409533999953, 4.646871311000041 ], [ -74.145451218999938, 4.646949563000021 ], [ -74.145464607999941, 4.646977611000068 ], [ -74.145578120999971, 4.647222581000051 ], [ -74.145601226999986, 4.647275354000044 ], [ -74.14563237599998, 4.647358395000026 ], [ -74.145658046999984, 4.647443303000045 ], [ -74.14567812699994, 4.647529716000065 ], [ -74.145692530999952, 4.647617259000071 ], [ -74.145692630999974, 4.647618277000049 ], [ -74.145701197999983, 4.64770556000002 ], [ -74.145702483999969, 4.647744955000064 ], [ -74.14570409199996, 4.647794243000021 ], [ -74.145703347999984, 4.647817057000054 ], [ -74.145703035507509, 4.647826630461233 ], [ -74.145702427999936, 4.64784525400006 ], [ -74.145701197999983, 4.647882924000044 ], [ -74.145692529999963, 4.647971225000049 ], [ -74.14567812599995, 4.648058770000034 ], [ -74.145658045999937, 4.648145181000075 ], [ -74.145632374999934, 4.648230089000037 ], [ -74.14560122599994, 4.648313132000055 ], [ -74.145564729999933, 4.64839395100006 ], [ -74.145550456999956, 4.648421950000056 ], [ -74.145546671999966, 4.648429373000056 ], [ -74.145435860999953, 4.648639089000028 ], [ -74.145412232999945, 4.648681919000069 ], [ -74.145365535999986, 4.648757268000054 ], [ -74.145314027999973, 4.648829391000049 ], [ -74.145257928999968, 4.648897980000072 ], [ -74.145197477999943, 4.648962739000069 ], [ -74.145132936999971, 4.649023395000029 ], [ -74.14506457899995, 4.649079683000025 ], [ -74.144992697999953, 4.649131365000073 ], [ -74.144961170999977, 4.649151037000024 ], [ -74.144917603999943, 4.649178220000067 ], [ -74.144839614999967, 4.649220047000028 ], [ -74.144781858999977, 4.649246948000041 ], [ -74.144763576999935, 4.649271421000037 ], [ -74.14470747699994, 4.64934001000006 ], [ -74.144647026999962, 4.649404769000057 ], [ -74.144582484999944, 4.649465424000027 ], [ -74.144514126999979, 4.64952171300007 ], [ -74.144458917999941, 4.649562038000056 ], [ -74.144428596999944, 4.649609689000044 ], [ -74.144377088999988, 4.64968181200004 ], [ -74.144359815999962, 4.649702931000036 ], [ -74.144343180672692, 4.649723269010011 ], [ -74.144320988999937, 4.649750401000063 ], [ -74.144260538999958, 4.649815161000049 ], [ -74.14419599699994, 4.64987581500003 ], [ -74.144127638999976, 4.649932104000072 ], [ -74.144055758999968, 4.649983786000064 ], [ -74.143980663999969, 4.650030641000058 ], [ -74.143902674999936, 4.65007246700003 ], [ -74.143861196999978, 4.650091858000053 ], [ -74.143848426999966, 4.650097827000025 ], [ -74.143804473999978, 4.650117198000032 ], [ -74.143749148999973, 4.650168693000069 ], [ -74.143680790999952, 4.650224981000065 ], [ -74.143608909999955, 4.650276664000046 ], [ -74.143533814999955, 4.65032351900004 ], [ -74.143455826999968, 4.650365345000068 ], [ -74.143410272999972, 4.65038605500007 ], [ -74.14337527899994, 4.650401963000036 ], [ -74.143292515999974, 4.650433218000046 ], [ -74.143207893999943, 4.65045897400006 ], [ -74.143121772999962, 4.650479122000036 ], [ -74.143073144681097, 4.650487177394285 ], [ -74.143045215999962, 4.650491804000069 ], [ -74.143034523999972, 4.650493575000041 ], [ -74.142946520999942, 4.65050227100005 ], [ -74.142858137999951, 4.650505174000045 ], [ -74.142798628999969, 4.650503219000029 ], [ -74.142769754999961, 4.650502270000061 ], [ -74.142709785999955, 4.650496978000035 ], [ -74.142407983999988, 4.650463530000025 ], [ -74.142379948999974, 4.650460125000052 ], [ -74.142292699999985, 4.650445671000057 ], [ -74.14226204299996, 4.650438499000074 ], [ -74.142206578999946, 4.650425523000024 ], [ -74.142121957999962, 4.650399765000031 ], [ -74.142039195999985, 4.650368510000021 ], [ -74.141958647999957, 4.650331890000075 ], [ -74.141903432999982, 4.650302963000058 ], [ -74.141607937999936, 4.65013934600006 ], [ -74.141585164999981, 4.650126446000058 ], [ -74.141510070999971, 4.650079591000065 ], [ -74.141438190999963, 4.650027908000027 ], [ -74.141369833999988, 4.649971618000052 ], [ -74.14130529199997, 4.649910963000025 ], [ -74.141300460999958, 4.649906091000048 ], [ -74.141243404999955, 4.649869873000057 ], [ -74.141231527999935, 4.649861334000036 ], [ -74.141171524999947, 4.649818190000076 ], [ -74.141103167999972, 4.649761901000034 ], [ -74.141084612999975, 4.649744463000047 ], [ -74.141038626999944, 4.649701245000074 ], [ -74.140978176999965, 4.64963648500003 ], [ -74.140976651999949, 4.649634736000053 ], [ -74.140882958999953, 4.649527166000041 ], [ -74.140828385999953, 4.649460325000064 ], [ -74.14077687799994, 4.649388201000022 ], [ -74.14073018199997, 4.649312852000037 ], [ -74.140688496999985, 4.649234600000057 ], [ -74.140652001999968, 4.649153779000073 ], [ -74.140620852999973, 4.649070737000045 ], [ -74.140604788999951, 4.649017603000061 ], [ -74.140553857999976, 4.648963040000069 ], [ -74.140499964999947, 4.648897326000053 ], [ -74.140420077999977, 4.648793438000041 ], [ -74.140250418999983, 4.64857280700005 ], [ -74.14024821299995, 4.648569931000054 ], [ -74.140223144999936, 4.64853607200007 ], [ -74.140216832999954, 4.648527264000052 ], [ -74.140194654999959, 4.648496315000045 ], [ -74.139872699999955, 4.648047033000068 ], [ -74.139854383032997, 4.648020522967902 ], [ -74.139846260999946, 4.648008768000068 ], [ -74.139799563999986, 4.647933419000026 ], [ -74.139757878999944, 4.647855166000056 ], [ -74.139721384999973, 4.647774345000073 ], [ -74.139690235999979, 4.647691303000045 ], [ -74.139664566999954, 4.647606394000036 ], [ -74.139653608999936, 4.647562433000076 ], [ -74.13957613499997, 4.647227971000063 ], [ -74.139567012999976, 4.64718552100004 ], [ -74.139552609999953, 4.647097977000044 ], [ -74.139543942999978, 4.647009676000039 ], [ -74.139541049999934, 4.646920994000027 ], [ -74.139543944999957, 4.646832312000072 ], [ -74.139552612999978, 4.646744011000067 ], [ -74.139567018999969, 4.646656466000024 ], [ -74.139572816999987, 4.646631513000045 ], [ -74.139587099999972, 4.646570055000041 ], [ -74.139603173999944, 4.646516889000054 ], [ -74.139612770999975, 4.646485148000068 ], [ -74.139619522999965, 4.646467145000031 ], [ -74.139623234629383, 4.646457250566988 ], [ -74.139624649999973, 4.646453477000023 ], [ -74.139643920999958, 4.64640210500005 ], [ -74.139646090999975, 4.646397299000057 ], [ -74.139664817999972, 4.646355829000072 ], [ -74.139680416999965, 4.646321286000045 ], [ -74.139681575999987, 4.64631901100006 ], [ -74.139698432999978, 4.646285945000045 ], [ -74.139865100999941, 4.645970469000076 ], [ -74.139868676999981, 4.645963745000074 ], [ -74.139859058999946, 4.645955363000041 ], [ -74.139794518999963, 4.645894707000025 ], [ -74.139734068999985, 4.645829947000038 ], [ -74.139677970999969, 4.645761357000026 ], [ -74.139626463999946, 4.645689234000031 ], [ -74.139579767999976, 4.645613884000056 ], [ -74.139538082999934, 4.645535632000076 ], [ -74.139520162999986, 4.645497701000068 ], [ -74.139410255999962, 4.645255442000064 ], [ -74.139391681999939, 4.645212552000032 ], [ -74.139360532999945, 4.645129509000071 ], [ -74.139334863999977, 4.645044601000052 ], [ -74.139314784999954, 4.644958189000022 ], [ -74.139300380999941, 4.644870645000026 ], [ -74.139291714999956, 4.644782344000021 ], [ -74.139288821999969, 4.644693662000066 ], [ -74.139291715999946, 4.644604980000054 ], [ -74.139300384999956, 4.644516679000048 ], [ -74.139314789999958, 4.644429136000042 ], [ -74.139322666999988, 4.644395238000072 ], [ -74.13933487099996, 4.644342723000022 ], [ -74.139359629999944, 4.644260832000043 ], [ -74.139360541999963, 4.644257816000049 ], [ -74.139389284999936, 4.644181189000051 ], [ -74.139391691999947, 4.644174774000021 ], [ -74.139428187999954, 4.644093954000027 ], [ -74.139451780999934, 4.644049666000058 ], [ -74.139469873999985, 4.644015703000036 ], [ -74.139498570999933, 4.643969399000071 ], [ -74.139516571999934, 4.643940354000051 ], [ -74.139556809999988, 4.643883181000035 ], [ -74.139559590999966, 4.643879438000056 ], [ -74.13958295354027, 4.643847998846377 ], [ -74.139661672863738, 4.643742063869564 ], [ -74.139667444999986, 4.643734296000048 ], [ -74.13967724277434, 4.643721110733732 ], [ -74.139688585999977, 4.643705845000056 ], [ -74.139717074999965, 4.643667506000043 ], [ -74.139823477999983, 4.643524316000025 ], [ -74.139834747999942, 4.643509367000036 ], [ -74.139890847999936, 4.64344077800007 ], [ -74.139951297999971, 4.643376019000073 ], [ -74.14001584, 4.643315365000035 ], [ -74.140084196999965, 4.643259077000039 ], [ -74.140115839999964, 4.643235443000037 ], [ -74.140193530999966, 4.64317916300007 ], [ -74.140342242999964, 4.643019252000045 ], [ -74.140374721999933, 4.642985517000056 ], [ -74.140439262999962, 4.642924862000029 ], [ -74.140507620999983, 4.642868574000033 ], [ -74.140579500999934, 4.642816893000031 ], [ -74.140654594999944, 4.642770038000037 ], [ -74.140684265999937, 4.642754125000067 ], [ -74.140732582999988, 4.642728212000065 ], [ -74.14081312999997, 4.642691593000052 ], [ -74.140874648999954, 4.642668361000062 ], [ -74.140895891999946, 4.642660339000031 ], [ -74.140980512999988, 4.642634583000074 ], [ -74.141007821999949, 4.642628194000054 ], [ -74.141040463674955, 4.642620557942766 ], [ -74.141046092999943, 4.642619241000034 ], [ -74.14106663299998, 4.642614436000031 ], [ -74.141124294324712, 4.64260488415785 ], [ -74.141142423999952, 4.642601880000029 ], [ -74.14115388099998, 4.642599983000025 ], [ -74.141241883999953, 4.642591287000073 ], [ -74.141243995999957, 4.642591217000074 ], [ -74.141307634999976, 4.642589127000065 ], [ -74.141330265999954, 4.642588384000021 ], [ -74.141417155999989, 4.642591191000065 ], [ -74.141570299999955, 4.642601093000053 ], [ -74.141620997999951, 4.642604371000061 ], [ -74.141766701999984, 4.64261379200002 ], [ -74.141768193999951, 4.642613889000074 ], [ -74.141856196999981, 4.642622587000062 ], [ -74.141943443999935, 4.642637041000057 ], [ -74.142029563999984, 4.642657189000033 ], [ -74.142114184999969, 4.642682947000026 ], [ -74.142171994999956, 4.642704779000042 ], [ -74.142196945999956, 4.642714202000036 ], [ -74.142227358999946, 4.642728028000022 ], [ -74.142277492999938, 4.64275082100005 ], [ -74.142355479999935, 4.642792649000057 ], [ -74.142430573999945, 4.64283950500004 ], [ -74.142502452999963, 4.642891187000032 ], [ -74.142570809999938, 4.642947476000074 ], [ -74.142635349999978, 4.643008132000034 ], [ -74.142695799999956, 4.643072892000021 ], [ -74.142751897999972, 4.643141481000043 ], [ -74.142803404999938, 4.643213605000028 ], [ -74.142850101999954, 4.64328895400007 ], [ -74.14289178699994, 4.64336720600005 ], [ -74.142928280999968, 4.643448026000044 ], [ -74.142959429999962, 4.643531069000062 ], [ -74.142968662999976, 4.643559379000067 ], [ -74.143217203999939, 4.643768396000041 ], [ -74.143240168999966, 4.64378815300006 ], [ -74.143304709999938, 4.64384880800003 ], [ -74.14332980599994, 4.643874668000024 ], [ -74.143386828999951, 4.643935015000068 ], [ -74.143406466575584, 4.643955797444439 ], [ -74.143626198999982, 4.644188339000038 ], [ -74.143661551999969, 4.644227239000031 ], [ -74.143717650999974, 4.644295828000054 ], [ -74.143769157999941, 4.644367952000039 ], [ -74.143815854999957, 4.644443300000034 ], [ -74.143857539999942, 4.644521553000061 ], [ -74.14389403499996, 4.644602373000055 ], [ -74.143896616999939, 4.644609256000024 ], [ -74.143922745999987, 4.644678915000043 ], [ -74.143925183999954, 4.644685415000026 ], [ -74.143950853999968, 4.644770324000035 ], [ -74.143952456999955, 4.644777224000052 ], [ -74.144010105999939, 4.644831403000069 ], [ -74.144070555999974, 4.644896162000066 ], [ -74.14412665499998, 4.644964751000032 ], [ -74.144159410999976, 4.645010618000072 ], [ -74.144178161999946, 4.645036875000073 ], [ -74.144191282999941, 4.645056960000034 ], [ -74.144296686999951, 4.645221479000043 ], [ -74.144330262999972, 4.645276743000068 ] ], [ [ -74.145702427619725, 4.647845253598549 ], [ -74.145702427619725, 4.647845253598551 ], [ -74.145702427999936, 4.64784525400006 ], [ -74.145702427619725, 4.647845253598549 ] ], [ [ -74.142262043182129, 4.650438498840343 ], [ -74.142262043182129, 4.650438498840342 ], [ -74.14226204299996, 4.650438499000074 ], [ -74.142262043182129, 4.650438498840343 ] ], [ [ -74.13968858632397, 4.64370584489676 ], [ -74.13968858632397, 4.643705844896759 ], [ -74.139688585999977, 4.643705845000056 ], [ -74.13968858632397, 4.64370584489676 ] ], [ [ -74.141007822075707, 4.642628194225434 ], [ -74.141007822075707, 4.642628194225433 ], [ -74.141007821999949, 4.642628194000054 ], [ -74.141007822075707, 4.642628194225434 ] ], [ [ -74.144159410813486, 4.645010618169474 ], [ -74.144159410813486, 4.645010618169477 ], [ -74.144159410999976, 4.645010618000072 ], [ -74.144159410813486, 4.645010618169474 ] ] ] } },
{ "type": "Feature", "properties": { "nombre": "Humedal de Tibanica", "id": 0, "cobertura": "Arbustales", "periodo": 1956, "fechaini": "1940-01-01T00:00:00", "fechafin": "1960-01-01T00:00:00", "Shape_Leng": 0.00033986094838100002, "Shape_Area": 6.7097817842999996e-09 }, "geometry": { "type": "Polygon", "coordinates": [ [ [ -74.208191211076524, 4.602318249564534 ], [ -74.208193690999963, 4.602321467000024 ], [ -74.208198418999984, 4.60232760100007 ], [ -74.20820764424397, 4.602339569982942 ], [ -74.208235048999938, 4.602375125000037 ], [ -74.208291072277419, 4.602447809899799 ], [ -74.21018332999995, 4.604902830000071 ], [ -74.210239657999978, 4.604981634000069 ], [ -74.210290228999952, 4.605064275000075 ], [ -74.210334782999951, 4.60515033300004 ], [ -74.210373093999976, 4.605239365000045 ], [ -74.210404964999952, 4.60533091800005 ], [ -74.210430232999954, 4.605424522000021 ], [ -74.210448769999971, 4.605519701000048 ], [ -74.210460477999959, 4.605615963000048 ], [ -74.210465300999942, 4.605712820000065 ], [ -74.210473301999968, 4.606280169000058 ], [ -74.210471126999948, 4.606378597000059 ], [ -74.210461840999983, 4.606476607000047 ], [ -74.210445492999952, 4.606573681000043 ], [ -74.210422166999933, 4.606669311000076 ], [ -74.210413069999959, 4.606697551000025 ], [ -74.210391987999969, 4.606762988000071 ], [ -74.21035511499997, 4.606854223000028 ], [ -74.210328364999953, 4.606908686000054 ], [ -74.210314811836923, 4.606936279861689 ], [ -74.210312632999944, 4.606940716000054 ], [ -74.210311740999941, 4.606942532000062 ], [ -74.210288956999989, 4.606981505000022 ], [ -74.210262095999951, 4.607027450000032 ], [ -74.210258665951955, 4.607032446943006 ], [ -74.210258665999959, 4.607032447000051 ], [ -74.210206440999968, 4.607108529000072 ], [ -74.210189234999973, 4.607130066000025 ], [ -74.210187075977387, 4.607132768236892 ], [ -74.21018528899998, 4.607135005000032 ], [ -74.210145069999953, 4.607185343000026 ], [ -74.210078306999947, 4.607257486000037 ], [ -74.210006501999942, 4.607324577000043 ], [ -74.209998, 4.607331436000038 ], [ -74.209984554917412, 4.607342282018953 ], [ -74.209930034999957, 4.60738626400007 ], [ -74.209927778999941, 4.607387828000071 ], [ -74.209921551027932, 4.607392144819374 ], [ -74.209849309999981, 4.607442220000053 ], [ -74.209764749999977, 4.607492150000041 ], [ -74.209676802999979, 4.607535794000057 ], [ -74.209585931999982, 4.607572918000074 ], [ -74.209492615999977, 4.607603328000039 ], [ -74.209397346999936, 4.607626863000064 ], [ -74.209300626999948, 4.60764339900004 ], [ -74.209202966999953, 4.607652850000022 ], [ -74.209104879999984, 4.607655166000029 ], [ -74.209006883999962, 4.607650333000038 ], [ -74.208909495999933, 4.607638378000047 ], [ -74.208813229999976, 4.607619364000072 ], [ -74.208718591999968, 4.607593389000044 ], [ -74.208626081999967, 4.607560594000063 ], [ -74.208536186999936, 4.607521149000036 ], [ -74.208449381999969, 4.607475263000026 ], [ -74.208366122999962, 4.607423178000033 ], [ -74.208286849999979, 4.607365168000058 ], [ -74.208213585999943, 4.607302901000025 ], [ -74.208211980999977, 4.607301537000069 ], [ -74.208178174999944, 4.607268290000036 ], [ -74.208165540572224, 4.607255864222426 ], [ -74.208164265819633, 4.607254610590898 ], [ -74.208159483999964, 4.607249908000028 ], [ -74.208150802821919, 4.607241370083906 ], [ -74.208144405999974, 4.60723507900002 ], [ -74.208141910999984, 4.607232625000051 ], [ -74.208077007999975, 4.607158792000064 ], [ -74.207901959999958, 4.606944447000046 ], [ -74.207542692999937, 4.607109422000065 ], [ -74.207456290999971, 4.607145562000028 ], [ -74.207367599999941, 4.607175604000076 ], [ -74.207277045999945, 4.607199404000028 ], [ -74.207185065999965, 4.607216846000028 ], [ -74.207092100999944, 4.607227846000058 ], [ -74.207006121999939, 4.607231991000049 ], [ -74.206998600999952, 4.607232353000029 ], [ -74.206985411999938, 4.607232070000066 ], [ -74.206905013999972, 4.607230344000072 ], [ -74.20681179099995, 4.607221827000046 ], [ -74.206719380999971, 4.607206847000043 ], [ -74.206628227999943, 4.607185472000026 ], [ -74.206538771999988, 4.607157807000021 ], [ -74.206451441999945, 4.607123985000044 ], [ -74.206366659999958, 4.607084169000075 ], [ -74.206284832999984, 4.607038550000027 ], [ -74.206206354999949, 4.606987348000075 ], [ -74.206186303999971, 4.606972183000039 ], [ -74.20613160399995, 4.606930809000062 ], [ -74.20606093899994, 4.606869206000056 ], [ -74.205994700999952, 4.606802835000053 ], [ -74.205878069999983, 4.606860392000044 ], [ -74.205140186999984, 4.607263136000029 ], [ -74.205100387999948, 4.607284858000071 ], [ -74.205060488054144, 4.607306635786749 ], [ -74.204997103999972, 4.607341232000067 ], [ -74.204732541999988, 4.607485632000021 ], [ -74.204645891999974, 4.607528964000039 ], [ -74.204556372999946, 4.607565960000045 ], [ -74.20446444199996, 4.607596429000068 ], [ -74.204456059999984, 4.607598553000059 ], [ -74.204370572999949, 4.607620215000054 ], [ -74.204275248999977, 4.607637195000052 ], [ -74.204218026999968, 4.607643190000033 ], [ -74.204178956999954, 4.607647283000063 ], [ -74.204082191999987, 4.607650428000056 ], [ -74.203829954999946, 4.607649550000076 ], [ -74.20375596599996, 4.607646689000035 ], [ -74.203753015751857, 4.607646574825467 ], [ -74.203746399999943, 4.607646319000025 ], [ -74.203735319999964, 4.607645890000072 ], [ -74.203723082999943, 4.607644552000068 ], [ -74.203641171999948, 4.607635588000051 ], [ -74.203547974999935, 4.607618695000042 ], [ -74.203538461999983, 4.607616270000051 ], [ -74.203532651255642, 4.607614788303112 ], [ -74.203490646999967, 4.607604079000055 ], [ -74.203456185999983, 4.607595293000031 ], [ -74.203366255999981, 4.607565496000063 ], [ -74.203278625999985, 4.607529452000051 ], [ -74.203193727999974, 4.607487338000055 ], [ -74.203111978999971, 4.607439360000058 ], [ -74.203033777999963, 4.607385754000063 ], [ -74.20295951199995, 4.607326784000065 ], [ -74.202889544999948, 4.607262738000031 ], [ -74.202824219999968, 4.60719393200003 ], [ -74.202763859999948, 4.607120703000021 ], [ -74.202610083999957, 4.606919581000056 ], [ -74.202602292999984, 4.606908720000035 ], [ -74.202561881999941, 4.606852384000035 ], [ -74.202542766999954, 4.606821981000053 ], [ -74.202520316160388, 4.606786269654521 ], [ -74.202518125999973, 4.606782786000053 ], [ -74.202517856999975, 4.606782358000032 ], [ -74.202478171999985, 4.60670976800003 ], [ -74.202442977999965, 4.606634882000037 ], [ -74.202412403999972, 4.606557980000048 ], [ -74.202386563999937, 4.60647934900004 ], [ -74.202257823999958, 4.606043248000049 ], [ -74.202246831999958, 4.606006012000023 ], [ -74.202243563766714, 4.605994940927808 ], [ -74.202243189999933, 4.605993675000036 ], [ -74.202233589999935, 4.605961155000045 ], [ -74.201905735999958, 4.60485055700002 ], [ -74.201883732999988, 4.604766136000023 ], [ -74.201867185999959, 4.604680469000073 ], [ -74.201856821999968, 4.604599065000059 ], [ -74.20185616599997, 4.604593911000052 ], [ -74.201855745999978, 4.60458720400004 ], [ -74.20185468986503, 4.604570322634558 ], [ -74.201850715999967, 4.60450682100003 ], [ -74.201850764999961, 4.604477273000043 ], [ -74.201850860999969, 4.604419559000064 ], [ -74.201856598999939, 4.604332489000058 ], [ -74.201867905999961, 4.604245968000043 ], [ -74.201884735999954, 4.604160357000069 ], [ -74.201930465999965, 4.603961646000073 ], [ -74.201948343999959, 4.60389408900005 ], [ -74.201925416999984, 4.603823537000039 ], [ -74.201791309999976, 4.603630636000048 ], [ -74.201546063999956, 4.603351276000069 ], [ -74.201483270996292, 4.603323671881953 ], [ -74.201466229999937, 4.603316181000025 ], [ -74.201343331999965, 4.603262154000049 ], [ -74.201267797999947, 4.603226114000051 ], [ -74.20125021399997, 4.603216880000048 ], [ -74.200773645999959, 4.602962113000046 ], [ -74.200688862999982, 4.602912745000026 ], [ -74.200607866999974, 4.60285734100006 ], [ -74.200531087999934, 4.60279618900006 ], [ -74.200458929999968, 4.602729615000044 ], [ -74.200391770999943, 4.602657965000049 ], [ -74.20032996499998, 4.602581618000045 ], [ -74.200312612999937, 4.60255668800005 ], [ -74.200273836999941, 4.602500977000034 ], [ -74.200223682999933, 4.602416465000033 ], [ -74.200179765999962, 4.602328526000065 ], [ -74.200142318999951, 4.602237624000054 ], [ -74.200111535999952, 4.602144237000061 ], [ -74.20008758299997, 4.602048857000057 ], [ -74.200043260999962, 4.601840793000065 ], [ -74.200026557999934, 4.601746065000043 ], [ -74.20001659199994, 4.601650387000063 ], [ -74.200013411999976, 4.60155424200002 ], [ -74.200017032999938, 4.601458110000067 ], [ -74.200029622999978, 4.60128661400006 ], [ -74.200054876999957, 4.600942618000033 ], [ -74.200059945999953, 4.600896181000053 ], [ -74.200065344999985, 4.600846723000075 ], [ -74.200082582999983, 4.600751818000049 ], [ -74.200106501999983, 4.600658382000063 ], [ -74.200136979999968, 4.600566891000028 ], [ -74.200301764999949, 4.600125148000075 ], [ -74.200318835999951, 4.60007938900003 ], [ -74.200325139999961, 4.600064102000033 ], [ -74.200325883936742, 4.600062298311535 ], [ -74.20032830599996, 4.600056425000048 ], [ -74.200354200999982, 4.599993642000072 ], [ -74.200395327999956, 4.599910524000052 ], [ -74.200442024999973, 4.599830423000071 ], [ -74.200494072999959, 4.59975371500002 ], [ -74.200551226999949, 4.599680760000069 ], [ -74.200613220999969, 4.599611898000035 ], [ -74.200679763999972, 4.599547452000024 ], [ -74.20075054299997, 4.599487724000028 ], [ -74.200825227999985, 4.59943299400004 ], [ -74.200903468999968, 4.599383519000071 ], [ -74.200984897999945, 4.599339529000076 ], [ -74.201069135999944, 4.599301231000027 ], [ -74.201480494999942, 4.599131032000059 ], [ -74.20149397199998, 4.599125674000049 ], [ -74.201576398999975, 4.59909456400004 ], [ -74.201660677999939, 4.599068936000037 ], [ -74.201746447999938, 4.599048899000024 ], [ -74.20183334099994, 4.599034539000058 ], [ -74.201920983999969, 4.599025918000052 ], [ -74.202009002999944, 4.599023072000023 ], [ -74.202097017999961, 4.599026015000049 ], [ -74.202128886999958, 4.599029185000063 ], [ -74.202184651999971, 4.599034732000064 ], [ -74.202271528999972, 4.599049188000038 ], [ -74.202351001999943, 4.599065883000037 ], [ -74.202833616999953, 4.599160546000064 ], [ -74.202937303999988, 4.599179649000064 ], [ -74.202944317999936, 4.599149198000021 ], [ -74.202951753564136, 4.599116923233192 ], [ -74.202954788971255, 4.599103746486962 ], [ -74.20295727499996, 4.599092954000071 ], [ -74.202959088999989, 4.599085080000066 ], [ -74.202987561999976, 4.598992318000057 ], [ -74.203022579999981, 4.598901839000064 ], [ -74.203063959999952, 4.598814107000067 ], [ -74.203111491999948, 4.598729572000025 ], [ -74.203164931999936, 4.59864866700002 ], [ -74.203191420904119, 4.598614202681545 ], [ -74.203223188999971, 4.598572868000076 ], [ -74.203224004999981, 4.598571808000031 ], [ -74.203288407999935, 4.598499387000061 ], [ -74.203357812999968, 4.598431778000077 ], [ -74.203431859999966, 4.598369327000057 ], [ -74.203510171999937, 4.598312354000029 ], [ -74.203592346999983, 4.598261152000021 ], [ -74.203677962999961, 4.598215983000046 ], [ -74.203766580999968, 4.598177077000059 ], [ -74.203857746999972, 4.598144637000075 ], [ -74.203950992999978, 4.598118826000075 ], [ -74.204045840999981, 4.598099779000052 ], [ -74.20414180399996, 4.59808759200007 ], [ -74.204238389999944, 4.598082328000032 ], [ -74.204332481999984, 4.598083968000026 ], [ -74.204335103999938, 4.598084014000051 ], [ -74.204431448999969, 4.59809264200004 ], [ -74.204483287999949, 4.598101070000041 ], [ -74.204492093247168, 4.598102501831206 ], [ -74.204509598999948, 4.598105348000047 ], [ -74.204526931999965, 4.598108167000021 ], [ -74.204573934999985, 4.598119324000038 ], [ -74.204583015029542, 4.598121479223385 ], [ -74.204621061999944, 4.598130510000033 ], [ -74.204713357999935, 4.598159556000041 ], [ -74.204803345999949, 4.598195155000042 ], [ -74.204890562999935, 4.598237127000061 ], [ -74.20497456399994, 4.598285255000064 ], [ -74.205054916999984, 4.598339290000069 ], [ -74.205131208999944, 4.598398960000054 ], [ -74.205203048999977, 4.598463954000067 ], [ -74.205270069999983, 4.598533943000064 ], [ -74.205331926999975, 4.598608564000074 ], [ -74.207858803993815, 4.601886980206854 ], [ -74.20805635499994, 4.602143286000057 ], [ -74.208103499267068, 4.602204451474077 ], [ -74.20810935999998, 4.602212055000052 ], [ -74.208128596999984, 4.602237013000035 ], [ -74.208152816999984, 4.602268436000031 ], [ -74.208191171478958, 4.602318198189522 ], [ -74.208191211076524, 4.602318249564534 ] ], [ [ -74.202542767535988, 4.606821980661905 ], [ -74.202542767535988, 4.606821980661898 ], [ -74.202542766999954, 4.606821981000053 ], [ -74.202542767535988, 4.606821980661905 ] ] ] } },
{ "type": "Feature", "properties": { "nombre": "Humedal de la Conejera", "id": 0, "cobertura": "Arbustales", "periodo": 2014, "fechaini": "2000-01-01T00:00:00", "fechafin": "2020-01-01T00:00:00", "Shape_Leng": 2.2578071018399999e-05, "Shape_Area": 1.28508279848e-11 }, "geometry": { "type": "Polygon", "coordinates": [ [ [ -74.112165890999961, 4.757291219000024 ], [ -74.112172806999979, 4.757293555000047 ], [ -74.112255579999953, 4.757324813000025 ], [ -74.112336137999989, 4.757361436000053 ], [ -74.112336565999954, 4.757361661000061 ], [ -74.112396364999938, 4.757393150000041 ], [ -74.113026984999976, 4.757745810000074 ], [ -74.113044755999965, 4.757755926000073 ], [ -74.113118148999945, 4.757801717000063 ], [ -74.113119859999983, 4.75780278600007 ], [ -74.113145037999971, 4.757820079000055 ], [ -74.114893258983912, 4.759050253341811 ], [ -74.114897190999955, 4.759053020000067 ], [ -74.115046262999954, 4.759157918000028 ], [ -74.115092973999936, 4.75919231000006 ], [ -74.115161339999986, 4.759248601000024 ], [ -74.115225887999941, 4.759309259000077 ], [ -74.115275858999951, 4.759362787000043 ], [ -74.115286344999959, 4.759374021000042 ], [ -74.115342449999957, 4.759442612000043 ], [ -74.115393962999974, 4.759514738000064 ], [ -74.115440663999948, 4.759590088000039 ], [ -74.115482352999948, 4.759668342000055 ], [ -74.115518850999933, 4.759749163000038 ], [ -74.115550000999974, 4.759832207000045 ], [ -74.115575671999977, 4.759917115000064 ], [ -74.115595750999944, 4.760003528000027 ], [ -74.115610153999967, 4.760091072000023 ], [ -74.115618818999963, 4.760179373000028 ], [ -74.115621709999971, 4.76026805500004 ], [ -74.115618810999933, 4.760356736000062 ], [ -74.115610137999965, 4.760445037000068 ], [ -74.11559572799996, 4.760532580000074 ], [ -74.115575640999964, 4.760618991000058 ], [ -74.115549961999989, 4.760703897000042 ], [ -74.115518803999976, 4.760786938000024 ], [ -74.11551816399998, 4.760788486000024 ], [ -74.115352605999988, 4.761188017000052 ], [ -74.115381656999944, 4.76120833300007 ], [ -74.115672512999936, 4.761489343000051 ], [ -74.115670079999973, 4.761584382000024 ], [ -74.115667497999937, 4.761685243000045 ], [ -74.115667116999987, 4.761700090000033 ], [ -74.115612983999938, 4.761847906000071 ], [ -74.115600840999946, 4.761881063000033 ], [ -74.115578182999968, 4.761942934000047 ], [ -74.11557014899995, 4.761964871000032 ], [ -74.11554284999994, 4.762042456000074 ], [ -74.115539443999978, 4.762052136000023 ], [ -74.115537826999969, 4.762056736000034 ], [ -74.115474048999943, 4.762094775000037 ], [ -74.115091985999982, 4.762343884000074 ], [ -74.115087245999973, 4.762342237000041 ], [ -74.115063803999988, 4.762364728000023 ], [ -74.114875276999953, 4.762370124000029 ], [ -74.114860333999957, 4.762368607000042 ], [ -74.114818813999989, 4.762446527000066 ], [ -74.114772105999975, 4.762521873000026 ], [ -74.114720585999976, 4.762593994000042 ], [ -74.114664474999984, 4.76266258000004 ], [ -74.114604010999983, 4.762727337000058 ], [ -74.114539456999978, 4.76278798900006 ], [ -74.114471084999934, 4.762844274000031 ], [ -74.114399190999961, 4.762895953000054 ], [ -74.114324081999939, 4.762942805000023 ], [ -74.11424607899994, 4.762984628000027 ], [ -74.114165516999947, 4.763021243000026 ], [ -74.114082739999958, 4.763052494000021 ], [ -74.113998102999972, 4.763078247000067 ], [ -74.113911966999979, 4.763098390000039 ], [ -74.113824703999967, 4.76311283900003 ], [ -74.113736685999982, 4.763121532000071 ], [ -74.113648287999979, 4.763124431000051 ], [ -74.113559890999966, 4.763121523000052 ], [ -74.11347187399997, 4.763112822000039 ], [ -74.113384610999958, 4.763098365000076 ], [ -74.113298477999933, 4.763078213000028 ], [ -74.113213843999972, 4.763052452000068 ], [ -74.113131068999962, 4.763021193000043 ], [ -74.113050509999937, 4.762984570000071 ], [ -74.112972510999953, 4.762942740000028 ], [ -74.112897406999934, 4.76289588100002 ], [ -74.112825517999966, 4.762844195000071 ], [ -74.112816842999962, 4.762837460000071 ], [ -74.111627508999959, 4.761906337000028 ], [ -74.111567817999969, 4.761856780000073 ], [ -74.111503268999968, 4.761796122000021 ], [ -74.11144281199995, 4.761731359000066 ], [ -74.111386707999941, 4.761662768000065 ], [ -74.111335194999981, 4.761590642000044 ], [ -74.11128849399995, 4.76151529200007 ], [ -74.111264143999961, 4.761471096000037 ], [ -74.111056711999936, 4.761077449000027 ], [ -74.110928639999941, 4.76097125900003 ], [ -74.110899229999973, 4.760997907000046 ], [ -74.110830858999975, 4.761054192000074 ], [ -74.110758963999956, 4.761105871000041 ], [ -74.110683854999934, 4.761152722000077 ], [ -74.110605852999981, 4.761194544000034 ], [ -74.110525289999941, 4.761231159000033 ], [ -74.110442512999953, 4.761262410000029 ], [ -74.110405779999951, 4.761274332000028 ], [ -74.110325012999965, 4.761299275000056 ], [ -74.110303478999981, 4.76132452500002 ], [ -74.11024301599997, 4.761389281000049 ], [ -74.110178460999975, 4.761449933000051 ], [ -74.110110088999988, 4.761506218000022 ], [ -74.110038194999959, 4.761557896000056 ], [ -74.109963085999937, 4.761604747000035 ], [ -74.109885082999938, 4.76164656900005 ], [ -74.109804519999955, 4.761683184000049 ], [ -74.109721742999966, 4.761714434000055 ], [ -74.109709135999935, 4.761718271000063 ], [ -74.10969095175389, 4.761723803197648 ], [ -74.109689885051864, 4.761724127720662 ], [ -74.109680307999952, 4.761727042000075 ], [ -74.109637106999969, 4.761740187000044 ], [ -74.109550970999976, 4.761760330000072 ], [ -74.109463707999964, 4.761774779000064 ], [ -74.109433773999967, 4.761777735000067 ], [ -74.10944152999997, 4.761811114000068 ], [ -74.109455931999946, 4.761898658000064 ], [ -74.109464595999953, 4.761986960000058 ], [ -74.109467485999971, 4.76207564200007 ], [ -74.109464586999934, 4.762164323000036 ], [ -74.109457848999966, 4.762237192000043 ], [ -74.109430805999978, 4.762463177000029 ], [ -74.109428869999988, 4.762478608000038 ], [ -74.109414457999947, 4.762566151000044 ], [ -74.109394369999961, 4.762652562000028 ], [ -74.109368690999986, 4.762737468000068 ], [ -74.109337531999984, 4.762820508000061 ], [ -74.109301025999969, 4.762901326000076 ], [ -74.109259329999986, 4.762979576000021 ], [ -74.109212620999983, 4.763054922000038 ], [ -74.109175728999958, 4.763107558000058 ], [ -74.108869349999964, 4.763523357000054 ], [ -74.108854720999943, 4.763542839000024 ], [ -74.108798608999962, 4.763611425000022 ], [ -74.108738145999951, 4.763676181000051 ], [ -74.108690156999955, 4.763721267000051 ], [ -74.108511355999951, 4.764121578000072 ], [ -74.108490103999941, 4.764166895000074 ], [ -74.108448407999958, 4.764245145000075 ], [ -74.108401697999966, 4.764320491000035 ], [ -74.108350178999956, 4.764392611000062 ], [ -74.108294066999974, 4.76446119600007 ], [ -74.108233602999974, 4.764525953000032 ], [ -74.108169046999933, 4.764586604000044 ], [ -74.108100674999946, 4.764642889000072 ], [ -74.108028779999984, 4.764694567000049 ], [ -74.107953670999962, 4.764741418000028 ], [ -74.107945875999974, 4.764745897000068 ], [ -74.10780101499995, 4.764828507000061 ], [ -74.107725192999965, 4.764993653000033 ], [ -74.107513882999967, 4.765453898000032 ], [ -74.107498426999939, 4.765486419000069 ], [ -74.107456729999967, 4.765564668000025 ], [ -74.107454065999946, 4.765569276000065 ], [ -74.107201890677672, 4.766003455080653 ], [ -74.107186106999961, 4.766030631000035 ], [ -74.107078574999946, 4.766215772000066 ], [ -74.107049276999987, 4.766300115000035 ], [ -74.107021638999981, 4.766372883000031 ], [ -74.106985132999966, 4.766453701000046 ], [ -74.106943435999938, 4.766531950000058 ], [ -74.106896725999945, 4.766607296000075 ], [ -74.106845204999956, 4.766679416000045 ], [ -74.106789092999975, 4.766748002000043 ], [ -74.106728628999974, 4.766812758000071 ], [ -74.106664072999934, 4.766873409000027 ], [ -74.106610409999973, 4.766918209000039 ], [ -74.106439201999933, 4.767053791000023 ], [ -74.106424492999963, 4.767065276000039 ], [ -74.106352596999955, 4.767116954000073 ], [ -74.106277486999943, 4.767163804000063 ], [ -74.106199483999944, 4.767205625000031 ], [ -74.106118919999972, 4.76724224000003 ], [ -74.106036141999937, 4.767273490000036 ], [ -74.10595150499995, 4.767299242000036 ], [ -74.105865367999968, 4.767319385000064 ], [ -74.105778103999967, 4.767333833000066 ], [ -74.105690084999935, 4.767342525000061 ], [ -74.105601686999989, 4.767345423000052 ], [ -74.105513289999976, 4.767342514000063 ], [ -74.105425271999934, 4.767333812000061 ], [ -74.105338008999979, 4.767319353000062 ], [ -74.105251874999965, 4.767299200000025 ], [ -74.105205822999949, 4.767285935000075 ], [ -74.104764315999944, 4.767150227000059 ], [ -74.104725733999942, 4.767137729000069 ], [ -74.104642959999978, 4.767106470000044 ], [ -74.104562400999953, 4.767069845000037 ], [ -74.104484401999969, 4.767028014000061 ], [ -74.10440929799995, 4.766981154000064 ], [ -74.104337408999982, 4.766929468000058 ], [ -74.104269042999988, 4.766873175000057 ], [ -74.104204493999987, 4.766812516000073 ], [ -74.104144037999959, 4.766747753000061 ], [ -74.104118141999948, 4.766716095000049 ], [ -74.104104645042284, 4.766699592555316 ], [ -74.10408793299996, 4.76667916100007 ], [ -74.104036420999989, 4.76660703500005 ], [ -74.103989720999948, 4.766531684000029 ], [ -74.103948032999938, 4.766453429000023 ], [ -74.103911535999941, 4.766372607000051 ], [ -74.103880386999947, 4.766289563000043 ], [ -74.103854716999933, 4.766204654000035 ], [ -74.103843031999986, 4.766157531000033 ], [ -74.103662869999937, 4.765371178000066 ], [ -74.103654477999953, 4.765331888000048 ], [ -74.103640075999976, 4.765244344000052 ], [ -74.10363141299996, 4.765156042000058 ], [ -74.103628523999987, 4.765067361000035 ], [ -74.103631423999957, 4.764978679000023 ], [ -74.103633418999948, 4.76495836600003 ], [ -74.103636736999988, 4.764924589000032 ], [ -74.103640097999971, 4.764890379000065 ], [ -74.103654509999956, 4.764802836000058 ], [ -74.103674598999987, 4.764716426000064 ], [ -74.103700278999952, 4.764631520000023 ], [ -74.103731438999944, 4.76454848000003 ], [ -74.103740942999934, 4.764527440000052 ], [ -74.103706559999978, 4.764511809000055 ], [ -74.103628560999937, 4.764469978000022 ], [ -74.103553456999975, 4.764423117000035 ], [ -74.10348156799995, 4.764371431000029 ], [ -74.103413202999945, 4.764315138000029 ], [ -74.103348654999934, 4.764254479000044 ], [ -74.103288197999973, 4.764189716000033 ], [ -74.103232093999964, 4.764121124000042 ], [ -74.103180581999936, 4.764048997000032 ], [ -74.103161463999982, 4.764019467000026 ], [ -74.103104059999964, 4.763928225000029 ], [ -74.103096001999972, 4.763935371000059 ], [ -74.103042529999982, 4.763980020000076 ], [ -74.102973118999955, 4.764339673000052 ], [ -74.102971773999968, 4.764346545000024 ], [ -74.102951684999937, 4.764432956000064 ], [ -74.102926005999961, 4.764517861000058 ], [ -74.102918676999934, 4.764537393000069 ], [ -74.10290376599994, 4.764577131000067 ], [ -74.10289484599997, 4.764600901000051 ], [ -74.102858338999965, 4.764681719000066 ], [ -74.102847937999968, 4.764702426000042 ], [ -74.102349079999954, 4.765674821000061 ], [ -74.102346439999963, 4.765696234000075 ], [ -74.102332027999978, 4.765783777000024 ], [ -74.102311938999947, 4.765870187000075 ], [ -74.102286258999982, 4.765955093000059 ], [ -74.102255098999933, 4.766038133000052 ], [ -74.102245893999964, 4.766059885000061 ], [ -74.102156170999933, 4.766266874000053 ], [ -74.102105756999947, 4.766918758000031 ], [ -74.102097417999971, 4.767026592000036 ], [ -74.102094134961561, 4.767069039212435 ], [ -74.102083547999939, 4.767205933000071 ], [ -74.102081054999985, 4.767234305000045 ], [ -74.102049758999954, 4.767552239000054 ], [ -74.102048251248405, 4.767567552288633 ], [ -74.102046915999949, 4.76758111700002 ], [ -74.102042430999973, 4.767626678000056 ], [ -74.102026775999946, 4.767785708000076 ], [ -74.102021743999956, 4.767829523000046 ], [ -74.102007331999971, 4.767917066000052 ], [ -74.10198724299994, 4.768003476000047 ], [ -74.101961562999975, 4.76808838200003 ], [ -74.101945257999944, 4.768131835000077 ], [ -74.101930401999937, 4.768171422000023 ], [ -74.101896046999968, 4.768247479000024 ], [ -74.101893894999989, 4.768252240000038 ], [ -74.101875762999953, 4.768287792000024 ], [ -74.101861133999989, 4.768315462000032 ], [ -74.101722834999975, 4.76857704400004 ], [ -74.101699270999973, 4.768619742000055 ], [ -74.10165256099998, 4.768695086000037 ], [ -74.101640387999964, 4.768712127000072 ], [ -74.101630411628321, 4.768726091115694 ], [ -74.101622489999954, 4.768737180000073 ], [ -74.101620227989287, 4.768740346245577 ], [ -74.101615728999946, 4.768746644000032 ], [ -74.101601038999945, 4.768767206000064 ], [ -74.101544925999974, 4.768835791000072 ], [ -74.101507143999982, 4.768876255000066 ], [ -74.101484460999984, 4.768900547000044 ], [ -74.101419904999943, 4.768961197000067 ], [ -74.101351531999967, 4.769017481000049 ], [ -74.101279635999958, 4.769069159000026 ], [ -74.101205658999959, 4.769115352000028 ], [ -74.10103436199995, 4.769214775000023 ], [ -74.101033227999949, 4.769215432000067 ], [ -74.100955223999961, 4.769257252000045 ], [ -74.100874659999988, 4.769293866000055 ], [ -74.100791880999964, 4.769325115000072 ], [ -74.100707242999988, 4.769350867000071 ], [ -74.100621106999938, 4.769371009000054 ], [ -74.100573796999981, 4.769378842000037 ], [ -74.100533841999948, 4.769385457000055 ], [ -74.100445822999973, 4.76939414800006 ], [ -74.100357423999981, 4.769397045000062 ], [ -74.100318361999939, 4.769395760000066 ], [ -74.100269026999968, 4.769394135000027 ], [ -74.100265913999976, 4.769393828000034 ], [ -74.100181008999982, 4.769385432000036 ], [ -74.100165379999964, 4.769382843000074 ], [ -74.10009374599997, 4.769370974000026 ], [ -74.100007611999956, 4.769350820000057 ], [ -74.09997898499995, 4.76934278300007 ], [ -74.099762735999946, 4.769279492000067 ], [ -74.099706727999944, 4.769261766000056 ], [ -74.099623953999981, 4.769230506000042 ], [ -74.099543394999955, 4.769193881000035 ], [ -74.099465395999971, 4.76915204900007 ], [ -74.099390291999953, 4.769105189000072 ], [ -74.099330411999972, 4.769062137000049 ], [ -74.099318402999984, 4.769053502000077 ], [ -74.09925003799998, 4.768997209000077 ], [ -74.099185488999979, 4.768936550000035 ], [ -74.09912503299995, 4.768871786000034 ], [ -74.099068928999941, 4.768803194000043 ], [ -74.09901741699997, 4.768731067000033 ], [ -74.098970717999975, 4.768655716000069 ], [ -74.098943951999956, 4.768606910000074 ], [ -74.098844848999988, 4.76841707400007 ], [ -74.098829927999986, 4.768387626000049 ], [ -74.098793431999979, 4.76830680300003 ], [ -74.098762281999939, 4.768223759000023 ], [ -74.098736613999961, 4.768138850000071 ], [ -74.098716535999984, 4.768052437000051 ], [ -74.098713230999977, 4.768032350000055 ], [ -74.09870213499994, 4.767964892000066 ], [ -74.098693471999979, 4.767876591000061 ], [ -74.098690583999939, 4.767787909000049 ], [ -74.098693484999956, 4.767699228000026 ], [ -74.098702159999959, 4.767610927000021 ], [ -74.098716572999933, 4.767523385000061 ], [ -74.098721968999939, 4.767497501000037 ], [ -74.098773514999948, 4.767261744000052 ], [ -74.098776119999968, 4.767060385000036 ], [ -74.098776442378963, 4.767035493238471 ], [ -74.098780967999971, 4.766685676000066 ], [ -74.098783754999943, 4.76661450000006 ], [ -74.098792429999946, 4.766526199000054 ], [ -74.098795013999961, 4.766507524000076 ], [ -74.098827197999981, 4.76628622100003 ], [ -74.098766670999964, 4.76617150800007 ], [ -74.098748987999954, 4.766136797000058 ], [ -74.098712491999947, 4.766055974000039 ], [ -74.098681342999953, 4.765972930000032 ], [ -74.098655674999975, 4.765888021000023 ], [ -74.098635596999941, 4.765801608000061 ], [ -74.098621195999954, 4.765714063000075 ], [ -74.098612533999983, 4.76562576200007 ], [ -74.098609645999943, 4.765537080000058 ], [ -74.09861254599997, 4.765448399000036 ], [ -74.098621220999974, 4.765360098000031 ], [ -74.098630709999952, 4.765298724000047 ], [ -74.098675779999951, 4.765045622000059 ], [ -74.098680703999946, 4.765019454000026 ], [ -74.098700792999978, 4.764933044000031 ], [ -74.098726473999989, 4.764848138000048 ], [ -74.09875763399998, 4.764765098000055 ], [ -74.098794140999985, 4.764684281000029 ], [ -74.098835838999946, 4.764606032000074 ], [ -74.098882548999939, 4.764530687000047 ], [ -74.098934070999974, 4.764458567000077 ], [ -74.098990183999945, 4.764389983000058 ], [ -74.099050647999945, 4.764325228000075 ], [ -74.09922753099994, 4.764147800000046 ], [ -74.099229677999972, 4.764144713000064 ], [ -74.099259351999933, 4.76410204900003 ], [ -74.099335474999975, 4.763992605000055 ], [ -74.099701040999946, 4.763039064000054 ], [ -74.099713124999937, 4.76300754500005 ], [ -74.099619012999938, 4.762996127000065 ], [ -74.09960476699996, 4.762994321000065 ], [ -74.099517504999938, 4.762979862000066 ], [ -74.09943137199997, 4.762959708000039 ], [ -74.099346737999952, 4.762933945000043 ], [ -74.099263964999977, 4.762902685000029 ], [ -74.099183406999941, 4.762866060000022 ], [ -74.099151866999989, 4.762849935000077 ], [ -74.098840122999945, 4.762685358000056 ], [ -74.098588082999981, 4.762647127000037 ], [ -74.098526377999974, 4.76263629400006 ], [ -74.098440244999949, 4.762616140000034 ], [ -74.098355610999988, 4.762590377000038 ], [ -74.098272837999957, 4.762559117000023 ], [ -74.098262474999956, 4.762554759000068 ], [ -74.098216478999973, 4.76255363100006 ], [ -74.098161036999954, 4.762551126000062 ], [ -74.098073019999958, 4.76254242300007 ], [ -74.097985757999936, 4.762527963000025 ], [ -74.097899624999968, 4.762507809000056 ], [ -74.09781499099995, 4.762482046000059 ], [ -74.097798173999934, 4.762476194000044 ], [ -74.097729159999972, 4.762451664000025 ], [ -74.097662163999985, 4.762471545000039 ], [ -74.097576026999945, 4.762491687000022 ], [ -74.097488763999934, 4.762506134000034 ], [ -74.097415172999945, 4.762513400000046 ], [ -74.097400744999959, 4.76251482400005 ], [ -74.097312347999946, 4.762517721000052 ], [ -74.097223950999989, 4.762514811000074 ], [ -74.097190589999968, 4.762512199000071 ], [ -74.096992360999934, 4.762494196000034 ], [ -74.096937704999959, 4.762488105000045 ], [ -74.096850442999937, 4.762473646000046 ], [ -74.096764309999969, 4.76245349200002 ], [ -74.096719897999947, 4.762440729000048 ], [ -74.096704857999953, 4.76244280100002 ], [ -74.096627811999952, 4.762450725000065 ], [ -74.096564480999973, 4.762489769000069 ], [ -74.096508452999956, 4.762519809000025 ], [ -74.096486477999974, 4.762531590000037 ], [ -74.096455309999953, 4.762545755000076 ], [ -74.096405914999934, 4.762568203000058 ], [ -74.096323136999956, 4.762599452000075 ], [ -74.09623849999997, 4.762625203000027 ], [ -74.096152363999977, 4.762645345000067 ], [ -74.096065099999976, 4.762659792000022 ], [ -74.095977080999944, 4.762668482000038 ], [ -74.095888683999988, 4.76267137800005 ], [ -74.095800286999975, 4.762668468000072 ], [ -74.095712269999979, 4.762659765000024 ], [ -74.095692659999941, 4.762657027000046 ], [ -74.095323234999967, 4.76260267300006 ], [ -74.095255582999982, 4.76259095100005 ], [ -74.095169449999958, 4.762570796000034 ], [ -74.09508481599994, 4.762545033000038 ], [ -74.095037335999962, 4.762527102000035 ], [ -74.095002042999965, 4.762513772000034 ], [ -74.094921484999986, 4.762477147000027 ], [ -74.094843486999935, 4.762435315000062 ], [ -74.094824479538048, 4.762423455171932 ], [ -74.094815594999943, 4.762417912000046 ], [ -74.094768383999963, 4.762388454000074 ], [ -74.094696495999983, 4.762336767000022 ], [ -74.094628131999968, 4.762280473000033 ], [ -74.09458660699994, 4.762241450000033 ], [ -74.094563584999946, 4.762219814000048 ], [ -74.094503128999975, 4.762155050000047 ], [ -74.094447025999955, 4.76208645600002 ], [ -74.094412234999936, 4.762038852000046 ], [ -74.094286102999945, 4.76185814400003 ], [ -74.094269382999983, 4.761833621000051 ], [ -74.094222683999988, 4.76175826900004 ], [ -74.094180997999956, 4.761680014000035 ], [ -74.094165811999972, 4.761646384000073 ], [ -74.094144502999939, 4.761599192000062 ], [ -74.094113353999944, 4.761516147000066 ], [ -74.094087686999956, 4.761431238000057 ], [ -74.094074903999967, 4.761376219000056 ], [ -74.094067609999968, 4.761344825000037 ], [ -74.09405320999997, 4.761257280000052 ], [ -74.094044546999953, 4.761168978000057 ], [ -74.094043626999962, 4.761140710000063 ], [ -74.093996604999973, 4.761115491000055 ], [ -74.093921501999944, 4.761068630000068 ], [ -74.093849613999964, 4.761016943000072 ], [ -74.09378124999995, 4.760960649000026 ], [ -74.093738288999987, 4.760921170000074 ], [ -74.093682850999983, 4.760907515000042 ], [ -74.093615140999987, 4.760886903000028 ], [ -74.093598217999954, 4.760881751000056 ], [ -74.093528621999951, 4.760855468000045 ], [ -74.09351544499998, 4.760850490000053 ], [ -74.093434886999944, 4.760813865000046 ], [ -74.093356889999939, 4.760772033000023 ], [ -74.09333940199997, 4.760761122000076 ], [ -74.093281786999967, 4.760725172000036 ], [ -74.093213571999968, 4.760676303000025 ], [ -74.093024363999973, 4.760531658000048 ], [ -74.093020690999936, 4.760528839000074 ], [ -74.092983659999959, 4.76049834600002 ], [ -74.092952326999978, 4.760472544000038 ], [ -74.092890035999972, 4.76041400500003 ], [ -74.092887779999955, 4.760411884000064 ], [ -74.092880226999966, 4.760403794000069 ], [ -74.092827324999973, 4.760347120000063 ], [ -74.092821964999985, 4.760340567000071 ], [ -74.092809211999963, 4.76032497500006 ], [ -74.092787558999987, 4.760327112000027 ], [ -74.092699161999974, 4.760330009000029 ], [ -74.092610764999961, 4.760327098000062 ], [ -74.092522747999965, 4.76031839500007 ], [ -74.092435486999989, 4.760303935000024 ], [ -74.092426242999977, 4.760302056000057 ], [ -74.09211989399995, 4.760238664000042 ], [ -74.092043004999937, 4.76022038900004 ], [ -74.091958371999965, 4.760194625000054 ], [ -74.091875598999934, 4.76016336400005 ], [ -74.091795041999944, 4.760126739000043 ], [ -74.091724236999937, 4.760088764000045 ], [ -74.09171704399995, 4.760084906000031 ], [ -74.091641941999967, 4.760038045000044 ], [ -74.091570053999988, 4.759986357000059 ], [ -74.091501689999973, 4.759930062000024 ], [ -74.091465935999963, 4.759897447000071 ], [ -74.091004016999989, 4.759460705000038 ], [ -74.090957152999977, 4.759416395000073 ], [ -74.090919113999973, 4.759380430000022 ], [ -74.090844352999966, 4.759309742000028 ], [ -74.090815560999943, 4.759281698000052 ], [ -74.09077242799998, 4.759235490000037 ], [ -74.090755105999961, 4.759216933000062 ], [ -74.090699003999987, 4.759148340000024 ], [ -74.090647493999938, 4.759076213000071 ], [ -74.090600794999943, 4.759000861000061 ], [ -74.090559108999969, 4.758922606000056 ], [ -74.090536586999974, 4.758874417000072 ], [ -74.090464426999972, 4.758711792000042 ], [ -74.090450453999949, 4.758679157000074 ], [ -74.090419306999934, 4.758596113000067 ], [ -74.090393638999956, 4.758511203000069 ], [ -74.090373562999957, 4.758424790000049 ], [ -74.090359163999949, 4.758337245000064 ], [ -74.090350502999968, 4.758248944000059 ], [ -74.090347615999974, 4.758160262000047 ], [ -74.090350516999933, 4.758071581000024 ], [ -74.090359192999983, 4.757983280000076 ], [ -74.090367065999942, 4.757931162000034 ], [ -74.090400555045051, 4.757735275109505 ], [ -74.090410055999939, 4.757679698000061 ], [ -74.090421153999955, 4.757614786000033 ], [ -74.09042769399997, 4.757579362000058 ], [ -74.090447783999934, 4.757492952000064 ], [ -74.090473464999945, 4.757408046000023 ], [ -74.090504626999973, 4.75732500700002 ], [ -74.090541133999977, 4.757244190000051 ], [ -74.090582832999985, 4.757165941000039 ], [ -74.090629542999977, 4.757090597000058 ], [ -74.090681064999956, 4.75701847800002 ], [ -74.090737177999983, 4.756949893000069 ], [ -74.090797642999974, 4.756885139000076 ], [ -74.090862198999957, 4.756824490000042 ], [ -74.090930571999934, 4.75676820700005 ], [ -74.091002466999953, 4.756716530000062 ], [ -74.091003642999965, 4.756715743000029 ], [ -74.091192871999965, 4.756589206000058 ], [ -74.091266804999975, 4.756543144000034 ], [ -74.091344808999963, 4.756501324000055 ], [ -74.091425371999946, 4.756464711000035 ], [ -74.091508148999935, 4.756433463000064 ], [ -74.091592785999978, 4.756407713000044 ], [ -74.091678920999982, 4.756387572000051 ], [ -74.091766184999983, 4.756373126000028 ], [ -74.091854201999979, 4.756364436000069 ], [ -74.091942598999935, 4.756361539000068 ], [ -74.092030994999959, 4.756364450000035 ], [ -74.092119010999966, 4.756373153000027 ], [ -74.092206271999942, 4.756387613000072 ], [ -74.092207377999955, 4.756387835000055 ], [ -74.092439298999977, 4.756434336000041 ], [ -74.092475986525542, 4.756441692445893 ], [ -74.09254892499996, 4.756456317000072 ], [ -74.092555475615796, 4.756457630528579 ], [ -74.093513952999956, 4.756649810000056 ], [ -74.093598979999967, 4.756669743000032 ], [ -74.09368361199995, 4.756695507000074 ], [ -74.093711654999936, 4.756705406000037 ], [ -74.094075033999957, 4.756838196000047 ], [ -74.094092805999935, 4.756844691000026 ], [ -74.094098968999958, 4.756844242000057 ], [ -74.094101674999933, 4.756844045000037 ], [ -74.094112118999988, 4.756840442000055 ], [ -74.094146917999979, 4.756829118000041 ], [ -74.094786759999977, 4.756630479000023 ], [ -74.094836597999972, 4.756616053000073 ], [ -74.094922732999976, 4.756595911000034 ], [ -74.095009995999987, 4.756581464000021 ], [ -74.095056120999971, 4.756576910000035 ], [ -74.095098013999973, 4.756572774000063 ], [ -74.095109627999989, 4.756572393000056 ], [ -74.095121006974651, 4.756572020280911 ], [ -74.095156249999945, 4.756570865000072 ], [ -74.09518640999994, 4.75656987800005 ], [ -74.09518817299994, 4.756569931000058 ], [ -74.095189940981456, 4.75656998430065 ], [ -74.095206007999934, 4.756570468000064 ], [ -74.095220585999982, 4.756570908000072 ], [ -74.095267382999964, 4.756572319000043 ], [ -74.09556463399997, 4.756590239000047 ], [ -74.095572057999959, 4.756590707000043 ], [ -74.095660073999966, 4.756599411000025 ], [ -74.095747334999942, 4.756613870000024 ], [ -74.095833467999967, 4.756634025000039 ], [ -74.095918100999938, 4.756659789000025 ], [ -74.09600087299998, 4.75669104900004 ], [ -74.096069871999987, 4.756722419000027 ], [ -74.09608142999997, 4.756727674000047 ], [ -74.096159427999964, 4.756769506000069 ], [ -74.096194456435526, 4.756791362508801 ], [ -74.096204914999987, 4.756797888000051 ], [ -74.096234529999947, 4.756816367000056 ], [ -74.096287243999939, 4.756854267000051 ], [ -74.096306417999983, 4.756868054000051 ], [ -74.096324977999984, 4.756883337000033 ], [ -74.096374781999941, 4.756924348000041 ], [ -74.096439328999963, 4.756985007000026 ], [ -74.096474042999944, 4.75702115200005 ], [ -74.096591167999975, 4.757147712000062 ], [ -74.096616908999977, 4.757176331000039 ], [ -74.09667301199994, 4.757244925000066 ], [ -74.096724522999978, 4.757317052000076 ], [ -74.096771221999973, 4.75739240300004 ], [ -74.09679655399998, 4.757439957000031 ], [ -74.096812907999947, 4.757470658000045 ], [ -74.096828469999934, 4.757505120000076 ], [ -74.096849402999965, 4.757551481000064 ], [ -74.096867472999975, 4.757599654000046 ], [ -74.096880551999959, 4.757634525000071 ], [ -74.096906219999937, 4.757719434000023 ], [ -74.096911917999989, 4.757741514000031 ], [ -74.096958795999967, 4.757929689000036 ], [ -74.096965963999935, 4.757958465000058 ], [ -74.096980343999974, 4.75802279800007 ], [ -74.096994744999961, 4.758110343000055 ], [ -74.097003406999988, 4.758198644000061 ], [ -74.097006294999971, 4.758287326000072 ], [ -74.097005237999952, 4.758319635000021 ], [ -74.097005498999977, 4.758319767000046 ], [ -74.098698930999944, 4.758491291000041 ], [ -74.098749095852966, 4.7584963723492 ], [ -74.099070176999987, 4.758528894000051 ], [ -74.099110918999941, 4.758533649000071 ], [ -74.099198179999973, 4.75854810800007 ], [ -74.099284312999941, 4.75856826200004 ], [ -74.09936894599997, 4.758594024000047 ], [ -74.099451718999944, 4.758625285000051 ], [ -74.099491573999956, 4.758643404000054 ], [ -74.09953227699998, 4.758661909000068 ], [ -74.09954604099994, 4.758668919000058 ], [ -74.099548686777226, 4.758670267012125 ], [ -74.099560193999935, 4.758676128000047 ], [ -74.099649711999973, 4.758673307000038 ], [ -74.099753948999989, 4.758670024000025 ], [ -74.099820050999938, 4.758667941000056 ], [ -74.099922271999958, 4.758669691000023 ], [ -74.099950964999948, 4.758670183000049 ], [ -74.100038981999944, 4.758678885000052 ], [ -74.100091728999985, 4.758686921000049 ], [ -74.101244958999985, 4.758886047000033 ], [ -74.101279472999977, 4.758892470000035 ], [ -74.101339154999948, 4.758905799000047 ], [ -74.101510251999969, 4.758948105000059 ], [ -74.101996994999979, 4.759068461000027 ], [ -74.102023444999986, 4.759075286000041 ], [ -74.102108077999958, 4.759101049000037 ], [ -74.102190851999978, 4.759132309000051 ], [ -74.102271409999958, 4.759168933000069 ], [ -74.102334661999976, 4.759202345000062 ], [ -74.102457920999939, 4.759271694000063 ], [ -74.102988025999935, 4.759324733000028 ], [ -74.103030397999987, 4.75932965100003 ], [ -74.103117658999963, 4.759344110000029 ], [ -74.103203791999988, 4.759364263000066 ], [ -74.10328842499996, 4.759390025000073 ], [ -74.103339944999959, 4.759409481000034 ], [ -74.103357192925387, 4.759415995190589 ], [ -74.10337091699995, 4.759421178000025 ], [ -74.10337119899998, 4.75942128500003 ], [ -74.103396023999949, 4.759432571000048 ], [ -74.103451756999959, 4.759457909000048 ], [ -74.103458696999951, 4.759461368000075 ], [ -74.103472094999972, 4.759468093000066 ], [ -74.103966922999973, 4.759716490000073 ], [ -74.104139227999951, 4.75976835900002 ], [ -74.104189206999934, 4.759764140000073 ], [ -74.104277603999947, 4.759761242000025 ], [ -74.10436600099996, 4.75976415100007 ], [ -74.104454017999956, 4.759772853000072 ], [ -74.104541278999989, 4.759787311000025 ], [ -74.104627411999957, 4.759807465000051 ], [ -74.104639142999986, 4.759810753000068 ], [ -74.104730074999964, 4.759795702000076 ], [ -74.104775789999962, 4.759722082000053 ], [ -74.104827308999973, 4.759649962000026 ], [ -74.104831568999941, 4.759644424000044 ], [ -74.104891502999976, 4.759566905000042 ], [ -74.104891666999947, 4.759552063000058 ], [ -74.104890237999939, 4.759508175000065 ], [ -74.104893136999976, 4.759419494000042 ], [ -74.104901810999934, 4.759331193000037 ], [ -74.104916222999975, 4.759243651000077 ], [ -74.10493631199995, 4.759157240000036 ], [ -74.104961990999982, 4.759072334000052 ], [ -74.104993150999974, 4.75898929400006 ], [ -74.105029656999989, 4.758908476000045 ], [ -74.105071353999961, 4.758830227000033 ], [ -74.105118062999964, 4.758754881000073 ], [ -74.105169582999963, 4.758682761000046 ], [ -74.105225694999945, 4.758614176000037 ], [ -74.105286158999945, 4.758549420000065 ], [ -74.105306052999936, 4.758529870000075 ], [ -74.105531415999963, 4.758312936000038 ], [ -74.105576076999967, 4.758271835000073 ], [ -74.105644448999954, 4.758215551000035 ], [ -74.105716342999983, 4.758163873000058 ], [ -74.105791451999949, 4.758117022000022 ], [ -74.105869454999947, 4.758075201000054 ], [ -74.105950017999987, 4.758038587000044 ], [ -74.106032793999987, 4.758007337000038 ], [ -74.106117430999973, 4.757981585000039 ], [ -74.106152909999935, 4.757973288000073 ], [ -74.106203565999976, 4.757961442000067 ], [ -74.106216544999938, 4.757959293000056 ], [ -74.106290828999988, 4.757946994000065 ], [ -74.106293035999954, 4.757946704000062 ], [ -74.106323474999954, 4.757925013000033 ], [ -74.106352540999978, 4.757878127000026 ], [ -74.106404060999978, 4.757806007000056 ], [ -74.106460172999959, 4.757737422000048 ], [ -74.106520635999971, 4.757672666000076 ], [ -74.106582410999977, 4.757614468000043 ], [ -74.106735685999979, 4.757478885000069 ], [ -74.106738465999968, 4.757476432000033 ], [ -74.106806836999965, 4.757420147000062 ], [ -74.106810214999939, 4.757417718000056 ], [ -74.106878731999984, 4.757368469000028 ], [ -74.106925252999986, 4.757339450000075 ], [ -74.10695383999996, 4.757321619000038 ], [ -74.107031842999959, 4.757279797000024 ], [ -74.107112404999953, 4.757243183000071 ], [ -74.107195181999941, 4.757211932000075 ], [ -74.107279817999938, 4.757186180000076 ], [ -74.107365952999942, 4.757166037000047 ], [ -74.107453215999953, 4.757151589000046 ], [ -74.107541233999939, 4.757142897000051 ], [ -74.107629629999963, 4.757139998000071 ], [ -74.107718026999976, 4.757142907000059 ], [ -74.107801625999969, 4.757151031000035 ], [ -74.10787634999997, 4.757086783000034 ], [ -74.107891605999953, 4.757074368000076 ], [ -74.10793315799998, 4.757040554000071 ], [ -74.107963335999955, 4.757018862000052 ], [ -74.108005051999953, 4.756988877000026 ], [ -74.108080160999975, 4.756942026000047 ], [ -74.108158163999974, 4.756900204000033 ], [ -74.108198176999963, 4.756881337000038 ], [ -74.108204012999977, 4.756878586000028 ], [ -74.108546415999967, 4.756724934000033 ], [ -74.108550613999967, 4.756723120000061 ], [ -74.108581127999969, 4.756709937000039 ], [ -74.108625969999935, 4.75669300800007 ], [ -74.108663904999958, 4.756678687000033 ], [ -74.108703543333732, 4.756666626158648 ], [ -74.108705850999968, 4.75666592400006 ], [ -74.108748540999954, 4.756652934000044 ], [ -74.108802201999936, 4.756640385000026 ], [ -74.108834675999958, 4.756632791000072 ], [ -74.10892193899997, 4.756618343000071 ], [ -74.109007167999948, 4.756609925000021 ], [ -74.109009955999966, 4.75660965000003 ], [ -74.109098352999979, 4.756606753000028 ], [ -74.109160008999936, 4.756608781000068 ], [ -74.109186748999946, 4.756609661000027 ], [ -74.109274765999942, 4.75661836200004 ], [ -74.109362026999975, 4.75663282000005 ], [ -74.109390089999977, 4.756638733000045 ], [ -74.109818687999962, 4.756733810000071 ], [ -74.109949476999986, 4.75676282400002 ], [ -74.110357762523549, 4.756853395736486 ], [ -74.110359494999955, 4.756853780000029 ], [ -74.110434978999933, 4.756870525000068 ], [ -74.111109642999963, 4.756962645000044 ], [ -74.111191117999965, 4.756976326000029 ], [ -74.111277250999933, 4.756996478000076 ], [ -74.111354968999933, 4.75701990400006 ], [ -74.111994332314026, 4.757233819589396 ], [ -74.112031352999963, 4.757246205000058 ], [ -74.112165890999961, 4.757291219000024 ] ], [ [ -74.10363673741935, 4.764924589199348 ], [ -74.10363673741935, 4.764924589199347 ], [ -74.103636736999988, 4.764924589000032 ], [ -74.10363673741935, 4.764924589199348 ] ], [ [ -74.103339944739346, 4.759409481522871 ], [ -74.103339944739346, 4.759409481522872 ], [ -74.103339944999959, 4.759409481000034 ], [ -74.103339944739346, 4.759409481522871 ] ] ] } },
{ "type": "Feature", "properties": { "nombre": "Humedal del Burro", "id": 0, "cobertura": "Arbustales", "periodo": 2014, "fechaini": "2000-01-01T00:00:00", "fechafin": "2020-01-01T00:00:00", "Shape_Leng": 0.000121962001736, "Shape_Area": 1.00758792705e-09 }, "geometry": { "type": "Polygon", "coordinates": [ [ [ -74.153580609999949, 4.641754060000039 ], [ -74.153608115999987, 4.64177894200003 ], [ -74.153838096999948, 4.641992776000052 ], [ -74.153851358999987, 4.642005107000045 ], [ -74.153888393999978, 4.642040881000071 ], [ -74.153948844999945, 4.642105639000022 ], [ -74.154004943999951, 4.642174228000044 ], [ -74.154056451999963, 4.64224635100004 ], [ -74.154062223999972, 4.642255662000025 ], [ -74.154103149999969, 4.642321699000036 ], [ -74.154140349999977, 4.642391529000065 ], [ -74.154144835999944, 4.642399950000026 ], [ -74.154181331999951, 4.642480771000066 ], [ -74.154203087999974, 4.642538768000065 ], [ -74.154212481999934, 4.642563812000049 ], [ -74.154214369999977, 4.642570053000043 ], [ -74.154238152999937, 4.642648719000022 ], [ -74.154257954999935, 4.64273393000002 ], [ -74.15425823399994, 4.642735132000041 ], [ -74.154272638999942, 4.642822675000048 ], [ -74.154280220999965, 4.642895663000047 ], [ -74.154307251999967, 4.643248203000041 ], [ -74.154308337999964, 4.643263516000047 ], [ -74.154311232999987, 4.643352198000059 ], [ -74.154308339999943, 4.643440880000071 ], [ -74.154299673999958, 4.643529181000076 ], [ -74.154285269999946, 4.643616725000072 ], [ -74.154265190999979, 4.643703138000035 ], [ -74.154239521999955, 4.643788046000054 ], [ -74.15420837399995, 4.643871088000026 ], [ -74.154178808999973, 4.643937598000036 ], [ -74.154198004999955, 4.643965214000048 ], [ -74.154209622999986, 4.643981930000052 ], [ -74.154256319999945, 4.644057278000048 ], [ -74.154298006999966, 4.644135530000028 ], [ -74.154322606999983, 4.644188424000049 ], [ -74.154534328999944, 4.644254859000057 ], [ -74.154565347999949, 4.644265007000058 ], [ -74.154648109999982, 4.644296261000022 ], [ -74.154728657999954, 4.644332879000046 ], [ -74.15480664599994, 4.644374704000029 ], [ -74.15488174099994, 4.644421559000023 ], [ -74.154953620999947, 4.644473241000071 ], [ -74.155021978999969, 4.644529528000021 ], [ -74.155056101999946, 4.644561595000027 ], [ -74.155086520999987, 4.644590182000059 ], [ -74.155146970999965, 4.644654942000045 ], [ -74.15520307099996, 4.644723530000022 ], [ -74.155203197999981, 4.644723707000026 ], [ -74.155254579999962, 4.644795652000028 ], [ -74.155269368999939, 4.644819378000022 ], [ -74.15529778299998, 4.644864963000032 ], [ -74.155424000999972, 4.645081728000036 ], [ -74.155427495999959, 4.645087766000074 ], [ -74.155469181999933, 4.645166018000054 ], [ -74.15550567799994, 4.645246837000059 ], [ -74.155536828999971, 4.64532987900003 ], [ -74.155562499999974, 4.64541478700005 ], [ -74.155582580999976, 4.645501198000034 ], [ -74.155596986999967, 4.645588742000029 ], [ -74.155605654999988, 4.645677043000035 ], [ -74.155608549999954, 4.645765725000047 ], [ -74.155605657999956, 4.645854407000058 ], [ -74.155596990999982, 4.645942709000053 ], [ -74.155593627999963, 4.64596315700004 ], [ -74.155582587999959, 4.64603025200006 ], [ -74.155562508999935, 4.646116664000033 ], [ -74.155556682999986, 4.646137796000062 ], [ -74.155503510999949, 4.646324772000071 ], [ -74.155503510983081, 4.646324771971903 ], [ -74.155503510983081, 4.646324771971904 ], [ -74.155501550127482, 4.646331667194276 ], [ -74.155484704999935, 4.646390902000064 ], [ -74.155464860999984, 4.646454679000044 ], [ -74.155454561857795, 4.646482137317267 ], [ -74.155454561838695, 4.646482137368179 ], [ -74.155443115999958, 4.646512654000048 ], [ -74.155433712999979, 4.646537722000062 ], [ -74.155397218999951, 4.646618542000056 ], [ -74.155355533999966, 4.646696795000025 ], [ -74.155308837999939, 4.646772144000067 ], [ -74.155275675999974, 4.646818581000048 ], [ -74.155257330999973, 4.646844268000052 ], [ -74.155201232999957, 4.646912858000064 ], [ -74.155140782999979, 4.646977618000051 ], [ -74.155076242999939, 4.647038274000067 ], [ -74.155010571999981, 4.647092352000072 ], [ -74.155007885999964, 4.647094563000053 ], [ -74.154936006999947, 4.647146247000023 ], [ -74.154860912999936, 4.647193103000063 ], [ -74.154849223999975, 4.647199798000031 ], [ -74.153939141999956, 4.647714968000059 ], [ -74.153872842999988, 4.647750101000042 ], [ -74.153792295999949, 4.647786721000045 ], [ -74.153709533999972, 4.647817976000056 ], [ -74.15367324999994, 4.647829021000064 ], [ -74.153624912999987, 4.647843734000048 ], [ -74.153538792999939, 4.64786388300007 ], [ -74.15345154399995, 4.647878337000066 ], [ -74.153363540999976, 4.647887035000053 ], [ -74.153275157999985, 4.647889939000038 ], [ -74.153186775999984, 4.647887037000032 ], [ -74.153098771999964, 4.647878340000034 ], [ -74.153011522999975, 4.647863888000074 ], [ -74.152925402999983, 4.647843741000031 ], [ -74.152840780999952, 4.647817985000074 ], [ -74.152773328999956, 4.647792984000034 ], [ -74.152494019999949, 4.647680898000033 ], [ -74.15246638566893, 4.647669808040354 ], [ -74.152184694558414, 4.647556765763938 ], [ -74.151817689999973, 4.647409488000051 ], [ -74.151735677094564, 4.647376575945469 ], [ -74.151696695999988, 4.647360933000073 ], [ -74.151602246999971, 4.647323030000052 ], [ -74.151586936999934, 4.647316777000071 ], [ -74.151506388999962, 4.647280159000047 ], [ -74.151428400999976, 4.647238333000075 ], [ -74.151353305999976, 4.647191477000035 ], [ -74.151281425999969, 4.647139796000033 ], [ -74.151213067999947, 4.647083507000048 ], [ -74.151148525999986, 4.647022853000067 ], [ -74.151127638999981, 4.647001427000021 ], [ -74.150871544999973, 4.646732850000035 ], [ -74.150846976999958, 4.646719089000044 ], [ -74.150782891999938, 4.646683191000022 ], [ -74.15070534299997, 4.646658759000047 ], [ -74.150675798999941, 4.646649075000028 ], [ -74.150593036999965, 4.646617820000074 ], [ -74.150512489999983, 4.64658120200005 ], [ -74.15043450099995, 4.646539376000021 ], [ -74.150359406999939, 4.646492521000027 ], [ -74.150287526999989, 4.646440839000036 ], [ -74.150219168999968, 4.64638455000005 ], [ -74.150195940999936, 4.64636272100006 ], [ -74.150154627999939, 4.646323896000069 ], [ -74.150141191999978, 4.646309503000055 ], [ -74.150094176999971, 4.646259137000072 ], [ -74.150048336999987, 4.646203091000075 ], [ -74.150038077999966, 4.64619054700006 ], [ -74.149989493999954, 4.646122520000063 ], [ -74.149986569999953, 4.646118425000054 ], [ -74.149939871999948, 4.646043076000069 ], [ -74.149898185999973, 4.645964824000032 ], [ -74.149861690999955, 4.645884004000038 ], [ -74.149830540999972, 4.645800962000067 ], [ -74.149804869999969, 4.645716054000047 ], [ -74.149790079999946, 4.64565505500002 ], [ -74.149120491999952, 4.644913411000061 ], [ -74.149106002999986, 4.644897101000026 ], [ -74.14904990399998, 4.644828512000061 ], [ -74.148998395999968, 4.644756389000065 ], [ -74.148951697999962, 4.644681040000023 ], [ -74.148910012999977, 4.644602789000032 ], [ -74.14887351699997, 4.644521969000039 ], [ -74.148842367999976, 4.644438926000021 ], [ -74.148816696999972, 4.644354019000048 ], [ -74.148796616999959, 4.644267607000074 ], [ -74.148782211999958, 4.644180063000022 ], [ -74.148773543999937, 4.644091762000073 ], [ -74.14877065099995, 4.644003079000072 ], [ -74.148773543999937, 4.643914398000049 ], [ -74.148782210999968, 4.643826097000044 ], [ -74.148796614999981, 4.643738552000059 ], [ -74.148800188999985, 4.643723172000023 ], [ -74.148797766999962, 4.643721805000041 ], [ -74.148722671999963, 4.643674950000047 ], [ -74.148697037999966, 4.643656520000036 ], [ -74.148661247999939, 4.643630786000074 ], [ -74.148650792999945, 4.643623268000056 ], [ -74.148632985999939, 4.643609319000063 ], [ -74.14802046799997, 4.643121189000055 ], [ -74.147969916999955, 4.643078849000062 ], [ -74.147905375999983, 4.643018193000046 ], [ -74.147844925999948, 4.642953434000049 ], [ -74.147788826999943, 4.642884845000026 ], [ -74.147737318999987, 4.642812722000031 ], [ -74.147690621999971, 4.642737373000045 ], [ -74.147650372999976, 4.642662035000058 ], [ -74.147642832999964, 4.642659522000031 ], [ -74.14763366699998, 4.642656466000062 ], [ -74.147550904999946, 4.642625211000052 ], [ -74.147470357999964, 4.642588592000038 ], [ -74.147392370999967, 4.64254676500002 ], [ -74.147317276999956, 4.642499910000026 ], [ -74.147245396999949, 4.642448228000035 ], [ -74.147221445239467, 4.642428504772771 ], [ -74.147206154999935, 4.642415914000026 ], [ -74.147177039999974, 4.642391939000049 ], [ -74.147112498999945, 4.642331285000068 ], [ -74.147087404999979, 4.642305425000075 ], [ -74.146762993999971, 4.641962106000051 ], [ -74.146727637999959, 4.641923205000069 ], [ -74.146671539999943, 4.641854616000046 ], [ -74.146620031999987, 4.641782492000061 ], [ -74.146573334999971, 4.641707144000065 ], [ -74.146531649999986, 4.641628892000028 ], [ -74.146495154999968, 4.641548071000045 ], [ -74.146464005999974, 4.641465030000063 ], [ -74.14643833599996, 4.641380122000044 ], [ -74.146418607999976, 4.641295226000068 ], [ -74.146418255999947, 4.641293709000024 ], [ -74.146412126999962, 4.641256462000058 ], [ -74.146403851999935, 4.641206166000075 ], [ -74.146399617999975, 4.641163036000023 ], [ -74.146395183999971, 4.641117864000023 ], [ -74.146392290999984, 4.641029182000068 ], [ -74.146393467999985, 4.640993084000058 ], [ -74.146395183999971, 4.640940501000046 ], [ -74.146403851999935, 4.640852199000051 ], [ -74.146418255999947, 4.640764656000044 ], [ -74.14643833599996, 4.640678244000071 ], [ -74.146464005999974, 4.640593335000062 ], [ -74.146478050999974, 4.64055589000003 ], [ -74.14649434599994, 4.640512449000028 ], [ -74.146495154999968, 4.640510294000023 ], [ -74.146531494999977, 4.640429815000061 ], [ -74.146531649999986, 4.64042947400003 ], [ -74.146573334999971, 4.64035122100006 ], [ -74.146607604999986, 4.640295924000043 ], [ -74.146620031999987, 4.640275873000064 ], [ -74.146671539999943, 4.640203749000023 ], [ -74.146727637999959, 4.640135160000057 ], [ -74.146729835999963, 4.640132805000064 ], [ -74.146788087999937, 4.64007040000007 ], [ -74.146834318999936, 4.640026154000054 ], [ -74.14731193199998, 4.639590223000027 ], [ -74.147449524999956, 4.639441159000057 ], [ -74.147355182999945, 4.639294679000045 ], [ -74.147319855999967, 4.639236690000075 ], [ -74.147304125999938, 4.639208585000063 ], [ -74.147023950999937, 4.638693774000046 ], [ -74.147009741999966, 4.638666321000073 ], [ -74.146997996999971, 4.638643627000022 ], [ -74.146970587999988, 4.638582930000041 ], [ -74.146961501999954, 4.638562807000028 ], [ -74.146957223999948, 4.638551405000044 ], [ -74.146946105173299, 4.63852176100241 ], [ -74.146939638999982, 4.638504523000051 ], [ -74.146930352999959, 4.638479764000067 ], [ -74.146904682999946, 4.638394857000037 ], [ -74.146884603, 4.638308445000064 ], [ -74.146870197999988, 4.638220900000022 ], [ -74.146861820999959, 4.638135556000066 ], [ -74.146861530999956, 4.638132599000073 ], [ -74.14685863699998, 4.638043917000061 ], [ -74.146860924999942, 4.637973802000033 ], [ -74.146861530999956, 4.637955235000049 ], [ -74.146870197999988, 4.637866934000044 ], [ -74.146884601999943, 4.637779390000048 ], [ -74.146904681999956, 4.637692978000075 ], [ -74.14693035199997, 4.637608071000045 ], [ -74.146942460999981, 4.63757578700006 ], [ -74.146961500999964, 4.637525028000027 ], [ -74.146997995999982, 4.637444208000034 ], [ -74.147039680999967, 4.637365956000053 ], [ -74.147086376999937, 4.637290607000068 ], [ -74.14709679799995, 4.637276014000065 ], [ -74.14713788399996, 4.637218484000073 ], [ -74.147148840999989, 4.637205087000041 ], [ -74.147193982999966, 4.63714989500005 ], [ -74.147248606999938, 4.637091375000068 ], [ -74.147254431999954, 4.637085135000063 ], [ -74.147269537999989, 4.637070937000033 ], [ -74.147318971999937, 4.637024480000036 ], [ -74.147337766999954, 4.63700900200007 ], [ -74.147376449783891, 4.636977149463682 ], [ -74.147387328999969, 4.636968191000051 ], [ -74.147418530999971, 4.636945756000046 ], [ -74.14745920699994, 4.636916509000059 ], [ -74.14749214699998, 4.636895955000057 ], [ -74.147534300999951, 4.636869653000076 ], [ -74.147572976999982, 4.636848687000054 ], [ -74.14760155099998, 4.636833198000033 ], [ -74.148055537999937, 4.63660350400005 ], [ -74.148066274999962, 4.636598132000074 ], [ -74.148146820999955, 4.636561513000061 ], [ -74.148229580999953, 4.63653025800005 ], [ -74.148314200999948, 4.636504501000047 ], [ -74.14840032099994, 4.636484353000071 ], [ -74.14848756799995, 4.636469899000076 ], [ -74.148575569999934, 4.636461202000021 ], [ -74.148663950999946, 4.636458298000036 ], [ -74.148704413999951, 4.636459627000022 ], [ -74.148704414057406, 4.636459627066867 ], [ -74.148752331999958, 4.636461201000031 ], [ -74.148840333999942, 4.63646989800003 ], [ -74.148927580999953, 4.636484351000036 ], [ -74.149013700999944, 4.636504499000068 ], [ -74.149048424999989, 4.636515068000051 ], [ -74.14909832099994, 4.636530255000025 ], [ -74.149181081999984, 4.636561510000035 ], [ -74.149190795999971, 4.63656592600006 ], [ -74.149261627999977, 4.63659812800006 ], [ -74.149339614999974, 4.636639955000021 ], [ -74.149414708999984, 4.636686810000072 ], [ -74.149486587999945, 4.636738492000063 ], [ -74.149489914999947, 4.636741063000045 ], [ -74.149516534999975, 4.63674805200003 ], [ -74.14954093372711, 4.636754457953872 ], [ -74.14967736899996, 4.636790279000024 ], [ -74.149839785999973, 4.636832922000053 ], [ -74.149842515999978, 4.636833639000031 ], [ -74.149850184999934, 4.636835676000032 ], [ -74.149934805999976, 4.636861433000036 ], [ -74.150017565999974, 4.636892688000046 ], [ -74.150098112999956, 4.636929307000059 ], [ -74.15012898599997, 4.63694586400004 ], [ -74.150156869535067, 4.636960818884796 ], [ -74.15017454599996, 4.636970299000041 ], [ -74.150176099999953, 4.636971133000031 ], [ -74.150251193999964, 4.637017988000025 ], [ -74.150301178999939, 4.637053926000021 ], [ -74.150323072999981, 4.637069669000027 ], [ -74.150391429999956, 4.637125959000059 ], [ -74.150406092999958, 4.637139739000077 ], [ -74.150455969999939, 4.63718661300004 ], [ -74.150516419999974, 4.637251372000037 ], [ -74.150572518999979, 4.63731996000007 ], [ -74.150624025999946, 4.637392084000055 ], [ -74.150670722999962, 4.637467432000051 ], [ -74.150712408999937, 4.637545684000031 ], [ -74.150748903999954, 4.637626504000025 ], [ -74.150780052999949, 4.637709546000053 ], [ -74.150805723999952, 4.637794454000073 ], [ -74.150825803999965, 4.637880866000046 ], [ -74.150840208999966, 4.637968409000052 ], [ -74.150847789999943, 4.63804140700006 ], [ -74.150859290999961, 4.638191418000076 ], [ -74.150866004999955, 4.638278994000075 ], [ -74.150867656484181, 4.638300540894024 ], [ -74.15087386099998, 4.638381466000055 ], [ -74.150904071604103, 4.638775547366439 ], [ -74.15090485199994, 4.638785721000033 ], [ -74.150916494999933, 4.638937604000034 ], [ -74.150933211999984, 4.638984204000053 ], [ -74.150958881999941, 4.639069111000026 ], [ -74.150978962999943, 4.639155523000056 ], [ -74.150993367999945, 4.639243067000052 ], [ -74.150997288999974, 4.639276075000055 ], [ -74.151024227999983, 4.639529181000057 ], [ -74.151028973999985, 4.63958447300007 ], [ -74.151029195999968, 4.639587941000059 ], [ -74.15110703199997, 4.639623429000039 ], [ -74.151185018999968, 4.639665256000058 ], [ -74.151260112999978, 4.639712111000051 ], [ -74.151331991999939, 4.639763792000053 ], [ -74.15140034999996, 4.639820081000039 ], [ -74.151464890999989, 4.639880735000077 ], [ -74.151525340999967, 4.639945495000063 ], [ -74.151581439999973, 4.64001408300004 ], [ -74.151624906999984, 4.640074268000035 ], [ -74.15176022199995, 4.640272865000043 ], [ -74.151768261999962, 4.640284802000053 ], [ -74.151814959999967, 4.640360150000049 ], [ -74.151856644999953, 4.640438403000076 ], [ -74.15189314099996, 4.640519223000069 ], [ -74.151924290999943, 4.640602265000041 ], [ -74.151949960999957, 4.640687172000071 ], [ -74.151970041999959, 4.640773584000044 ], [ -74.151977878999958, 4.640816758000028 ], [ -74.152065070999981, 4.641345459000036 ], [ -74.152067992999946, 4.641345363000028 ], [ -74.152156374999947, 4.641348266000023 ], [ -74.152223434999939, 4.641354362000072 ], [ -74.152845050999986, 4.641426582000065 ], [ -74.152865992999978, 4.641429182000024 ], [ -74.152953240999977, 4.641443634000041 ], [ -74.153039360999969, 4.641463781000027 ], [ -74.153123981999954, 4.64148953800003 ], [ -74.153206742999942, 4.641520792000051 ], [ -74.15328728999998, 4.641557411000065 ], [ -74.153365277999967, 4.641599236000047 ], [ -74.153440371999977, 4.641646091000041 ], [ -74.153452391999963, 4.641654732000063 ], [ -74.153512251999985, 4.641697772000043 ], [ -74.153580609999949, 4.641754060000039 ] ], [ [ -74.153838096907734, 4.641992776034323 ], [ -74.153838096907734, 4.641992776034324 ], [ -74.153838096999948, 4.641992776000052 ], [ -74.153838096907734, 4.641992776034323 ] ], [ [ -74.154214369002403, 4.642570053273043 ], [ -74.154214369002403, 4.642570053273045 ], [ -74.154214369999977, 4.642570053000043 ], [ -74.154214369002403, 4.642570053273043 ] ], [ [ -74.15419800437877, 4.643965214328098 ], [ -74.15419800437877, 4.643965214328099 ], [ -74.154198004999955, 4.643965214000048 ], [ -74.15419800437877, 4.643965214328098 ] ], [ [ -74.155593627053378, 4.645963155433266 ], [ -74.155593627053378, 4.645963155433273 ], [ -74.155593627999963, 4.64596315700004 ], [ -74.155593627053378, 4.645963155433266 ] ], [ [ -74.155010571270893, 4.647092351796885 ], [ -74.155010571270893, 4.647092351796887 ], [ -74.155010571999981, 4.647092352000072 ], [ -74.155010571270893, 4.647092351796885 ] ], [ [ -74.149989494337404, 4.646122519697798 ], [ -74.149989494337404, 4.646122519697795 ], [ -74.149989493999954, 4.646122520000063 ], [ -74.149989494337404, 4.646122519697798 ] ], [ [ -74.147009742370201, 4.638666320807614 ], [ -74.147009742370201, 4.638666320807612 ], [ -74.147009741999966, 4.638666321000073 ], [ -74.147009742370201, 4.638666320807614 ] ], [ [ -74.146957224790043, 4.638551404497952 ], [ -74.146957224790043, 4.638551404497949 ], [ -74.146957223999948, 4.638551405000044 ], [ -74.146957224790043, 4.638551404497952 ] ], [ [ -74.146860925097229, 4.637973801920023 ], [ -74.146860925097229, 4.637973801920017 ], [ -74.146860924999942, 4.637973802000033 ], [ -74.146860925097229, 4.637973801920023 ] ], [ [ -74.146942461321487, 4.637575787354926 ], [ -74.146942461321487, 4.637575787354923 ], [ -74.146942460999981, 4.63757578700006 ], [ -74.146942461321487, 4.637575787354926 ] ], [ [ -74.150873860429854, 4.638381466614502 ], [ -74.150873860429854, 4.638381466614503 ], [ -74.15087386099998, 4.638381466000055 ], [ -74.150873860429854, 4.638381466614502 ] ], [ [ -74.153452391236925, 4.641654732711017 ], [ -74.153452391236925, 4.64165473271102 ], [ -74.153452391999963, 4.641654732000063 ], [ -74.153452391236925, 4.641654732711017 ] ] ] } },
{ "type": "Feature", "properties": { "nombre": "Humedal del Meandro del Say", "id": 0, "cobertura": "Pastos", "periodo": 2014, "fechaini": "2000-01-01T00:00:00", "fechafin": "2020-01-01T00:00:00", "Shape_Leng": 0.054208163595599997, "Shape_Area": 2.9833353871300001e-06 }, "geometry": { "type": "Polygon", "coordinates": [ [ [ -74.166571054999963, 4.670709974000033 ], [ -74.166587235999941, 4.670752400000026 ], [ -74.166631282999958, 4.670867887000043 ], [ -74.166753168999946, 4.671187462000034 ], [ -74.167117977999965, 4.671044530000074 ], [ -74.167529161999937, 4.670883429000071 ], [ -74.167558485999962, 4.67087194000004 ], [ -74.167620113999988, 4.670847795000043 ], [ -74.167709229999957, 4.670812879000039 ], [ -74.167798066999978, 4.670781606000048 ], [ -74.16788885699998, 4.670756614000027 ], [ -74.167981161999933, 4.670738025000048 ], [ -74.168074531999935, 4.670725928000024 ], [ -74.16816851599998, 4.670720385000038 ], [ -74.168262654999978, 4.670721420000064 ], [ -74.168356494999955, 4.670729029000029 ], [ -74.168449578999969, 4.670743175000041 ], [ -74.168541454999968, 4.670763788000045 ], [ -74.16863167799994, 4.670790770000053 ], [ -74.16871980999997, 4.670823989000041 ], [ -74.168805422999981, 4.670863285000053 ], [ -74.168888100999936, 4.670908465000025 ], [ -74.168967443999975, 4.670959311000047 ], [ -74.169043065999972, 4.671015576000059 ], [ -74.169114600999933, 4.671076989000028 ], [ -74.169181699999967, 4.671143249000067 ], [ -74.169244037999988, 4.671214035000048 ], [ -74.169301312999949, 4.671289003000027 ], [ -74.169353247999936, 4.671367792000069 ], [ -74.169399588999966, 4.671450017000041 ], [ -74.16958819499996, 4.67181368100006 ], [ -74.169591478999962, 4.671820013000058 ], [ -74.169632190999948, 4.671898512000041 ], [ -74.169664200999989, 4.671966038000051 ], [ -74.169673792999959, 4.671986272000026 ], [ -74.169706777999977, 4.672071026000026 ], [ -74.169709022999939, 4.672076795000066 ], [ -74.169737699999985, 4.672169618000055 ], [ -74.169759677999934, 4.672264263000045 ], [ -74.169774842999971, 4.67236024500005 ], [ -74.169783116999952, 4.672457069000075 ], [ -74.169784457999981, 4.672554240000068 ], [ -74.169778858999962, 4.67265125800003 ], [ -74.169766348999985, 4.672747624000067 ], [ -74.169746991999943, 4.672842843000069 ], [ -74.169720886999983, 4.672936428000071 ], [ -74.169688167999936, 4.673027896000065 ], [ -74.16964900499994, 4.673116776000029 ], [ -74.169603595999945, 4.673202615000037 ], [ -74.169552176999957, 4.673284970000054 ], [ -74.169495010999981, 4.673363417000076 ], [ -74.169432390999987, 4.673437556000067 ], [ -74.169364639999969, 4.673507003000054 ], [ -74.169292104999954, 4.673571404000029 ], [ -74.169215159999965, 4.673630427000035 ], [ -74.169134197999938, 4.673683767000057 ], [ -74.169049806999965, 4.673731058000044 ], [ -74.169049636999944, 4.673731153000062 ], [ -74.16899381199994, 4.67375736300005 ], [ -74.16896190999995, 4.673772341000074 ], [ -74.168724822999934, 4.673873412000034 ], [ -74.168228596999938, 4.674118074000035 ], [ -74.168167878999952, 4.674146162000056 ], [ -74.168105849999961, 4.674171203000071 ], [ -74.168042660999959, 4.674193133000074 ], [ -74.167661567999971, 4.674314902000049 ], [ -74.167290339999965, 4.674471572000073 ], [ -74.167204530999982, 4.674504390000038 ], [ -74.167116697999973, 4.674531286000047 ], [ -74.167027247999954, 4.674552134000066 ], [ -74.166936592999946, 4.674566839000022 ], [ -74.166640209999969, 4.674604597000041 ], [ -74.166377902999955, 4.674651934000053 ], [ -74.166326581999954, 4.674659389000055 ], [ -74.166365127999939, 4.674705860000074 ], [ -74.166387970999949, 4.674736419000055 ], [ -74.166520510999987, 4.67491904000002 ], [ -74.166568474999963, 4.674989709000045 ], [ -74.166611905999957, 4.67506326900002 ], [ -74.166650628999946, 4.675139429000069 ], [ -74.166653474999976, 4.675146020000057 ], [ -74.166672307999988, 4.675189656000043 ], [ -74.166684491999945, 4.675217886000041 ], [ -74.16671335999996, 4.675298330000032 ], [ -74.166724220999981, 4.675335868000047 ], [ -74.166737115999979, 4.675380438000047 ], [ -74.166801454999984, 4.675632200000052 ], [ -74.166817985999955, 4.675705205000042 ], [ -74.166830474999983, 4.675779015000046 ], [ -74.166838885999937, 4.675853403000076 ], [ -74.166867751999973, 4.67619196000004 ], [ -74.166875137999966, 4.676254277000055 ], [ -74.167064312999969, 4.676016985000047 ], [ -74.167100056999971, 4.675974 ], [ -74.16750832699995, 4.67550312700007 ], [ -74.16778637799996, 4.675165246000063 ], [ -74.167815533999942, 4.675130992000049 ], [ -74.168246629999942, 4.674641223000037 ], [ -74.168308921999937, 4.674575066000045 ], [ -74.168375497999989, 4.674513252000054 ], [ -74.168446055999937, 4.674456058000032 ], [ -74.168690497999989, 4.67427116500005 ], [ -74.168764640999939, 4.674218900000028 ], [ -74.168842107999978, 4.674171740000077 ], [ -74.168922549999934, 4.674129894000032 ], [ -74.169005605999985, 4.674093551000055 ], [ -74.169090901999937, 4.674062873000025 ], [ -74.169135713999935, 4.674050084000044 ], [ -74.169178056999954, 4.674038 ], [ -74.169197303999965, 4.674033881000071 ], [ -74.16926667599995, 4.674019042000054 ], [ -74.169466356999976, 4.673983301000021 ], [ -74.169553161999943, 4.673970666000059 ], [ -74.16964059999998, 4.673963706000052 ], [ -74.169728304999978, 4.673962453000058 ], [ -74.16981590599994, 4.673966911000036 ], [ -74.169903033999958, 4.673977062000063 ], [ -74.169989322999982, 4.673992861000045 ], [ -74.170074406999959, 4.674014244000034 ], [ -74.170157929999959, 4.674041120000027 ], [ -74.170346846999962, 4.674108769000043 ], [ -74.17043818999997, 4.674145289000023 ], [ -74.170526644999939, 4.674188375000028 ], [ -74.170611743999984, 4.67423780200005 ], [ -74.170693034999942, 4.674293305000049 ], [ -74.170770087999983, 4.674354593000032 ], [ -74.170842496999967, 4.674421340000038 ], [ -74.170969645999946, 4.674547408000024 ], [ -74.170980386999986, 4.67455805700007 ], [ -74.171043065999982, 4.674624545000029 ], [ -74.171068114999969, 4.674654992000058 ], [ -74.171101131999933, 4.674695124000039 ], [ -74.171133663999967, 4.674740598000028 ], [ -74.171154319999971, 4.674769471000047 ], [ -74.171202388999973, 4.674847250000028 ], [ -74.171245118999934, 4.674928105000049 ], [ -74.171282315999974, 4.675011668000025 ], [ -74.171313809999958, 4.675097558000061 ], [ -74.171339457999977, 4.675185384000031 ], [ -74.171404263999989, 4.67543869800005 ], [ -74.171471939999947, 4.675705837000066 ], [ -74.171537505999936, 4.675964646000068 ], [ -74.171603865999941, 4.676138881000043 ], [ -74.171661803999939, 4.67615663600003 ], [ -74.171798854999963, 4.676198637000027 ], [ -74.171848404999935, 4.676213740000037 ], [ -74.17194130699994, 4.676245631000029 ], [ -74.172031652999976, 4.676284213000031 ], [ -74.172118965999971, 4.676329279000072 ], [ -74.172202784999968, 4.676380593000033 ], [ -74.172282664999955, 4.676437882000073 ], [ -74.172358183999961, 4.676500844000032 ], [ -74.172428944999979, 4.676569147000066 ], [ -74.172494570999959, 4.676642427000047 ], [ -74.172554714999933, 4.676720300000056 ], [ -74.172609060999946, 4.676802351000049 ], [ -74.172657319999985, 4.676888149000035 ], [ -74.17269923799995, 4.676977237000074 ], [ -74.172734591999983, 4.677069147000054 ], [ -74.172763195999948, 4.677163391000022 ], [ -74.172784897999975, 4.67725947200006 ], [ -74.17279958499995, 4.677356881000037 ], [ -74.172807176999981, 4.677455103000057 ], [ -74.17280763499997, 4.677553620000026 ], [ -74.172800956999936, 4.677651909000076 ], [ -74.172787176999975, 4.677749451000068 ], [ -74.172766368999987, 4.677845731000048 ], [ -74.172738642999946, 4.677940240000055 ], [ -74.172704144999955, 4.678032476000055 ], [ -74.172663057999955, 4.678121953000073 ], [ -74.172615598999982, 4.67820819800005 ], [ -74.17256201899994, 4.678290755000035 ], [ -74.172502600999962, 4.678369187000044 ], [ -74.172437658999968, 4.678443079000033 ], [ -74.172428102999959, 4.678453122000064 ], [ -74.172366748999934, 4.678513769000062 ], [ -74.172301628999946, 4.678570326000056 ], [ -74.172233012999982, 4.67862255600005 ], [ -74.172151468999971, 4.678678418000061 ], [ -74.172103767999943, 4.67870630300007 ], [ -74.172022684999945, 4.678751503000058 ], [ -74.171984304999967, 4.678772094000067 ], [ -74.171944904999975, 4.678791615000023 ], [ -74.171602553999946, 4.678954339000029 ], [ -74.171516689999976, 4.678991556000028 ], [ -74.171428466999942, 4.679022726000028 ], [ -74.171338305999939, 4.679047698000034 ], [ -74.171246638999946, 4.679066354000042 ], [ -74.171153904999983, 4.67907860300005 ], [ -74.171060549999936, 4.679084386000056 ], [ -74.170727202999956, 4.679093437000063 ], [ -74.170636994999938, 4.67909286400004 ], [ -74.170591852999962, 4.679089548000036 ], [ -74.170547025999952, 4.679086255000072 ], [ -74.170457695999971, 4.679073637000045 ], [ -74.170369405999963, 4.679055068000025 ], [ -74.170282545999953, 4.679030631000046 ], [ -74.170197504999976, 4.679000433000056 ], [ -74.170114660999957, 4.678964611000026 ], [ -74.170034383999962, 4.67892332200006 ], [ -74.169710040999973, 4.678742544000045 ], [ -74.169626112999936, 4.678691683000068 ], [ -74.169546081999954, 4.678634851000027 ], [ -74.169470366999974, 4.678572345000021 ], [ -74.169399369999951, 4.678504497000063 ], [ -74.169333462999987, 4.678431662000037 ], [ -74.16920689799997, 4.678281168000069 ], [ -74.168347922999942, 4.679094735000035 ], [ -74.168284109999945, 4.679151464000029 ], [ -74.168216857999937, 4.679204042000038 ], [ -74.168146435999972, 4.679252262000034 ], [ -74.168073123999989, 4.67929593100007 ], [ -74.167289319999952, 4.679729849000068 ], [ -74.167211332999955, 4.679769772000043 ], [ -74.167130932999953, 4.679804546000071 ], [ -74.167048457999954, 4.679834023000069 ], [ -74.166964252999946, 4.67985808100002 ], [ -74.166603879999968, 4.679948486000058 ], [ -74.166523369999936, 4.679966084000057 ], [ -74.166441941999949, 4.679978729000027 ], [ -74.16635989599996, 4.679986370000051 ], [ -74.166277538999964, 4.679988979000029 ], [ -74.166195176999963, 4.679986548000045 ], [ -74.165803174999951, 4.679962959000022 ], [ -74.165751431999979, 4.679959846000031 ], [ -74.165744706999988, 4.679959441000051 ], [ -74.165656731999945, 4.679951245000041 ], [ -74.165582491999942, 4.679939378000029 ], [ -74.165569479999988, 4.679937298000027 ], [ -74.165483322999989, 4.679917661000047 ], [ -74.165398628999981, 4.679892417000076 ], [ -74.165315759999942, 4.679861675000041 ], [ -74.165072503999966, 4.679762247000042 ], [ -74.164990559999978, 4.679725526000027 ], [ -74.164911227999937, 4.679683428000033 ], [ -74.164834854999981, 4.67963614100006 ], [ -74.164761777999956, 4.679583871000034 ], [ -74.164692319999972, 4.679526851000048 ], [ -74.164636998999981, 4.67947491700005 ], [ -74.164626787999964, 4.679465331000074 ], [ -74.164600870999948, 4.679439331000026 ], [ -74.164338480999959, 4.679176075000044 ], [ -74.164272209999979, 4.679104619000043 ], [ -74.164211234999982, 4.679028564000021 ], [ -74.164155870999934, 4.678948305000063 ], [ -74.164106404999984, 4.678864257000043 ], [ -74.164063091999935, 4.678776857000059 ], [ -74.164026159999935, 4.678686558000038 ], [ -74.164025816999981, 4.678685512000072 ], [ -74.164019448999966, 4.678666063000037 ], [ -74.163995796999984, 4.678593826000053 ], [ -74.163972161999936, 4.678499143000067 ], [ -74.163915302999953, 4.678230715000041 ], [ -74.163836597999989, 4.678292288000023 ], [ -74.163769463999984, 4.678341551000074 ], [ -74.163699436999934, 4.678386576000037 ], [ -74.163461495999968, 4.67852939900007 ], [ -74.163415751999935, 4.678556856000057 ], [ -74.163153780999949, 4.678714104000051 ], [ -74.163408883999978, 4.678934214000037 ], [ -74.16340888387856, 4.678934214087412 ], [ -74.16340888387856, 4.678934214087414 ], [ -74.163432017603242, 4.678954174529218 ], [ -74.16360756399996, 4.679105641000035 ], [ -74.163674897999954, 4.679167840000048 ], [ -74.163737881999964, 4.67923446900005 ], [ -74.163796225999988, 4.679305224000075 ], [ -74.164039679999973, 4.679621850000046 ], [ -74.164093431999959, 4.679696915000022 ], [ -74.164141960999984, 4.679775479000057 ], [ -74.164185042999975, 4.67985717800002 ], [ -74.164196727, 4.679883534000055 ], [ -74.164222478999989, 4.679941632000066 ], [ -74.164223885999945, 4.679945496000073 ], [ -74.164254091999965, 4.680028449000076 ], [ -74.164279736999958, 4.680117224000071 ], [ -74.164299293999989, 4.680207546000076 ], [ -74.164312673999973, 4.680298996000033 ], [ -74.164319810999984, 4.680391148000069 ], [ -74.164328825999974, 4.680599055000073 ], [ -74.164329603999988, 4.680694841000047 ], [ -74.164323639999964, 4.680790443000035 ], [ -74.164310962999934, 4.680885384000021 ], [ -74.164291636999963, 4.680979189000027 ], [ -74.164265758999989, 4.681071392000035 ], [ -74.164233457999956, 4.681161532000033 ], [ -74.163981209999974, 4.681794302000071 ], [ -74.163948488999949, 4.681869672000062 ], [ -74.163911274999975, 4.681942915000036 ], [ -74.163869704999968, 4.682013761000064 ], [ -74.163823932999946, 4.682081950000054 ], [ -74.163774125999964, 4.682147229000066 ], [ -74.163250881999943, 4.682791565000059 ], [ -74.163250881805624, 4.682791564868528 ], [ -74.163166197004955, 4.68289584783081 ], [ -74.163122531999988, 4.682949618000066 ], [ -74.163063063999971, 4.683022848000064 ], [ -74.163025459999972, 4.683069155000055 ], [ -74.162981318999982, 4.683123511000076 ], [ -74.162936848999948, 4.683175531000074 ], [ -74.16288981699995, 4.683225229000072 ], [ -74.162840340999935, 4.683272480000028 ], [ -74.162083562999953, 4.683959497000046 ], [ -74.162081943999965, 4.683960887000069 ], [ -74.162038338999935, 4.683998338000038 ], [ -74.162027131999935, 4.684007963000056 ], [ -74.161968132999959, 4.68405324500003 ], [ -74.161906742999975, 4.684095206000052 ], [ -74.16189768199996, 4.684100693000062 ], [ -74.161843147999946, 4.684133719000044 ], [ -74.161032306999971, 4.684594750000031 ], [ -74.160949276999986, 4.684638217000042 ], [ -74.160863445999951, 4.684675810000044 ], [ -74.160775225999942, 4.684707348000074 ], [ -74.160685040999965, 4.684732681000071 ], [ -74.160593322999944, 4.684751686000027 ], [ -74.160500514999967, 4.684764271000063 ], [ -74.160050042999956, 4.684809477000044 ], [ -74.159964927999965, 4.68481530300005 ], [ -74.159915570999942, 4.684816209000076 ], [ -74.159384012999965, 4.684816219000027 ], [ -74.159291756999949, 4.684813058000032 ], [ -74.159199930999989, 4.684803584000065 ], [ -74.159108963999984, 4.684787844000027 ], [ -74.159019278999949, 4.684765909000021 ], [ -74.158931296999981, 4.684737883000025 ], [ -74.158845425999971, 4.68470389600003 ], [ -74.158762068999977, 4.68466410800005 ], [ -74.158681612999942, 4.684618701000034 ], [ -74.158604434999972, 4.684567891000029 ], [ -74.158530893999966, 4.684511913000051 ], [ -74.158461332999934, 4.684451027000023 ], [ -74.158448783999972, 4.684439263000058 ], [ -74.158381175999978, 4.684375881000051 ], [ -74.158315419999951, 4.684314234000055 ], [ -74.158276809999961, 4.68427803700007 ], [ -74.158200506999947, 4.684206501000062 ], [ -74.158156068999972, 4.68416484100004 ], [ -74.157911746999957, 4.683935786000063 ], [ -74.157896435999987, 4.683921206000036 ], [ -74.157885008999983, 4.683910021000031 ], [ -74.157352200999981, 4.683382307000045 ], [ -74.157303835999983, 4.683334406000029 ], [ -74.157182260999946, 4.683213992000049 ], [ -74.157119098999942, 4.683147031000033 ], [ -74.157085004999942, 4.683105571000056 ], [ -74.157060619999982, 4.683075916000064 ], [ -74.157049263999966, 4.683060020000028 ], [ -74.157007090999969, 4.683000981000021 ], [ -74.156958761999988, 4.682922568000038 ], [ -74.156915854999966, 4.682841042000064 ], [ -74.156358010999952, 4.681687754000052 ], [ -74.155938798999955, 4.681040679000034 ], [ -74.155460663999975, 4.68031717100007 ], [ -74.155302879999965, 4.680153 ], [ -74.155238410999971, 4.680080942000075 ], [ -74.155179232999956, 4.680004451000059 ], [ -74.155125645999988, 4.679923916000064 ], [ -74.155077924999944, 4.679839751000031 ], [ -74.155036311999936, 4.67975238300005 ], [ -74.15500101899994, 4.679662258000064 ], [ -74.154972227999963, 4.679569835000052 ], [ -74.15495008399995, 4.67947558700007 ], [ -74.154934699999956, 4.679379993000055 ], [ -74.154871628999956, 4.678873783000029 ], [ -74.154863617999979, 4.678786821000074 ], [ -74.154861204999975, 4.678699522000045 ], [ -74.154864396999983, 4.678612248000036 ], [ -74.15487318199996, 4.678525361000027 ], [ -74.154887522999957, 4.678439223000055 ], [ -74.154897725999945, 4.67839549200005 ], [ -74.15490736199996, 4.678354188000071 ], [ -74.154908777999935, 4.678349501000071 ], [ -74.15493261499995, 4.678270611000073 ], [ -74.155121804999965, 4.677710162000039 ], [ -74.15515092399994, 4.677631921000057 ], [ -74.155184786999939, 4.67755562900004 ], [ -74.155223267999986, 4.677481572000033 ], [ -74.155266218999941, 4.677410033000058 ], [ -74.155313478999972, 4.677341283000032 ], [ -74.155364866999946, 4.67727558200005 ], [ -74.155473733999941, 4.677144893000047 ], [ -74.155518121999989, 4.677091607000023 ], [ -74.155869383999971, 4.676669931000049 ], [ -74.155925815999979, 4.676606353000068 ], [ -74.155986113999973, 4.67654645500005 ], [ -74.156050038999979, 4.676490472000069 ], [ -74.156485252999971, 4.676132844000051 ], [ -74.156531390999987, 4.676094932000069 ], [ -74.157015612999942, 4.675697033000063 ], [ -74.157186357999933, 4.675506676000055 ], [ -74.157190121999975, 4.675502480000034 ], [ -74.157257925999943, 4.675432164000028 ], [ -74.157330606999949, 4.675366938000025 ], [ -74.157407786999954, 4.67530713900004 ], [ -74.157414939999967, 4.675302381000051 ], [ -74.157489062999957, 4.675253080000061 ], [ -74.157574012999987, 4.675205043000062 ], [ -74.157662193999954, 4.675163277000024 ], [ -74.157753146999937, 4.675128 ], [ -74.157846398999936, 4.675099395000075 ], [ -74.158207718999961, 4.675002713000026 ], [ -74.158587951999948, 4.674872832000062 ], [ -74.158681644999945, 4.674844581000059 ], [ -74.158758426999952, 4.674826822000057 ], [ -74.159778911999979, 4.67462202300004 ], [ -74.160000803999935, 4.674577491000036 ], [ -74.160463855999978, 4.674436879000041 ], [ -74.161045247999937, 4.67408812900004 ], [ -74.161273435999988, 4.673887786000023 ], [ -74.161382469999978, 4.673738268000022 ], [ -74.161503258999971, 4.673486892000028 ], [ -74.161574965999989, 4.67315891800007 ], [ -74.161586481999962, 4.673106248000067 ], [ -74.161857159999954, 4.671868213000039 ], [ -74.161878036999951, 4.671785795000062 ], [ -74.162005768999961, 4.671340572000076 ], [ -74.162049200999945, 4.671189187000039 ], [ -74.162076610999975, 4.671104265000054 ], [ -74.162109530999942, 4.67102133800006 ], [ -74.162147816999948, 4.670940765000068 ], [ -74.162409074999971, 4.67043454800006 ], [ -74.162448834999964, 4.670362902000022 ], [ -74.162492838999981, 4.670293799000035 ], [ -74.162540925999963, 4.670227492000038 ], [ -74.162556452999979, 4.670207460000029 ], [ -74.162606908999976, 4.670142367000039 ], [ -74.162639191999972, 4.670100717000025 ], [ -74.162794627999972, 4.669900188000042 ], [ -74.162803008999958, 4.669890118000069 ], [ -74.162854870999979, 4.669827811000062 ], [ -74.162865094999972, 4.669816639000032 ], [ -74.162877265999953, 4.669803341000033 ], [ -74.163012676999983, 4.669658978000029 ], [ -74.163079493999987, 4.669592536000039 ], [ -74.163150755999936, 4.669530920000057 ], [ -74.163226116999965, 4.669474427000068 ], [ -74.163305213999934, 4.669423333000054 ], [ -74.163387659999955, 4.669377882000049 ], [ -74.163441775999956, 4.669352798000034 ], [ -74.163473058999955, 4.669338297000024 ], [ -74.163488910999945, 4.66933225300005 ], [ -74.163560995999944, 4.669304769000064 ], [ -74.163886863999949, 4.66919354700002 ], [ -74.163969067999972, 4.669165961000033 ], [ -74.164052948999938, 4.669144037000024 ], [ -74.164138119999961, 4.669127876000061 ], [ -74.164155205999975, 4.669125181000027 ], [ -74.164250101999983, 4.669110217000025 ], [ -74.164332394999974, 4.669099825000046 ], [ -74.16434547199998, 4.669098987000041 ], [ -74.164415168999938, 4.669094518000065 ], [ -74.164441776999979, 4.669094453000071 ], [ -74.164498110999943, 4.669094316000042 ], [ -74.164580908999937, 4.669099219000032 ], [ -74.164929244999939, 4.669130637000023 ], [ -74.165024191999976, 4.669142614000066 ], [ -74.165118055999983, 4.669161303000067 ], [ -74.165210366999986, 4.669186609000064 ], [ -74.165300660999947, 4.669218406000027 ], [ -74.165388486999973, 4.669256536000034 ], [ -74.165473402999964, 4.669300805000034 ], [ -74.165554982999936, 4.669350993000023 ], [ -74.165632819999985, 4.669406848000051 ], [ -74.165706520999947, 4.669468090000066 ], [ -74.165907737999987, 4.669647710000049 ], [ -74.16594589999994, 4.669681776000061 ], [ -74.166016320999972, 4.669749356000068 ], [ -74.166081704999954, 4.669821852000041 ], [ -74.166141711999956, 4.669898888000034 ], [ -74.166163600999937, 4.669931597000073 ], [ -74.166184055779951, 4.669962165135473 ], [ -74.166196031999959, 4.669980062000036 ], [ -74.166244379999966, 4.670064952000075 ], [ -74.166493960999958, 4.670542346000047 ], [ -74.166505662999953, 4.670564729000034 ], [ -74.166514449999966, 4.670582491000062 ], [ -74.166532520999965, 4.670619020000061 ], [ -74.166571054999963, 4.670709974000033 ] ], [ [ -74.167117978389314, 4.671044530178404 ], [ -74.167117978389314, 4.671044530178403 ], [ -74.167117977999965, 4.671044530000074 ], [ -74.167117978389314, 4.671044530178404 ] ], [ [ -74.16507914999994, 4.675279270000033 ], [ -74.165289063999978, 4.675365357000032 ], [ -74.165155610999989, 4.675310627000044 ], [ -74.16507914999994, 4.675279270000033 ] ], [ [ -74.162368137999977, 4.675600200000076 ], [ -74.162284430999989, 4.67568118500003 ], [ -74.162317822999967, 4.67564888000004 ], [ -74.162368137999977, 4.675600200000076 ] ], [ [ -74.162441807999983, 4.675528927000073 ], [ -74.162551479999934, 4.67542282200003 ], [ -74.162368137999977, 4.675600200000076 ], [ -74.162441807999983, 4.675528927000073 ] ], [ [ -74.165715852999938, 4.678297580000049 ], [ -74.165725899999984, 4.678300770000021 ], [ -74.165998327999944, 4.678387261000069 ], [ -74.165715852999938, 4.678297580000049 ] ], [ [ -74.162891480999974, 4.676521972000046 ], [ -74.162770870999964, 4.676609631000076 ], [ -74.163047474999985, 4.676408601000048 ], [ -74.16298074499997, 4.676457098000071 ], [ -74.162901284999975, 4.676514847000021 ], [ -74.162891480999974, 4.676521972000046 ] ], [ [ -74.156843859999981, 4.677876249000064 ], [ -74.156852797999989, 4.677801508000073 ], [ -74.156846845999951, 4.677851275000023 ], [ -74.156843859999981, 4.677876249000064 ] ], [ [ -74.160071990730899, 4.678491083807823 ], [ -74.160022996999942, 4.678556622000031 ], [ -74.159947408999983, 4.678657738000027 ], [ -74.160071990730899, 4.678491083807823 ] ], [ [ -74.16251077149802, 4.677221733702758 ], [ -74.162561661999973, 4.677180885000041 ], [ -74.162587173999952, 4.677160405000052 ], [ -74.16251077149802, 4.677221733702758 ] ], [ [ -74.165692010999976, 4.678179960000023 ], [ -74.16566789899997, 4.678159623000056 ], [ -74.165677359999961, 4.67816760300002 ], [ -74.165692010999976, 4.678179960000023 ] ], [ [ -74.16156996899997, 4.68198879800002 ], [ -74.161513956999954, 4.682042530000047 ], [ -74.161517027999935, 4.682039585000041 ], [ -74.16156996899997, 4.68198879800002 ] ], [ [ -74.159690394999984, 4.683795966000048 ], [ -74.159650539999973, 4.683831514000076 ], [ -74.159693446999938, 4.68379324600005 ], [ -74.159690394999984, 4.683795966000048 ] ], [ [ -74.159154721999982, 4.683970242000044 ], [ -74.159154719999947, 4.68388892400003 ], [ -74.159154720999936, 4.683935801000075 ], [ -74.159154721999982, 4.683970242000044 ] ] ] } },
{ "type": "Feature", "properties": { "nombre": "Humedal del Salitre", "id": 0, "cobertura": "Arbustales", "periodo": 1990, "fechaini": "1970-01-01T00:00:00", "fechafin": "1990-01-01T00:00:00", "Shape_Leng": 0.0015427136875000001, "Shape_Area": 1.38298636726e-07 }, "geometry": { "type": "Polygon", "coordinates": [ [ [ -74.091637756999944, 4.662842725000075 ], [ -74.091681981999955, 4.662904658000059 ], [ -74.091689259999953, 4.662914852000029 ], [ -74.091735952999954, 4.662990205000028 ], [ -74.091777632999936, 4.663068460000034 ], [ -74.091807949999975, 4.66313561000004 ], [ -74.091808838999953, 4.663137579000022 ], [ -74.091814027999988, 4.663149071000021 ], [ -74.091814122999949, 4.663149283000052 ], [ -74.09184526699994, 4.66323232700006 ], [ -74.091847635999954, 4.663239395000062 ], [ -74.091904830999965, 4.663411602000053 ], [ -74.091928125999971, 4.663489445000039 ], [ -74.091948199999933, 4.663575857000069 ], [ -74.091952336999952, 4.663601008000057 ], [ -74.091962597999952, 4.663663402000054 ], [ -74.09197125999998, 4.663751705000038 ], [ -74.091974145999984, 4.66384038700005 ], [ -74.091974112999935, 4.664261325000041 ], [ -74.091973182999936, 4.664311511000051 ], [ -74.091963690168953, 4.664568146702335 ], [ -74.091960200999949, 4.664662487000044 ], [ -74.091958624768765, 4.664705088204297 ], [ -74.091952353580837, 4.664874627798983 ], [ -74.091949246999945, 4.664958622000029 ], [ -74.091947350999988, 4.665009871000052 ], [ -74.092031657999939, 4.665186135000056 ], [ -74.092061864999948, 4.665253998000026 ], [ -74.092093007999949, 4.665337042000033 ], [ -74.09211867199997, 4.66542195300002 ], [ -74.092127967999943, 4.66545883200007 ], [ -74.092223283999942, 4.665860645000066 ], [ -74.092234062999978, 4.665910179000036 ], [ -74.09224846099994, 4.665997723000032 ], [ -74.092257121999978, 4.666086025000027 ], [ -74.092260008999972, 4.666174708000028 ], [ -74.092257108999945, 4.666263389000051 ], [ -74.092255696999985, 4.666282835000061 ], [ -74.092222841999956, 4.666694499000073 ], [ -74.092241982999951, 4.666722481000022 ], [ -74.092288674999963, 4.666797834000022 ], [ -74.092289924999989, 4.666800180000052 ], [ -74.092330354999945, 4.666876089000027 ], [ -74.092366844999958, 4.666956911000057 ], [ -74.092397988999949, 4.667039956000053 ], [ -74.092423652999969, 4.667124866000051 ], [ -74.092443726999988, 4.667211279000071 ], [ -74.09245812599994, 4.667298824000056 ], [ -74.092466786999978, 4.66738712700004 ], [ -74.092469673999972, 4.667475808000063 ], [ -74.092466772999956, 4.667564490000075 ], [ -74.092466363999961, 4.667568660000029 ], [ -74.092458098999941, 4.667652791000023 ], [ -74.092456076999952, 4.667667563000066 ], [ -74.092436996999936, 4.667801496000038 ], [ -74.092424606999941, 4.667874268000048 ], [ -74.092404519999945, 4.667960677000053 ], [ -74.09237884199996, 4.668045583000037 ], [ -74.092347685999982, 4.66812862200004 ], [ -74.092311182999936, 4.668209440000055 ], [ -74.092269490999968, 4.668287688000021 ], [ -74.092222786999969, 4.668363034000038 ], [ -74.092171271999973, 4.668435152000029 ], [ -74.092115165999985, 4.668503737000037 ], [ -74.092054708999967, 4.668568493000066 ], [ -74.091990160999956, 4.668629142000043 ], [ -74.091932865999979, 4.668676812000058 ], [ -74.091596888999959, 4.668941036000035 ], [ -74.091092670999956, 4.669844682000075 ], [ -74.091083785999956, 4.669860361000076 ], [ -74.091037080999968, 4.669935706000047 ], [ -74.090985565999972, 4.670007825000027 ], [ -74.090929459999984, 4.670076409000046 ], [ -74.090869002999966, 4.670141164000029 ], [ -74.090804454999954, 4.670201814000052 ], [ -74.090752022999936, 4.670244981000053 ], [ -74.09073608999995, 4.670258098000033 ], [ -74.09066420399995, 4.670309774000032 ], [ -74.090639506999935, 4.670325181000067 ], [ -74.090674545999946, 4.670381726000073 ], [ -74.090676130999952, 4.670384284000022 ], [ -74.09071781199998, 4.670462539000027 ], [ -74.090754301999937, 4.670543362000046 ], [ -74.090785445999984, 4.670626407000043 ], [ -74.090811109999947, 4.670711317000041 ], [ -74.090831183999967, 4.670797730000061 ], [ -74.090834718999986, 4.670819223000024 ], [ -74.090845581999986, 4.670885275000046 ], [ -74.090854242999967, 4.670973577000041 ], [ -74.090857129999961, 4.671062259000053 ], [ -74.090854228999945, 4.671150940000075 ], [ -74.090848414999982, 4.671210126000062 ], [ -74.090845553999941, 4.671239241000023 ], [ -74.090831141999956, 4.67132678300004 ], [ -74.090811054999961, 4.671413194000024 ], [ -74.090785376999975, 4.671498099000075 ], [ -74.090754219999951, 4.671581139000068 ], [ -74.090717716999961, 4.671661956000037 ], [ -74.090676023999947, 4.671740205000049 ], [ -74.090629318999959, 4.671815550000076 ], [ -74.090577802999974, 4.671887669000057 ], [ -74.090562675999934, 4.67190707900005 ], [ -74.090226539999946, 4.672330382000041 ], [ -74.090185559999952, 4.672379556000067 ], [ -74.090125102999934, 4.672444312000039 ], [ -74.090060553999933, 4.672504961000072 ], [ -74.089992189999975, 4.672561244000065 ], [ -74.089920302999985, 4.672612921000052 ], [ -74.089845201999935, 4.672659770000053 ], [ -74.089767207999955, 4.672701590000031 ], [ -74.08968665499998, 4.672738202000062 ], [ -74.089603886999953, 4.672769451000022 ], [ -74.089519260999964, 4.672795201000042 ], [ -74.089433135999968, 4.672815342000035 ], [ -74.089345882999964, 4.672829788000058 ], [ -74.089257875999976, 4.672838478000074 ], [ -74.089169489999961, 4.672841374000029 ], [ -74.089081103999945, 4.672838463000062 ], [ -74.089061842999968, 4.672836559000075 ], [ -74.088993097999946, 4.672829759000024 ], [ -74.088905847999968, 4.672815299000035 ], [ -74.08881972599994, 4.672795144000077 ], [ -74.088735103999966, 4.672769380000034 ], [ -74.088652340999943, 4.672738118000041 ], [ -74.08857179499995, 4.672701493000034 ], [ -74.088493806999963, 4.672659659000033 ], [ -74.088418713999943, 4.672612797000056 ], [ -74.088346835999971, 4.672561109000071 ], [ -74.08828146899998, 4.672507437000036 ], [ -74.088276310999959, 4.67250292500006 ], [ -74.088249405999989, 4.672499643000037 ], [ -74.088162155999953, 4.672485182000059 ], [ -74.088076033999982, 4.672465027000044 ], [ -74.087991411999951, 4.672439263000058 ], [ -74.087908648999985, 4.672408001000065 ], [ -74.087828101999946, 4.672371376000058 ], [ -74.087750114999949, 4.672329543000046 ], [ -74.087675021999985, 4.67228268100007 ], [ -74.087603142999967, 4.672230992000038 ], [ -74.087602491999974, 4.672230490000061 ], [ -74.086138333999941, 4.671101623000027 ], [ -74.086119106999945, 4.671086798000033 ], [ -74.085843426999986, 4.670874248000075 ], [ -74.085775723999973, 4.670818455000074 ], [ -74.085711185999969, 4.670757794000053 ], [ -74.085650738999959, 4.670693030000052 ], [ -74.085594643999968, 4.670624436000026 ], [ -74.08554314099996, 4.670552308000026 ], [ -74.085496447999958, 4.670476955000026 ], [ -74.085454767999977, 4.670398700000021 ], [ -74.085418278999953, 4.670317877000059 ], [ -74.085387135999952, 4.670234832000062 ], [ -74.085385712999937, 4.670230128000071 ], [ -74.085377884999957, 4.67020422500002 ], [ -74.085361471999988, 4.670149921000075 ], [ -74.085341398999958, 4.670063508000055 ], [ -74.085337551999942, 4.670040119000021 ], [ -74.085327000999939, 4.66997596300007 ], [ -74.085318340999947, 4.669887661000075 ], [ -74.085315454999943, 4.669798979000063 ], [ -74.085316132999935, 4.669778233000045 ], [ -74.085318355999959, 4.669710297000051 ], [ -74.085327031999952, 4.669621997000036 ], [ -74.085341443999937, 4.669534455000075 ], [ -74.085361532999968, 4.669448045000024 ], [ -74.085387210999954, 4.669363139000041 ], [ -74.085418368999967, 4.669280100000037 ], [ -74.085454871999957, 4.669199283000069 ], [ -74.085475408999969, 4.669160740000052 ], [ -74.085496565999961, 4.669121035000046 ], [ -74.085497614999952, 4.669119215000023 ], [ -74.085402105999947, 4.668893150000031 ], [ -74.085182182999972, 4.668445764000069 ], [ -74.084890142999939, 4.667851674000076 ], [ -74.084890052999981, 4.667851491000022 ], [ -74.084853563999957, 4.66777066800006 ], [ -74.084822420999956, 4.667687623000063 ], [ -74.084796756999935, 4.667602713000065 ], [ -74.084776683999962, 4.667516300000045 ], [ -74.084762287, 4.667428754000071 ], [ -74.084755141999949, 4.667355904000033 ], [ -74.084754066999949, 4.667344940000021 ], [ -74.084753626999941, 4.667340452000076 ], [ -74.084750740999937, 4.667251771000053 ], [ -74.084753510999974, 4.667167088000042 ], [ -74.084753641999953, 4.667163089000042 ], [ -74.084762317999946, 4.667074788000036 ], [ -74.084775268999977, 4.666996119000032 ], [ -74.084776729999987, 4.666987246000076 ], [ -74.084796818999962, 4.666900836000025 ], [ -74.084822496999948, 4.666815931000031 ], [ -74.084853654999961, 4.666732891000038 ], [ -74.084890157999951, 4.666652074000069 ], [ -74.084931851999954, 4.666573826000047 ], [ -74.084978556999943, 4.666498482000065 ], [ -74.08499680999995, 4.666472928000076 ], [ -74.085030071999938, 4.666426362000038 ], [ -74.085086178999973, 4.666357778000076 ], [ -74.085146635999934, 4.666293024000026 ], [ -74.085160383999948, 4.666279428000053 ], [ -74.085406538999962, 4.666039444000035 ], [ -74.08551314999994, 4.665935507000029 ], [ -74.085676440999976, 4.665622787000075 ], [ -74.086037954619101, 4.664930452587901 ], [ -74.086044994999952, 4.664916969000046 ], [ -74.086120923999943, 4.664771558000041 ], [ -74.086135771999977, 4.664744489000043 ], [ -74.086147693999976, 4.66472275600006 ], [ -74.086184254999978, 4.664663774000076 ], [ -74.086194397999975, 4.664647412000022 ], [ -74.08624591399996, 4.664575293000041 ], [ -74.086284195999951, 4.664528497000049 ], [ -74.086302019999948, 4.664506709000023 ], [ -74.086362476999966, 4.66444195400004 ], [ -74.086427024999978, 4.664381305000063 ], [ -74.086495388999936, 4.664325022000071 ], [ -74.086567274999936, 4.664273346000073 ], [ -74.086594297999966, 4.664256488000035 ], [ -74.08664237499994, 4.664226497000072 ], [ -74.086701532999939, 4.664194777000034 ], [ -74.086720368999977, 4.664184678000026 ], [ -74.086800920999963, 4.664148066000052 ], [ -74.086883687999944, 4.664116817000036 ], [ -74.086968312999943, 4.664091067000072 ], [ -74.087054436999949, 4.664070927000068 ], [ -74.087084944999958, 4.664065875000063 ], [ -74.087141687999974, 4.664056481000046 ], [ -74.087229694999962, 4.66404779100003 ], [ -74.087318079999989, 4.664044895000075 ], [ -74.087406463999969, 4.664047806000042 ], [ -74.087450201089396, 4.664052132247013 ], [ -74.087489274999939, 4.664055997000048 ], [ -74.08749112129334, 4.664056179862221 ], [ -74.087491365292948, 4.664056204028639 ], [ -74.087491677999935, 4.664056235000032 ], [ -74.087494468999978, 4.664056511000069 ], [ -74.087517914999978, 4.664060396000025 ], [ -74.087581717999967, 4.664070971000058 ], [ -74.087667838999948, 4.664091127000063 ], [ -74.087752459999933, 4.664116891000049 ], [ -74.087825693999946, 4.664144553000028 ], [ -74.087835220999978, 4.664148152000053 ], [ -74.087915767999959, 4.664184778000049 ], [ -74.087980592999941, 4.664219083000035 ], [ -74.088024519999976, 4.664243880000072 ], [ -74.088200653999934, 4.66427989500005 ], [ -74.088563572999988, 4.663225425000064 ], [ -74.088592462999941, 4.663149024000063 ], [ -74.088598916999956, 4.663134735000028 ], [ -74.088628965999987, 4.663068208000027 ], [ -74.088650811999969, 4.663027206000038 ], [ -74.088655623732436, 4.663018177037809 ], [ -74.088670658999945, 4.662989959000072 ], [ -74.088717363999933, 4.662914614000044 ], [ -74.088746881000034, 4.662873291000277 ], [ -74.08874689351633, 4.662873273477806 ], [ -74.088754243999972, 4.662862983000025 ], [ -74.088768878999986, 4.662842495000064 ], [ -74.088824983999984, 4.662773912000034 ], [ -74.088885440999945, 4.662709156000062 ], [ -74.088949988999957, 4.662648507000029 ], [ -74.088968803088733, 4.662633017466307 ], [ -74.089018351999982, 4.662592223000047 ], [ -74.089090237999983, 4.662540547000049 ], [ -74.089165337999987, 4.662493698000048 ], [ -74.089232212999946, 4.662457839000069 ], [ -74.089243330999977, 4.66245187800007 ], [ -74.089320677999979, 4.662416722000046 ], [ -74.089323882999963, 4.662415266000039 ], [ -74.08933914399995, 4.662409033000074 ], [ -74.089424923999957, 4.662374613000054 ], [ -74.089445372535479, 4.662366408180949 ], [ -74.089469904999987, 4.662356564000049 ], [ -74.089529844999959, 4.66233251400007 ], [ -74.089597349999963, 4.662307498000075 ], [ -74.089638901999933, 4.662294854000038 ], [ -74.089681975999952, 4.662281749000044 ], [ -74.089768098999969, 4.662261608000051 ], [ -74.089855350999983, 4.662247161000039 ], [ -74.089943356999981, 4.662238471000023 ], [ -74.090031740999962, 4.662235575000068 ], [ -74.090120125999988, 4.662238485000046 ], [ -74.090186742999947, 4.662244608000037 ], [ -74.09018963699998, 4.662244875000056 ], [ -74.090234075999945, 4.662250124000025 ], [ -74.090420101999939, 4.662272098000074 ], [ -74.090513813999962, 4.662283168000044 ], [ -74.090532307999979, 4.662285483000062 ], [ -74.090597657999979, 4.662295759000074 ], [ -74.090807418999987, 4.662334042000055 ], [ -74.090829317999976, 4.662338226000031 ], [ -74.090915437999968, 4.662358382000036 ], [ -74.090917776999959, 4.662359094000067 ], [ -74.091000058999953, 4.662384145000033 ], [ -74.09108281999994, 4.662415406000036 ], [ -74.091163366999979, 4.662452032000033 ], [ -74.091241352999987, 4.662493864000055 ], [ -74.091316445999951, 4.662540725000042 ], [ -74.091388322999933, 4.662592413000027 ], [ -74.091456677999986, 4.662648709000052 ], [ -74.091521215999933, 4.662709368000037 ], [ -74.091581661999953, 4.662774133000028 ], [ -74.091637756999944, 4.662842725000075 ] ] ] } },
{ "type": "Feature", "properties": { "nombre": "Humedal el Tunjo", "id": 0, "cobertura": "Pastos", "periodo": 2014, "fechaini": "2000-01-01T00:00:00", "fechafin": "2020-01-01T00:00:00", "Shape_Leng": 0.0053392334250900002, "Shape_Area": 2.0390137838199999e-07 }, "geometry": { "type": "Polygon", "coordinates": [ [ [ -74.14802730599996, 4.571924559000024 ], [ -74.148259730999939, 4.571980611000072 ], [ -74.148262311999986, 4.571981236000056 ], [ -74.148410312999943, 4.572017236000022 ], [ -74.148441715999979, 4.572025276000034 ], [ -74.148456193999948, 4.572029683000039 ], [ -74.148487391999936, 4.572039180000047 ], [ -74.148526327999946, 4.572051033000037 ], [ -74.148609080999961, 4.572082287000057 ], [ -74.14868962099996, 4.572118907000061 ], [ -74.148767600999975, 4.572160733000032 ], [ -74.148842686999956, 4.572207588000026 ], [ -74.14891455999998, 4.572259270000075 ], [ -74.148982909999972, 4.57231555900006 ], [ -74.149047444999951, 4.57237621400003 ], [ -74.149107888999936, 4.572440974000074 ], [ -74.149163981999948, 4.57250956200005 ], [ -74.149191947999952, 4.572547483000051 ], [ -74.149314947999983, 4.572720482000022 ], [ -74.149316330999966, 4.572722430000056 ], [ -74.149417291999953, 4.57286496200004 ], [ -74.149624247999952, 4.573155497000073 ], [ -74.149648485999933, 4.573190684000053 ], [ -74.149695177999945, 4.573266033000039 ], [ -74.149736859999962, 4.573344285000076 ], [ -74.149773351999954, 4.573425105000069 ], [ -74.14980449799998, 4.573508147000041 ], [ -74.149830165999958, 4.57359305500006 ], [ -74.149850244999982, 4.573679468000023 ], [ -74.149864647999948, 4.573767011000029 ], [ -74.149873314999979, 4.573855313000024 ], [ -74.149876208999956, 4.573943995000036 ], [ -74.149873315999969, 4.574032677000048 ], [ -74.149864649999984, 4.574120978000053 ], [ -74.149853095999958, 4.57419371800006 ], [ -74.149808633999953, 4.57443183700002 ], [ -74.149796176999985, 4.574500189000048 ], [ -74.149787443999969, 4.57454810400003 ], [ -74.149772160999987, 4.574631953000051 ], [ -74.149770990999968, 4.574638289000063 ], [ -74.149738047999961, 4.57481430100006 ], [ -74.149736493999967, 4.57482260300003 ], [ -74.149731540999937, 4.574849670000049 ], [ -74.149680985999964, 4.575125915000058 ], [ -74.149679909999975, 4.575131721000048 ], [ -74.149647222999988, 4.575306060000059 ], [ -74.149620530999982, 4.575450400000022 ], [ -74.149617249999949, 4.575467523000043 ], [ -74.149597171999972, 4.575553935000073 ], [ -74.149571504999983, 4.575638844000025 ], [ -74.149540358999957, 4.575721885000064 ], [ -74.149503866999964, 4.575802706000047 ], [ -74.149462185999937, 4.575880958000027 ], [ -74.149415493999982, 4.575956308000059 ], [ -74.149363991999962, 4.576028431000054 ], [ -74.14930789899995, 4.576097021000066 ], [ -74.149247454999966, 4.576161781000053 ], [ -74.149211535500939, 4.576195540932072 ], [ -74.149205952999978, 4.576200788000051 ], [ -74.149182919999987, 4.576222436000023 ], [ -74.149114568999948, 4.576278726000055 ], [ -74.149085916999979, 4.57629933000004 ], [ -74.149050563999936, 4.576324751000072 ], [ -74.14904269699997, 4.576330408000047 ], [ -74.149015848999966, 4.576347162000047 ], [ -74.148967609999943, 4.57637726300004 ], [ -74.148889629999985, 4.576419091000048 ], [ -74.14887188299997, 4.576427160000037 ], [ -74.148809089999986, 4.576455710000062 ], [ -74.14877007399997, 4.57647044600003 ], [ -74.148726336999971, 4.576486965000072 ], [ -74.148641723999958, 4.576512722000075 ], [ -74.148604217999946, 4.576522232000059 ], [ -74.148422389999951, 4.576565565000067 ], [ -74.148390216999985, 4.576573232000044 ], [ -74.148380329999952, 4.57657554900004 ], [ -74.148200617999976, 4.576616949000027 ], [ -74.148038861999964, 4.576657153000042 ], [ -74.14800730099995, 4.576664596000057 ], [ -74.147774882999954, 4.576716458000021 ], [ -74.14754542999998, 4.576771182000073 ], [ -74.147534874999963, 4.576773654000021 ], [ -74.147533353999961, 4.576774004000072 ], [ -74.147438008999984, 4.576795934000074 ], [ -74.147334874999956, 4.576819654000076 ], [ -74.147296609999955, 4.576827872000024 ], [ -74.147288809999964, 4.576829165000049 ], [ -74.147264289530895, 4.576833226513317 ], [ -74.147209369999985, 4.57684232500003 ], [ -74.147121374999983, 4.576851022000028 ], [ -74.147033000999954, 4.576853926000069 ], [ -74.146944626999982, 4.576851022000028 ], [ -74.14685663299997, 4.57684232500003 ], [ -74.146769392999943, 4.576827872000024 ], [ -74.14668328099998, 4.576807724000048 ], [ -74.146598667999967, 4.576781967000045 ], [ -74.146515913999963, 4.576750712000035 ], [ -74.146435373999964, 4.576714093000021 ], [ -74.146357393999949, 4.57667226600006 ], [ -74.146318220999945, 4.57664782300003 ], [ -74.146310450999977, 4.576655785000071 ], [ -74.146245915999941, 4.576716440000041 ], [ -74.146177564999959, 4.576772730000073 ], [ -74.146105691999935, 4.576824412000065 ], [ -74.146030604999964, 4.576871267000058 ], [ -74.14595262499995, 4.57691309300003 ], [ -74.145872084999951, 4.576949713000033 ], [ -74.145789331999936, 4.576980968000044 ], [ -74.145704717999934, 4.577006724000057 ], [ -74.145653240999934, 4.577019485000051 ], [ -74.145408457999963, 4.57707507300006 ], [ -74.145183456999973, 4.577128414000072 ], [ -74.144991248999986, 4.577174224000032 ], [ -74.144942604999983, 4.577184873000022 ], [ -74.144855364999955, 4.577199326000027 ], [ -74.144767369999954, 4.577208022000036 ], [ -74.144715314999985, 4.577209732000028 ], [ -74.144678995999982, 4.577210925000031 ], [ -74.144627610999976, 4.57720994500005 ], [ -74.144624357999987, 4.577217895000047 ], [ -74.144587865999938, 4.57729871500004 ], [ -74.144546183999978, 4.577376967000021 ], [ -74.144539817999942, 4.577387914000042 ], [ -74.144452817999934, 4.577535914000066 ], [ -74.144449921999978, 4.577540816000067 ], [ -74.144377378999934, 4.577663047000044 ], [ -74.144277834999968, 4.57783127700003 ], [ -74.144276697999942, 4.577833195000039 ], [ -74.144178697999962, 4.577998195000021 ], [ -74.14414149199996, 4.578057317000059 ], [ -74.144089988999951, 4.578129440000055 ], [ -74.14403389499995, 4.578198029000021 ], [ -74.143973449999976, 4.578262788000075 ], [ -74.14390891499994, 4.578323443000045 ], [ -74.14387951599997, 4.578348577000042 ], [ -74.143761515999984, 4.578446577000022 ], [ -74.14376032399997, 4.578447567000069 ], [ -74.143655323999951, 4.578534568000066 ], [ -74.143617563999953, 4.578564732000075 ], [ -74.143545689999939, 4.578616414000066 ], [ -74.143470602999969, 4.57866326900006 ], [ -74.143392621999965, 4.578705096000022 ], [ -74.14335104099996, 4.578724002000058 ], [ -74.143312081999966, 4.578741715000035 ], [ -74.143239262999941, 4.578769217000058 ], [ -74.143229327999961, 4.578772969000056 ], [ -74.143157905999942, 4.57879510600003 ], [ -74.143055017999984, 4.578823894000038 ], [ -74.142968985999971, 4.578847965000023 ], [ -74.142809058999944, 4.578893798000024 ], [ -74.142787713999951, 4.578899726000031 ], [ -74.142701601999988, 4.578919874000064 ], [ -74.142614361999961, 4.578934326000024 ], [ -74.142526366999959, 4.578943023000022 ], [ -74.142437991999941, 4.578945926000074 ], [ -74.142393431999949, 4.578945188000034 ], [ -74.142244775999984, 4.578940265000028 ], [ -74.142112120999968, 4.578936335000037 ], [ -74.14210653799995, 4.578936157000044 ], [ -74.14209373999995, 4.578935725000065 ], [ -74.141958536999937, 4.578931158000046 ], [ -74.141915616999938, 4.578929021000022 ], [ -74.141841015999944, 4.578921648000062 ], [ -74.141827621999937, 4.578920324000023 ], [ -74.141743326999972, 4.57890635800004 ], [ -74.141743326967912, 4.578906357924911 ], [ -74.141740381999966, 4.578905870000028 ], [ -74.141654269999947, 4.578885721000063 ], [ -74.141569656999934, 4.57885996400006 ], [ -74.141527778999944, 4.578844147000041 ], [ -74.141486902999986, 4.57882870800006 ], [ -74.141406363999977, 4.578792089000046 ], [ -74.141401395999935, 4.57878961800003 ], [ -74.141153396999982, 4.578665618000059 ], [ -74.141080382999974, 4.578626261000068 ], [ -74.141005296999936, 4.578579405000028 ], [ -74.140933423999968, 4.578527722000047 ], [ -74.140865073999976, 4.578471433000061 ], [ -74.140802213999962, 4.578412455000034 ], [ -74.140708213999972, 4.578318456000034 ], [ -74.140706537999961, 4.578316777000055 ], [ -74.140704655999969, 4.578314884000065 ], [ -74.140570864999972, 4.57818009500005 ], [ -74.140420639999945, 4.578028881000023 ], [ -74.140294210999969, 4.577902451000057 ], [ -74.140292538999972, 4.577900776000035 ], [ -74.140290214999936, 4.577898439000023 ], [ -74.140171213999963, 4.577778439000042 ], [ -74.140113093999958, 4.577716015000021 ], [ -74.140057001999935, 4.577647426000055 ], [ -74.140005498999983, 4.577575302000071 ], [ -74.139958806999971, 4.577499953000029 ], [ -74.139917126999933, 4.577421700000059 ], [ -74.13988692199996, 4.577355856000054 ], [ -74.139832400999978, 4.577228121000076 ], [ -74.139724484999988, 4.577101897000034 ], [ -74.139679752999939, 4.577046590000066 ], [ -74.139678001999982, 4.577044425000054 ], [ -74.139637652999966, 4.576987921000068 ], [ -74.139626499999963, 4.576972302000058 ], [ -74.139613518999965, 4.576951354000073 ], [ -74.139579807999951, 4.576896952000027 ], [ -74.13955365299995, 4.576849308000021 ], [ -74.139429652999979, 4.576612309000041 ], [ -74.139414127999942, 4.57658169900003 ], [ -74.139377636999939, 4.576500879000037 ], [ -74.139346490999969, 4.576417836000076 ], [ -74.13932082499997, 4.576332928000056 ], [ -74.139312270999937, 4.576299162000055 ], [ -74.139236271999948, 4.575982162000059 ], [ -74.139224747999947, 4.575929515000041 ], [ -74.13921034599997, 4.575841972000035 ], [ -74.139201680999975, 4.57575367000004 ], [ -74.139198787999987, 4.575664988000028 ], [ -74.139200882999944, 4.575589530000059 ], [ -74.139208882999981, 4.575445529000035 ], [ -74.139209200999971, 4.575440001000061 ], [ -74.139222201999985, 4.575222001000043 ], [ -74.139222682999957, 4.575214306000021 ], [ -74.139231350999978, 4.575126004000026 ], [ -74.139245754999934, 4.575038461000076 ], [ -74.139265832999968, 4.574952048000057 ], [ -74.139291501999935, 4.574867141000027 ], [ -74.139306844999965, 4.574824174000071 ], [ -74.139347843999985, 4.574715175000051 ], [ -74.139348406999943, 4.574713683000027 ], [ -74.13940540699997, 4.574562682000021 ], [ -74.139420648999987, 4.57452409900003 ], [ -74.13945714099998, 4.574443278000047 ], [ -74.139485216999958, 4.574390569000059 ], [ -74.13949882299994, 4.574365027000056 ], [ -74.139545515999941, 4.574289678000071 ], [ -74.139552298999945, 4.574280178000038 ], [ -74.139580499651004, 4.574240688941604 ], [ -74.139588853999953, 4.574228990000051 ], [ -74.13959701999994, 4.574217555000075 ], [ -74.139653113999941, 4.574148966000052 ], [ -74.139713557999983, 4.574084207000055 ], [ -74.139762737999945, 4.574037275000023 ], [ -74.13992473899998, 4.573890275000053 ], [ -74.139925518999974, 4.573889568000027 ], [ -74.140042445999939, 4.573783634000051 ], [ -74.140229570999963, 4.573614052000039 ], [ -74.140229805999979, 4.573599090000073 ], [ -74.140228791999959, 4.573567989000026 ], [ -74.140231685999936, 4.57347930800006 ], [ -74.140238915999987, 4.573405638000054 ], [ -74.140215134999949, 4.57338706500002 ], [ -74.140154078999956, 4.573336432000076 ], [ -74.140092622999987, 4.573278670000036 ], [ -74.140089544999967, 4.573275777000049 ], [ -74.140029101999971, 4.573211016000073 ], [ -74.139973008999959, 4.57314242700005 ], [ -74.13992150699994, 4.573070302000076 ], [ -74.139874814999985, 4.572994953000034 ], [ -74.139869684999951, 4.572985958000061 ], [ -74.139791684999977, 4.572847957000022 ], [ -74.139787227999989, 4.572840008000071 ], [ -74.13978222999998, 4.572831026000074 ], [ -74.139714586999958, 4.572709451000037 ], [ -74.139615955999943, 4.572533888000066 ], [ -74.139581134999958, 4.572467700000061 ], [ -74.139544643999955, 4.572386879000021 ], [ -74.139513498999975, 4.572303837000049 ], [ -74.139487831999986, 4.572218928000041 ], [ -74.139467754999941, 4.572132516000067 ], [ -74.139453352999965, 4.572044971000025 ], [ -74.13944468699998, 4.571956669000031 ], [ -74.139441793999936, 4.571867988000065 ], [ -74.139441808999948, 4.571861781000052 ], [ -74.139442505999966, 4.571709259000045 ], [ -74.139354758999957, 4.571636135000062 ], [ -74.139327079999987, 4.571612431000062 ], [ -74.139262545999941, 4.571551775000046 ], [ -74.139237053999977, 4.57152446300006 ], [ -74.139202102999946, 4.571487015000059 ], [ -74.139146009999934, 4.571418425000047 ], [ -74.13909450899996, 4.571346301000062 ], [ -74.139047816999948, 4.571270951000031 ], [ -74.139006136999967, 4.571192699000051 ], [ -74.138969645999964, 4.571111878000067 ], [ -74.138938500999984, 4.571028836000039 ], [ -74.138912833999939, 4.57094392700003 ], [ -74.138892756999951, 4.570857515000057 ], [ -74.138878354999974, 4.570769970000072 ], [ -74.138869689999979, 4.570681669000066 ], [ -74.138866796999935, 4.570592987000055 ], [ -74.138869691999957, 4.570504305000043 ], [ -74.138878358999989, 4.570416004000037 ], [ -74.138892762999944, 4.570328459000052 ], [ -74.138912841999968, 4.570242048000068 ], [ -74.138938509999946, 4.570157140000049 ], [ -74.138969656999961, 4.570074098000021 ], [ -74.139006149999943, 4.569993278000027 ], [ -74.139047830999971, 4.569915026000047 ], [ -74.139094523999972, 4.569839678000051 ], [ -74.139146026999981, 4.569767555000055 ], [ -74.139202120999983, 4.569698966000033 ], [ -74.139262564999967, 4.569634207000036 ], [ -74.139327099999946, 4.569573552000065 ], [ -74.139395450999984, 4.569517264000069 ], [ -74.139467322999963, 4.569465583000067 ], [ -74.139542409999933, 4.569418728000073 ], [ -74.139620389999948, 4.569376902000045 ], [ -74.139700928999957, 4.56934028400002 ], [ -74.139783681999972, 4.569309029000067 ], [ -74.139868294999985, 4.569283273000053 ], [ -74.139954405999958, 4.569263126000067 ], [ -74.139972186999955, 4.569259701000021 ], [ -74.140137666999976, 4.569228978000069 ], [ -74.140156493999939, 4.569223330000057 ], [ -74.140287981999961, 4.569183885000029 ], [ -74.140325293999979, 4.569173273000047 ], [ -74.140356690999965, 4.56916523600006 ], [ -74.140578689999984, 4.569111236000026 ], [ -74.140583782999954, 4.569110008000052 ], [ -74.140810112999986, 4.569055886000058 ], [ -74.141059447999965, 4.568994783000051 ], [ -74.141067109999938, 4.568992929000046 ], [ -74.14131139899996, 4.56893457700005 ], [ -74.141572996999969, 4.568870944000025 ], [ -74.141604690999941, 4.568863235000038 ], [ -74.141606712999987, 4.568862745000047 ], [ -74.141646038999966, 4.568853243000035 ], [ -74.141758464999953, 4.568826080000065 ], [ -74.141904712999974, 4.568790746000047 ], [ -74.141957401999946, 4.568779127000028 ], [ -74.142044640999984, 4.568764674000022 ], [ -74.142132634999939, 4.568755977000023 ], [ -74.142221007999979, 4.568753074000028 ], [ -74.142309380999961, 4.56875597800007 ], [ -74.142397374999973, 4.568764676000058 ], [ -74.142484612999965, 4.568779130000053 ], [ -74.142570723999938, 4.568799279000075 ], [ -74.142655335999962, 4.568825036000021 ], [ -74.142738088999977, 4.568856292000021 ], [ -74.14281862699994, 4.568892911000034 ], [ -74.142896606999955, 4.568934738000053 ], [ -74.142971692999936, 4.568981594000036 ], [ -74.143043564999971, 4.569033277000074 ], [ -74.143111913999974, 4.569089566000059 ], [ -74.143176447999963, 4.569150222000076 ], [ -74.143236891999948, 4.569214981000073 ], [ -74.14329298399997, 4.569283571000028 ], [ -74.143344486, 4.56935569500007 ], [ -74.143391177999945, 4.569431044000055 ], [ -74.143432857999983, 4.569509296000035 ], [ -74.143469349999975, 4.569590117000075 ], [ -74.143500494999955, 4.569673159000047 ], [ -74.143526161999944, 4.569758068000056 ], [ -74.143546239999978, 4.569844479000039 ], [ -74.143548574999954, 4.569856544000061 ], [ -74.14364896099994, 4.569950753000057 ], [ -74.143831993999981, 4.570121848000042 ], [ -74.143835214999967, 4.57012486900004 ], [ -74.144053790999976, 4.570330530000035 ], [ -74.144256100999939, 4.570519787000023 ], [ -74.144462509999983, 4.570702741000048 ], [ -74.144523448999962, 4.570760219000022 ], [ -74.144583891999957, 4.570824979000065 ], [ -74.144620128999975, 4.570869289000029 ], [ -74.144639984999969, 4.57089356900002 ], [ -74.144691486999989, 4.570965692000073 ], [ -74.144738178999944, 4.571041041000058 ], [ -74.144758237999952, 4.571078699000054 ], [ -74.144772131999957, 4.571104784000056 ], [ -74.144779859999971, 4.571119293000038 ], [ -74.144816350999974, 4.571200114000021 ], [ -74.14484719099994, 4.571282340000039 ], [ -74.144895305999967, 4.571274368000047 ], [ -74.144923635999987, 4.571269675000053 ], [ -74.145011629999942, 4.571260978000055 ], [ -74.145100002999982, 4.57125807500006 ], [ -74.145188375999965, 4.571260979000044 ], [ -74.145276369999976, 4.571269676000043 ], [ -74.145363609999947, 4.571284129000048 ], [ -74.145416359999956, 4.571295763000023 ], [ -74.145536358999948, 4.571324762000074 ], [ -74.145544256999983, 4.571326696000028 ], [ -74.145673009999939, 4.57135863600007 ], [ -74.145886762999965, 4.571411574000024 ], [ -74.145912719999956, 4.571418277000021 ], [ -74.145997331999979, 4.571444034000024 ], [ -74.146080084999937, 4.571475289000034 ], [ -74.146160623999947, 4.571511909000037 ], [ -74.146238603999961, 4.571553735000066 ], [ -74.146313690999989, 4.57160059000006 ], [ -74.146365992999961, 4.571637484000064 ], [ -74.146473841999978, 4.571717454000066 ], [ -74.146616694999977, 4.571732030000021 ], [ -74.146624052999982, 4.571732802000042 ], [ -74.146879979999937, 4.571760338000047 ], [ -74.146907297953078, 4.571763277819315 ], [ -74.146940051999934, 4.57176680200007 ], [ -74.146945449999976, 4.571767394000062 ], [ -74.147137123999983, 4.571788799000046 ], [ -74.147324793999985, 4.571808247000035 ], [ -74.147329915999933, 4.571808788000055 ], [ -74.147636914999964, 4.571841788000029 ], [ -74.147669364999956, 4.57184567500002 ], [ -74.147756604999984, 4.571860128000026 ], [ -74.147792772999935, 4.571868126000027 ], [ -74.147801917036745, 4.571870148214587 ], [ -74.147804606999955, 4.571870743000034 ], [ -74.147810823999976, 4.571872118000044 ], [ -74.147840715999962, 4.571879377000073 ], [ -74.147858867825505, 4.571883785202644 ], [ -74.147878488999936, 4.57188855000004 ], [ -74.147949777999941, 4.57190586300004 ], [ -74.14802730599996, 4.571924559000024 ] ] ] } }
]
}
